{
    "value0": {
        "rotation": {
            "w": 0.6052796757502125,
            "x": -0.10347827009526452,
            "y": -0.5500782716141913,
            "z": -0.5659882126332255
        },
        "translation": {
            "x": 0.4716020541463365,
            "y": -0.5205234359343244,
            "z": 0.480911688756012
        }
    }
}