{
    "value0": {
        "rotation": {
            "w": 0.8113441930020105,
            "x": -0.011992187179426787,
            "y": 0.4638065817626536,
            "z": 0.3556124894350767
        },
        "translation": {
            "x": -0.4773660066101892,
            "y": -0.2749225548269901,
            "z": 0.400719630269644
        }
    }
}