{
    "transforms": [
        {
            "header": {
                "seq": 0,
                "stamp": {
                    "secs": 1687318005,
                    "nsecs": 715184906
                },
                "frame_id": "ra_base"
            },
            "child_frame_id": "ra_tool0_controller",
            "transform": {
                "translation": {
                    "x": -0.6760705869344878,
                    "y": -0.0915411374993786,
                    "z": 0.6376358689059198
                },
                "rotation": {
                    "x": -0.5028182268936254,
                    "y": -0.5053140140086908,
                    "z": 0.4962466760937677,
                    "w": 0.4955510210017355
                }
            }
        }
    ]
}