{
    "transforms": [
        {
            "header": {
                "seq": 0,
                "stamp": {
                    "secs": 1687318004,
                    "nsecs": 283579978
                },
                "frame_id": "ra_base"
            },
            "child_frame_id": "ra_tool0_controller",
            "transform": {
                "translation": {
                    "x": -0.6760785984702412,
                    "y": -0.09154092258528386,
                    "z": 0.6376459467461123
                },
                "rotation": {
                    "x": -0.5028026740569427,
                    "y": -0.5053160883908308,
                    "z": 0.49624897641733073,
                    "w": 0.4955623827323152
                }
            }
        }
    ]
}