{
    "transforms": [
        {
            "header": {
                "seq": 0,
                "stamp": {
                    "secs": 1687318003,
                    "nsecs": 297579978
                },
                "frame_id": "ra_base"
            },
            "child_frame_id": "ra_tool0_controller",
            "transform": {
                "translation": {
                    "x": -0.6760630352666539,
                    "y": -0.0915353620770667,
                    "z": 0.6376318617189948
                },
                "rotation": {
                    "x": -0.5028169295770256,
                    "y": -0.5053230785019224,
                    "z": 0.4962438731826803,
                    "w": 0.495545900994776
                }
            }
        }
    ]
}