{
    "transforms": [
        {
            "header": {
                "seq": 0,
                "stamp": {
                    "secs": 1687317999,
                    "nsecs": 295579978
                },
                "frame_id": "ra_base"
            },
            "child_frame_id": "ra_tool0_controller",
            "transform": {
                "translation": {
                    "x": -0.6760725623214956,
                    "y": -0.09154323788998527,
                    "z": 0.6376240937001565
                },
                "rotation": {
                    "x": -0.502814459516862,
                    "y": -0.5053248895754874,
                    "z": 0.4962461589849966,
                    "w": 0.4955442714520316
                }
            }
        }
    ]
}