{
    "transforms": [
        {
            "header": {
                "seq": 0,
                "stamp": {
                    "secs": 1687318014,
                    "nsecs": 141184906
                },
                "frame_id": "ra_base"
            },
            "child_frame_id": "ra_tool0_controller",
            "transform": {
                "translation": {
                    "x": -0.6728351126441344,
                    "y": -0.7294005336889997,
                    "z": 0.6299636455417668
                },
                "rotation": {
                    "x": -0.49074022678954476,
                    "y": -0.5021528025755104,
                    "z": 0.5050220051970514,
                    "w": 0.5019655037379124
                }
            }
        }
    ]
}