{
    "transforms": [
        {
            "header": {
                "seq": 0,
                "stamp": {
                    "secs": 1687317998,
                    "nsecs": 735804044
                },
                "frame_id": "polhemus_base_0"
            },
            "child_frame_id": "rh_user_forearm",
            "transform": {
                "translation": {
                    "x": -0.188436821103096,
                    "y": 0.05361384153366089,
                    "z": 0.009733658283948898
                },
                "rotation": {
                    "x": -0.27562665446608187,
                    "y": -0.3050667024797741,
                    "z": 0.0778352390439949,
                    "w": 0.9082433208941952
                }
            }
        }
    ]
}