{
    "transforms": [
        {
            "header": {
                "seq": 0,
                "stamp": {
                    "secs": 1687318020,
                    "nsecs": 645184906
                },
                "frame_id": "ra_base"
            },
            "child_frame_id": "ra_tool0_controller",
            "transform": {
                "translation": {
                    "x": -0.6728492209071442,
                    "y": -0.7293766033910852,
                    "z": 0.6299353581300661
                },
                "rotation": {
                    "x": -0.49074402454931726,
                    "y": -0.5021624887913047,
                    "z": 0.5049969987417389,
                    "w": 0.5019772589290258
                }
            }
        }
    ]
}