{
    "transforms": [
        {
            "header": {
                "seq": 0,
                "stamp": {
                    "secs": 1687318017,
                    "nsecs": 867184906
                },
                "frame_id": "ra_base"
            },
            "child_frame_id": "ra_tool0_controller",
            "transform": {
                "translation": {
                    "x": -0.6728393941436535,
                    "y": -0.7293863408530565,
                    "z": 0.6299299241292249
                },
                "rotation": {
                    "x": -0.49073142626721494,
                    "y": -0.502180542874095,
                    "z": 0.5049964233192505,
                    "w": 0.5019720929167163
                }
            }
        }
    ]
}