{
    "transforms": [
        {
            "header": {
                "seq": 0,
                "stamp": {
                    "secs": 1687318012,
                    "nsecs": 527184906
                },
                "frame_id": "ra_base"
            },
            "child_frame_id": "ra_tool0_controller",
            "transform": {
                "translation": {
                    "x": -0.6728373450223288,
                    "y": -0.7293359495184468,
                    "z": 0.6299797927680615
                },
                "rotation": {
                    "x": -0.49075399567890654,
                    "y": -0.5021480713448284,
                    "z": 0.5049871047664519,
                    "w": 0.5019918865773165
                }
            }
        }
    ]
}