{
    "transforms": [
        {
            "header": {
                "seq": 0,
                "stamp": {
                    "secs": 1687318020,
                    "nsecs": 147184906
                },
                "frame_id": "ra_base"
            },
            "child_frame_id": "ra_tool0_controller",
            "transform": {
                "translation": {
                    "x": -0.6728111165830352,
                    "y": -0.7294206565306708,
                    "z": 0.6299566677192197
                },
                "rotation": {
                    "x": -0.49072697883973754,
                    "y": -0.5021556781632136,
                    "z": 0.5050362122520363,
                    "w": 0.5019612848033034
                }
            }
        }
    ]
}