{
    "transforms": [
        {
            "header": {
                "seq": 0,
                "stamp": {
                    "secs": 1687318013,
                    "nsecs": 705184906
                },
                "frame_id": "ra_base"
            },
            "child_frame_id": "ra_tool0_controller",
            "transform": {
                "translation": {
                    "x": -0.6728360183278783,
                    "y": -0.7294032866077824,
                    "z": 0.6299432006665363
                },
                "rotation": {
                    "x": -0.49073257485571276,
                    "y": -0.5021618342063415,
                    "z": 0.5050209426611107,
                    "w": 0.5019650184183039
                }
            }
        }
    ]
}