{
    "transforms": [
        {
            "header": {
                "seq": 0,
                "stamp": {
                    "secs": 1687318013,
                    "nsecs": 849184906
                },
                "frame_id": "ra_base"
            },
            "child_frame_id": "ra_tool0_controller",
            "transform": {
                "translation": {
                    "x": -0.6728457641595862,
                    "y": -0.7294059215538524,
                    "z": 0.6298970400868078
                },
                "rotation": {
                    "x": -0.4907498037327153,
                    "y": -0.502174438000108,
                    "z": 0.5050010539816571,
                    "w": 0.501955575158791
                }
            }
        }
    ]
}