{
    "transforms": [
        {
            "header": {
                "seq": 0,
                "stamp": {
                    "secs": 1687318002,
                    "nsecs": 691579978
                },
                "frame_id": "ra_base"
            },
            "child_frame_id": "ra_tool0_controller",
            "transform": {
                "translation": {
                    "x": -0.676085376293418,
                    "y": -0.09155002918648582,
                    "z": 0.6376340611372375
                },
                "rotation": {
                    "x": -0.5027971737058186,
                    "y": -0.5053255249511853,
                    "z": 0.4962472224028705,
                    "w": 0.49556009746920304
                }
            }
        }
    ]
}