{
    "transforms": [
        {
            "header": {
                "seq": 0,
                "stamp": {
                    "secs": 1687318019,
                    "nsecs": 988822091
                },
                "frame_id": "polhemus_base_0"
            },
            "child_frame_id": "polhemus_station_0",
            "transform": {
                "translation": {
                    "x": 0.04553984850645065,
                    "y": -0.07035490870475769,
                    "z": 0.14141708612442017
                },
                "rotation": {
                    "x": -0.2440008521080017,
                    "y": -0.5855523347854614,
                    "z": -0.14819452166557312,
                    "w": 0.7587031126022339
                }
            }
        },
        {
            "header": {
                "seq": 0,
                "stamp": {
                    "secs": 1687318019,
                    "nsecs": 988822091
                },
                "frame_id": "polhemus_base_0"
            },
            "child_frame_id": "polhemus_station_1",
            "transform": {
                "translation": {
                    "x": 0.13559585809707642,
                    "y": -0.024040576070547104,
                    "z": 0.05079596862196922
                },
                "rotation": {
                    "x": 0.08821245282888412,
                    "y": -0.28567183017730713,
                    "z": 0.10295410454273224,
                    "w": 0.9486888647079468
                }
            }
        },
        {
            "header": {
                "seq": 0,
                "stamp": {
                    "secs": 1687318019,
                    "nsecs": 988822091
                },
                "frame_id": "polhemus_base_0"
            },
            "child_frame_id": "polhemus_station_2",
            "transform": {
                "translation": {
                    "x": 0.1440632939338684,
                    "y": -0.013336632400751114,
                    "z": 0.0614660419523716
                },
                "rotation": {
                    "x": 0.03048744425177574,
                    "y": -0.4129699766635895,
                    "z": -0.13926130533218384,
                    "w": 0.8995181322097778
                }
            }
        },
        {
            "header": {
                "seq": 0,
                "stamp": {
                    "secs": 1687318019,
                    "nsecs": 988822091
                },
                "frame_id": "polhemus_base_0"
            },
            "child_frame_id": "polhemus_station_3",
            "transform": {
                "translation": {
                    "x": 0.1233057826757431,
                    "y": 0.044485751539468765,
                    "z": 0.04046482592821121
                },
                "rotation": {
                    "x": -0.22070348262786865,
                    "y": -0.3458024859428406,
                    "z": -0.09637302905321121,
                    "w": 0.9068751335144043
                }
            }
        },
        {
            "header": {
                "seq": 0,
                "stamp": {
                    "secs": 1687318019,
                    "nsecs": 988822091
                },
                "frame_id": "polhemus_base_0"
            },
            "child_frame_id": "polhemus_station_4",
            "transform": {
                "translation": {
                    "x": 0.13813439011573792,
                    "y": 0.06147972494363785,
                    "z": 0.04549253359436989
                },
                "rotation": {
                    "x": 0.4195120632648468,
                    "y": 0.24550607800483704,
                    "z": 0.21946237981319427,
                    "w": -0.8459152579307556
                }
            }
        },
        {
            "header": {
                "seq": 0,
                "stamp": {
                    "secs": 1687318019,
                    "nsecs": 988822091
                },
                "frame_id": "polhemus_base_0"
            },
            "child_frame_id": "polhemus_station_5",
            "transform": {
                "translation": {
                    "x": 0.18831418454647064,
                    "y": 0.0520712286233902,
                    "z": 0.009373697452247143
                },
                "rotation": {
                    "x": 0.28239503502845764,
                    "y": -0.3055661916732788,
                    "z": 0.08618968725204468,
                    "w": -0.9052368402481079
                }
            }
        }
    ]
}