{
    "transforms": [
        {
            "header": {
                "seq": 0,
                "stamp": {
                    "secs": 1687318019,
                    "nsecs": 691184906
                },
                "frame_id": "ra_base"
            },
            "child_frame_id": "ra_tool0_controller",
            "transform": {
                "translation": {
                    "x": -0.6728344281534937,
                    "y": -0.7293843566803224,
                    "z": 0.6299691358794969
                },
                "rotation": {
                    "x": -0.4907393838369164,
                    "y": -0.502149428268756,
                    "z": 0.5050193284375245,
                    "w": 0.5019723963976872
                }
            }
        }
    ]
}