{
    "transforms": [
        {
            "header": {
                "seq": 0,
                "stamp": {
                    "secs": 1687318016,
                    "nsecs": 55184906
                },
                "frame_id": "ra_base"
            },
            "child_frame_id": "ra_tool0_controller",
            "transform": {
                "translation": {
                    "x": -0.6728317450800827,
                    "y": -0.7293993943438298,
                    "z": 0.6299430544045643
                },
                "rotation": {
                    "x": -0.49073438028004657,
                    "y": -0.5021600696514803,
                    "z": 0.5050227279432639,
                    "w": 0.5019632224770291
                }
            }
        }
    ]
}