{
    "transforms": [
        {
            "header": {
                "seq": 0,
                "stamp": {
                    "secs": 1687318021,
                    "nsecs": 52469144
                },
                "frame_id": "polhemus_base_0"
            },
            "child_frame_id": "rh_user_forearm",
            "transform": {
                "translation": {
                    "x": -0.18832053244113922,
                    "y": 0.0520094558596611,
                    "z": 0.009274777956306934
                },
                "rotation": {
                    "x": -0.2830555125087228,
                    "y": -0.30610507554884936,
                    "z": 0.08620899867315203,
                    "w": 0.9048465439561727
                }
            }
        }
    ]
}