{
    "transforms": [
        {
            "header": {
                "seq": 0,
                "stamp": {
                    "secs": 1687318009,
                    "nsecs": 913184906
                },
                "frame_id": "ra_base"
            },
            "child_frame_id": "ra_tool0_controller",
            "transform": {
                "translation": {
                    "x": -0.7653989112845764,
                    "y": -0.38118779193039054,
                    "z": 0.6615174143529929
                },
                "rotation": {
                    "x": -0.4944778363734419,
                    "y": -0.504858380183801,
                    "z": 0.4995688537896523,
                    "w": 0.5010395649216948
                }
            }
        }
    ]
}