{
    "transforms": [
        {
            "header": {
                "seq": 0,
                "stamp": {
                    "secs": 1687318001,
                    "nsecs": 671579978
                },
                "frame_id": "ra_base"
            },
            "child_frame_id": "ra_tool0_controller",
            "transform": {
                "translation": {
                    "x": -0.6760723790999907,
                    "y": -0.09155117822011645,
                    "z": 0.6376385748828141
                },
                "rotation": {
                    "x": -0.5028102169951438,
                    "y": -0.5053201345386114,
                    "z": 0.4962569160222076,
                    "w": 0.49554265267008424
                }
            }
        }
    ]
}