{
    "transforms": [
        {
            "header": {
                "seq": 0,
                "stamp": {
                    "secs": 1687318006,
                    "nsecs": 277184906
                },
                "frame_id": "ra_base"
            },
            "child_frame_id": "ra_tool0_controller",
            "transform": {
                "translation": {
                    "x": -0.6760706369150156,
                    "y": -0.091554890217894,
                    "z": 0.6376392858488723
                },
                "rotation": {
                    "x": -0.5027985646921507,
                    "y": -0.5053281804616941,
                    "z": 0.4962560174745712,
                    "w": 0.4955471708072449
                }
            }
        }
    ]
}