{
    "transforms": [
        {
            "header": {
                "seq": 0,
                "stamp": {
                    "secs": 1687318027,
                    "nsecs": 427478927
                },
                "frame_id": "polhemus_base_0"
            },
            "child_frame_id": "rh_user_forearm",
            "transform": {
                "translation": {
                    "x": -0.188308984041214,
                    "y": 0.05186503008008003,
                    "z": 0.00921652652323246
                },
                "rotation": {
                    "x": -0.28421099754535,
                    "y": -0.3060168813501409,
                    "z": 0.08719067815669522,
                    "w": 0.904420014620191
                }
            }
        }
    ]
}