{
    "transforms": [
        {
            "header": {
                "seq": 0,
                "stamp": {
                    "secs": 1687318015,
                    "nsecs": 267184906
                },
                "frame_id": "ra_base"
            },
            "child_frame_id": "ra_tool0_controller",
            "transform": {
                "translation": {
                    "x": -0.6728438119479037,
                    "y": -0.7293902794469159,
                    "z": 0.6299185785921149
                },
                "rotation": {
                    "x": -0.49073642481926893,
                    "y": -0.5021783534733439,
                    "z": 0.5049987730995568,
                    "w": 0.5019670326090607
                }
            }
        }
    ]
}