{
    "transforms": [
        {
            "header": {
                "seq": 0,
                "stamp": {
                    "secs": 1687318018,
                    "nsecs": 347184906
                },
                "frame_id": "ra_base"
            },
            "child_frame_id": "ra_tool0_controller",
            "transform": {
                "translation": {
                    "x": -0.6728437502887566,
                    "y": -0.7293883535085017,
                    "z": 0.6299135462989721
                },
                "rotation": {
                    "x": -0.49073882962434895,
                    "y": -0.502177774534108,
                    "z": 0.5049914147390113,
                    "w": 0.5019726635014967
                }
            }
        }
    ]
}