{
    "transforms": [
        {
            "header": {
                "seq": 0,
                "stamp": {
                    "secs": 1687318001,
                    "nsecs": 431579978
                },
                "frame_id": "ra_base"
            },
            "child_frame_id": "ra_tool0_controller",
            "transform": {
                "translation": {
                    "x": -0.6760687479016394,
                    "y": -0.09155068852496878,
                    "z": 0.637654200025658
                },
                "rotation": {
                    "x": -0.5027958491806311,
                    "y": -0.5053229988006415,
                    "z": 0.49624980109049377,
                    "w": 0.4955614349881358
                }
            }
        }
    ]
}