{
    "transforms": [
        {
            "header": {
                "seq": 0,
                "stamp": {
                    "secs": 1687318015,
                    "nsecs": 837184906
                },
                "frame_id": "ra_base"
            },
            "child_frame_id": "ra_tool0_controller",
            "transform": {
                "translation": {
                    "x": -0.6728417134808106,
                    "y": -0.7293857538457452,
                    "z": 0.6299600426074582
                },
                "rotation": {
                    "x": -0.4907402518077246,
                    "y": -0.5021547673138282,
                    "z": 0.5050107089542818,
                    "w": 0.5019748786156332
                }
            }
        }
    ]
}