{
    "transforms": [
        {
            "header": {
                "seq": 0,
                "stamp": {
                    "secs": 1687318017,
                    "nsecs": 337184906
                },
                "frame_id": "ra_base"
            },
            "child_frame_id": "ra_tool0_controller",
            "transform": {
                "translation": {
                    "x": -0.6728310639030598,
                    "y": -0.7293875151525093,
                    "z": 0.6299751355900703
                },
                "rotation": {
                    "x": -0.49073694231072695,
                    "y": -0.5021489864959491,
                    "z": 0.5050294363054523,
                    "w": 0.501965055833179
                }
            }
        }
    ]
}