{
    "transforms": [
        {
            "header": {
                "seq": 0,
                "stamp": {
                    "secs": 1687318004,
                    "nsecs": 719579978
                },
                "frame_id": "ra_base"
            },
            "child_frame_id": "ra_tool0_controller",
            "transform": {
                "translation": {
                    "x": -0.6760733341779015,
                    "y": -0.09155407735329484,
                    "z": 0.6376302399508019
                },
                "rotation": {
                    "x": -0.5028091595528544,
                    "y": -0.5053223572647281,
                    "z": 0.49625993834810633,
                    "w": 0.49553843232276584
                }
            }
        }
    ]
}