{
    "transforms": [
        {
            "header": {
                "seq": 0,
                "stamp": {
                    "secs": 1687318027,
                    "nsecs": 367184906
                },
                "frame_id": "ra_base"
            },
            "child_frame_id": "ra_tool0_controller",
            "transform": {
                "translation": {
                    "x": -0.6728331023896025,
                    "y": -0.7294034608865336,
                    "z": 0.6299358146675853
                },
                "rotation": {
                    "x": -0.49074679188191617,
                    "y": -0.5021566039348643,
                    "z": 0.5050203010553269,
                    "w": 0.5019569970666793
                }
            }
        }
    ]
}