{
    "transforms": [
        {
            "header": {
                "seq": 0,
                "stamp": {
                    "secs": 1687318007,
                    "nsecs": 187184906
                },
                "frame_id": "ra_base"
            },
            "child_frame_id": "ra_tool0_controller",
            "transform": {
                "translation": {
                    "x": -0.6760772568124742,
                    "y": -0.09156099652395867,
                    "z": 0.6376234754235501
                },
                "rotation": {
                    "x": -0.5028069420488634,
                    "y": -0.5053330541732892,
                    "z": 0.4962434252434366,
                    "w": 0.49554631094381907
                }
            }
        }
    ]
}