{
    "transforms": [
        {
            "header": {
                "seq": 0,
                "stamp": {
                    "secs": 1687318017,
                    "nsecs": 529184906
                },
                "frame_id": "ra_base"
            },
            "child_frame_id": "ra_tool0_controller",
            "transform": {
                "translation": {
                    "x": -0.6728263166110667,
                    "y": -0.7293953727979458,
                    "z": 0.6299795123378545
                },
                "rotation": {
                    "x": -0.4907329118056595,
                    "y": -0.502150898884295,
                    "z": 0.5050351537027031,
                    "w": 0.501961330726701
                }
            }
        }
    ]
}