{
    "transforms": [
        {
            "header": {
                "seq": 0,
                "stamp": {
                    "secs": 1687318024,
                    "nsecs": 721184906
                },
                "frame_id": "ra_base"
            },
            "child_frame_id": "ra_tool0_controller",
            "transform": {
                "translation": {
                    "x": -0.6728547246287948,
                    "y": -0.7293795627869548,
                    "z": 0.6299574881336382
                },
                "rotation": {
                    "x": -0.49073780550556273,
                    "y": -0.5021507787220271,
                    "z": 0.5050184572128972,
                    "w": 0.5019734649866978
                }
            }
        }
    ]
}