{
    "transforms": [
        {
            "header": {
                "seq": 0,
                "stamp": {
                    "secs": 1687318026,
                    "nsecs": 347168401
                },
                "frame_id": "polhemus_base_0"
            },
            "child_frame_id": "polhemus_station_0",
            "transform": {
                "translation": {
                    "x": 0.04525871202349663,
                    "y": -0.06997604668140411,
                    "z": 0.14164221286773682
                },
                "rotation": {
                    "x": -0.2458493560552597,
                    "y": -0.5865761041641235,
                    "z": -0.14797717332839966,
                    "w": 0.7573568224906921
                }
            }
        },
        {
            "header": {
                "seq": 0,
                "stamp": {
                    "secs": 1687318026,
                    "nsecs": 347168401
                },
                "frame_id": "polhemus_base_0"
            },
            "child_frame_id": "polhemus_station_1",
            "transform": {
                "translation": {
                    "x": 0.13558919727802277,
                    "y": -0.02398357354104519,
                    "z": 0.05085694044828415
                },
                "rotation": {
                    "x": 0.0883985385298729,
                    "y": -0.28572237491607666,
                    "z": 0.10324219614267349,
                    "w": 0.9486249089241028
                }
            }
        },
        {
            "header": {
                "seq": 0,
                "stamp": {
                    "secs": 1687318026,
                    "nsecs": 347168401
                },
                "frame_id": "polhemus_base_0"
            },
            "child_frame_id": "polhemus_station_2",
            "transform": {
                "translation": {
                    "x": 0.14406320452690125,
                    "y": -0.01326326560229063,
                    "z": 0.06150011345744133
                },
                "rotation": {
                    "x": 0.030210599303245544,
                    "y": -0.41287678480148315,
                    "z": -0.13854044675827026,
                    "w": 0.8996813893318176
                }
            }
        },
        {
            "header": {
                "seq": 0,
                "stamp": {
                    "secs": 1687318026,
                    "nsecs": 347168401
                },
                "frame_id": "polhemus_base_0"
            },
            "child_frame_id": "polhemus_station_3",
            "transform": {
                "translation": {
                    "x": 0.12342104315757751,
                    "y": 0.04450039193034172,
                    "z": 0.040352579206228256
                },
                "rotation": {
                    "x": -0.2221967875957489,
                    "y": -0.3450533449649811,
                    "z": -0.09722910821437836,
                    "w": 0.9067044854164124
                }
            }
        },
        {
            "header": {
                "seq": 0,
                "stamp": {
                    "secs": 1687318026,
                    "nsecs": 347168401
                },
                "frame_id": "polhemus_base_0"
            },
            "child_frame_id": "polhemus_station_4",
            "transform": {
                "translation": {
                    "x": 0.13829562067985535,
                    "y": 0.06147525832056999,
                    "z": 0.045350268483161926
                },
                "rotation": {
                    "x": 0.42300844192504883,
                    "y": 0.24561744928359985,
                    "z": 0.22037282586097717,
                    "w": -0.8439027070999146
                }
            }
        },
        {
            "header": {
                "seq": 0,
                "stamp": {
                    "secs": 1687318026,
                    "nsecs": 347168401
                },
                "frame_id": "polhemus_base_0"
            },
            "child_frame_id": "polhemus_station_5",
            "transform": {
                "translation": {
                    "x": 0.18833495676517487,
                    "y": 0.051841333508491516,
                    "z": 0.009252903051674366
                },
                "rotation": {
                    "x": 0.2836170494556427,
                    "y": -0.3060948848724365,
                    "z": 0.08714570105075836,
                    "w": -0.9045843482017517
                }
            }
        }
    ]
}