{
    "transforms": [
        {
            "header": {
                "seq": 0,
                "stamp": {
                    "secs": 1687318014,
                    "nsecs": 849184906
                },
                "frame_id": "ra_base"
            },
            "child_frame_id": "ra_tool0_controller",
            "transform": {
                "translation": {
                    "x": -0.6728371938894052,
                    "y": -0.72939830244098,
                    "z": 0.6299418024914459
                },
                "rotation": {
                    "x": -0.4907465652338615,
                    "y": -0.5021540490369564,
                    "z": 0.5050211120654815,
                    "w": 0.5019589585963194
                }
            }
        }
    ]
}