{
    "transforms": [
        {
            "header": {
                "seq": 0,
                "stamp": {
                    "secs": 1687318006,
                    "nsecs": 761184906
                },
                "frame_id": "ra_base"
            },
            "child_frame_id": "ra_tool0_controller",
            "transform": {
                "translation": {
                    "x": -0.6760829229666404,
                    "y": -0.09153848109557697,
                    "z": 0.6376396846901131
                },
                "rotation": {
                    "x": -0.5028014014541096,
                    "y": -0.5053220208839453,
                    "z": 0.49624319306199227,
                    "w": 0.4955634159673079
                }
            }
        }
    ]
}