{
    "transforms": [
        {
            "header": {
                "seq": 0,
                "stamp": {
                    "secs": 1687318013,
                    "nsecs": 705483846
                },
                "frame_id": "polhemus_base_0"
            },
            "child_frame_id": "polhemus_station_0",
            "transform": {
                "translation": {
                    "x": 0.04603590816259384,
                    "y": -0.07091279327869415,
                    "z": 0.1411047875881195
                },
                "rotation": {
                    "x": -0.24124467372894287,
                    "y": -0.5834911465644836,
                    "z": -0.1488114893436432,
                    "w": 0.7610480785369873
                }
            }
        },
        {
            "header": {
                "seq": 0,
                "stamp": {
                    "secs": 1687318013,
                    "nsecs": 705483846
                },
                "frame_id": "polhemus_base_0"
            },
            "child_frame_id": "polhemus_station_1",
            "transform": {
                "translation": {
                    "x": 0.13558268547058105,
                    "y": -0.0241102147847414,
                    "z": 0.05076250061392784
                },
                "rotation": {
                    "x": 0.08800482749938965,
                    "y": -0.2859238088130951,
                    "z": 0.10258831083774567,
                    "w": 0.948671817779541
                }
            }
        },
        {
            "header": {
                "seq": 0,
                "stamp": {
                    "secs": 1687318013,
                    "nsecs": 705483846
                },
                "frame_id": "polhemus_base_0"
            },
            "child_frame_id": "polhemus_station_2",
            "transform": {
                "translation": {
                    "x": 0.14408579468727112,
                    "y": -0.013390466570854187,
                    "z": 0.06139685586094856
                },
                "rotation": {
                    "x": 0.030772585421800613,
                    "y": -0.41273289918899536,
                    "z": -0.13993047177791595,
                    "w": 0.8995132446289062
                }
            }
        },
        {
            "header": {
                "seq": 0,
                "stamp": {
                    "secs": 1687318013,
                    "nsecs": 705483846
                },
                "frame_id": "polhemus_base_0"
            },
            "child_frame_id": "polhemus_station_3",
            "transform": {
                "translation": {
                    "x": 0.12314386665821075,
                    "y": 0.04449627548456192,
                    "z": 0.04070495814085007
                },
                "rotation": {
                    "x": -0.22010554373264313,
                    "y": -0.34703347086906433,
                    "z": -0.09548832476139069,
                    "w": 0.906643807888031
                }
            }
        },
        {
            "header": {
                "seq": 0,
                "stamp": {
                    "secs": 1687318013,
                    "nsecs": 705483846
                },
                "frame_id": "polhemus_base_0"
            },
            "child_frame_id": "polhemus_station_4",
            "transform": {
                "translation": {
                    "x": 0.1378985345363617,
                    "y": 0.06155772879719734,
                    "z": 0.045803699642419815
                },
                "rotation": {
                    "x": 0.4150552451610565,
                    "y": 0.24549947679042816,
                    "z": 0.2189430147409439,
                    "w": -0.8482471108436584
                }
            }
        },
        {
            "header": {
                "seq": 0,
                "stamp": {
                    "secs": 1687318013,
                    "nsecs": 705483846
                },
                "frame_id": "polhemus_base_0"
            },
            "child_frame_id": "polhemus_station_5",
            "transform": {
                "translation": {
                    "x": 0.18833501636981964,
                    "y": 0.052398182451725006,
                    "z": 0.009371981956064701
                },
                "rotation": {
                    "x": 0.2803950011730194,
                    "y": -0.3060964047908783,
                    "z": 0.08398021757602692,
                    "w": -0.9058868288993835
                }
            }
        }
    ]
}