{
    "transforms": [
        {
            "header": {
                "seq": 0,
                "stamp": {
                    "secs": 1687318002,
                    "nsecs": 835579978
                },
                "frame_id": "ra_base"
            },
            "child_frame_id": "ra_tool0_controller",
            "transform": {
                "translation": {
                    "x": -0.6760796814093541,
                    "y": -0.09154201428646938,
                    "z": 0.6376490450945638
                },
                "rotation": {
                    "x": -0.5027978912523764,
                    "y": -0.5053156528674068,
                    "z": 0.49624700631865226,
                    "w": 0.49556965225801053
                }
            }
        }
    ]
}