{
    "transforms": [
        {
            "header": {
                "seq": 0,
                "stamp": {
                    "secs": 1687318006,
                    "nsecs": 729184906
                },
                "frame_id": "ra_base"
            },
            "child_frame_id": "ra_tool0_controller",
            "transform": {
                "translation": {
                    "x": -0.6760741777676804,
                    "y": -0.0915485110546807,
                    "z": 0.637639996185194
                },
                "rotation": {
                    "x": -0.5028002442812438,
                    "y": -0.5053226966530265,
                    "z": 0.4962441803556842,
                    "w": 0.4955629123140171
                }
            }
        }
    ]
}