{
    "transforms": [
        {
            "header": {
                "seq": 0,
                "stamp": {
                    "secs": 1687318018,
                    "nsecs": 405484303
                },
                "frame_id": "polhemus_base_0"
            },
            "child_frame_id": "polhemus_station_0",
            "transform": {
                "translation": {
                    "x": 0.045955657958984375,
                    "y": -0.07054494321346283,
                    "z": 0.14131946861743927
                },
                "rotation": {
                    "x": -0.24316968023777008,
                    "y": -0.5836607813835144,
                    "z": -0.1485811471939087,
                    "w": 0.7603499889373779
                }
            }
        },
        {
            "header": {
                "seq": 0,
                "stamp": {
                    "secs": 1687318018,
                    "nsecs": 405484303
                },
                "frame_id": "polhemus_base_0"
            },
            "child_frame_id": "polhemus_station_1",
            "transform": {
                "translation": {
                    "x": 0.13559246063232422,
                    "y": -0.024074481800198555,
                    "z": 0.05078582838177681
                },
                "rotation": {
                    "x": 0.08816225826740265,
                    "y": -0.28577721118927,
                    "z": 0.10274595022201538,
                    "w": 0.9486843347549438
                }
            }
        },
        {
            "header": {
                "seq": 0,
                "stamp": {
                    "secs": 1687318018,
                    "nsecs": 405484303
                },
                "frame_id": "polhemus_base_0"
            },
            "child_frame_id": "polhemus_station_2",
            "transform": {
                "translation": {
                    "x": 0.14408445358276367,
                    "y": -0.013367612846195698,
                    "z": 0.06142135336995125
                },
                "rotation": {
                    "x": 0.030329247936606407,
                    "y": -0.4127659201622009,
                    "z": -0.139517679810524,
                    "w": 0.8995773196220398
                }
            }
        },
        {
            "header": {
                "seq": 0,
                "stamp": {
                    "secs": 1687318018,
                    "nsecs": 405484303
                },
                "frame_id": "polhemus_base_0"
            },
            "child_frame_id": "polhemus_station_3",
            "transform": {
                "translation": {
                    "x": 0.12327270954847336,
                    "y": 0.0444498248398304,
                    "z": 0.040537815541028976
                },
                "rotation": {
                    "x": -0.22011713683605194,
                    "y": -0.34604471921920776,
                    "z": -0.09632357954978943,
                    "w": 0.9069304466247559
                }
            }
        },
        {
            "header": {
                "seq": 0,
                "stamp": {
                    "secs": 1687318018,
                    "nsecs": 405484303
                },
                "frame_id": "polhemus_base_0"
            },
            "child_frame_id": "polhemus_station_4",
            "transform": {
                "translation": {
                    "x": 0.1380857527256012,
                    "y": 0.06146053224802017,
                    "z": 0.04557275399565697
                },
                "rotation": {
                    "x": 0.4183064103126526,
                    "y": 0.24522161483764648,
                    "z": 0.21969395875930786,
                    "w": -0.8465345501899719
                }
            }
        },
        {
            "header": {
                "seq": 0,
                "stamp": {
                    "secs": 1687318018,
                    "nsecs": 405484303
                },
                "frame_id": "polhemus_base_0"
            },
            "child_frame_id": "polhemus_station_5",
            "transform": {
                "translation": {
                    "x": 0.18832604587078094,
                    "y": 0.05211539566516876,
                    "z": 0.009347275830805302
                },
                "rotation": {
                    "x": 0.28160855174064636,
                    "y": -0.30603572726249695,
                    "z": 0.08552892506122589,
                    "w": -0.9053858518600464
                }
            }
        }
    ]
}