{
    "transforms": [
        {
            "header": {
                "seq": 0,
                "stamp": {
                    "secs": 1687318016,
                    "nsecs": 955473400
                },
                "frame_id": "polhemus_base_0"
            },
            "child_frame_id": "polhemus_station_0",
            "transform": {
                "translation": {
                    "x": 0.04595736041665077,
                    "y": -0.07060563564300537,
                    "z": 0.14128120243549347
                },
                "rotation": {
                    "x": -0.24273762106895447,
                    "y": -0.5838327407836914,
                    "z": -0.148501455783844,
                    "w": 0.7603715658187866
                }
            }
        },
        {
            "header": {
                "seq": 0,
                "stamp": {
                    "secs": 1687318016,
                    "nsecs": 955473400
                },
                "frame_id": "polhemus_base_0"
            },
            "child_frame_id": "polhemus_station_1",
            "transform": {
                "translation": {
                    "x": 0.13557523488998413,
                    "y": -0.024066060781478882,
                    "z": 0.050798747688531876
                },
                "rotation": {
                    "x": 0.0880374014377594,
                    "y": -0.2859591543674469,
                    "z": 0.10280254483222961,
                    "w": 0.9486348628997803
                }
            }
        },
        {
            "header": {
                "seq": 0,
                "stamp": {
                    "secs": 1687318016,
                    "nsecs": 955473400
                },
                "frame_id": "polhemus_base_0"
            },
            "child_frame_id": "polhemus_station_2",
            "transform": {
                "translation": {
                    "x": 0.14407002925872803,
                    "y": -0.013372459448873997,
                    "z": 0.061428822576999664
                },
                "rotation": {
                    "x": 0.03041624277830124,
                    "y": -0.41292285919189453,
                    "z": -0.13964815437793732,
                    "w": 0.8994820713996887
                }
            }
        },
        {
            "header": {
                "seq": 0,
                "stamp": {
                    "secs": 1687318016,
                    "nsecs": 955473400
                },
                "frame_id": "polhemus_base_0"
            },
            "child_frame_id": "polhemus_station_3",
            "transform": {
                "translation": {
                    "x": 0.12323703616857529,
                    "y": 0.04447292909026146,
                    "z": 0.04058209806680679
                },
                "rotation": {
                    "x": -0.22003401815891266,
                    "y": -0.34634068608283997,
                    "z": -0.09610339999198914,
                    "w": 0.9068611264228821
                }
            }
        },
        {
            "header": {
                "seq": 0,
                "stamp": {
                    "secs": 1687318016,
                    "nsecs": 955473400
                },
                "frame_id": "polhemus_base_0"
            },
            "child_frame_id": "polhemus_station_4",
            "transform": {
                "translation": {
                    "x": 0.13802869617938995,
                    "y": 0.06149476021528244,
                    "z": 0.04564833641052246
                },
                "rotation": {
                    "x": 0.4174230396747589,
                    "y": 0.2454763501882553,
                    "z": 0.21945220232009888,
                    "w": -0.8469593524932861
                }
            }
        },
        {
            "header": {
                "seq": 0,
                "stamp": {
                    "secs": 1687318016,
                    "nsecs": 955473400
                },
                "frame_id": "polhemus_base_0"
            },
            "child_frame_id": "polhemus_station_5",
            "transform": {
                "translation": {
                    "x": 0.18833254277706146,
                    "y": 0.05218030884861946,
                    "z": 0.009326805360615253
                },
                "rotation": {
                    "x": 0.2814759612083435,
                    "y": -0.30636483430862427,
                    "z": 0.0849408358335495,
                    "w": -0.9053711295127869
                }
            }
        }
    ]
}