{
    "transforms": [
        {
            "header": {
                "seq": 0,
                "stamp": {
                    "secs": 1687318015,
                    "nsecs": 173184906
                },
                "frame_id": "ra_base"
            },
            "child_frame_id": "ra_tool0_controller",
            "transform": {
                "translation": {
                    "x": -0.6728301012844383,
                    "y": -0.7293979276122322,
                    "z": 0.6299480849645872
                },
                "rotation": {
                    "x": -0.4907305045064084,
                    "y": -0.5021639688395761,
                    "z": 0.5050187246126658,
                    "w": 0.501967138502878
                }
            }
        }
    ]
}