{
    "transforms": [
        {
            "header": {
                "seq": 0,
                "stamp": {
                    "secs": 1687318001,
                    "nsecs": 263798769
                },
                "frame_id": "polhemus_base_0"
            },
            "child_frame_id": "polhemus_station_0",
            "transform": {
                "translation": {
                    "x": 0.04722454771399498,
                    "y": -0.07196971774101257,
                    "z": 0.1404147446155548
                },
                "rotation": {
                    "x": -0.23510226607322693,
                    "y": -0.579016923904419,
                    "z": -0.1493481993675232,
                    "w": 0.7662645578384399
                }
            }
        },
        {
            "header": {
                "seq": 0,
                "stamp": {
                    "secs": 1687318001,
                    "nsecs": 263798769
                },
                "frame_id": "polhemus_base_0"
            },
            "child_frame_id": "polhemus_station_1",
            "transform": {
                "translation": {
                    "x": 0.13542701303958893,
                    "y": -0.02388954721391201,
                    "z": 0.05094759911298752
                },
                "rotation": {
                    "x": 0.08611804246902466,
                    "y": -0.28718137741088867,
                    "z": 0.10333054512739182,
                    "w": 0.9483845233917236
                }
            }
        },
        {
            "header": {
                "seq": 0,
                "stamp": {
                    "secs": 1687318001,
                    "nsecs": 263798769
                },
                "frame_id": "polhemus_base_0"
            },
            "child_frame_id": "polhemus_station_2",
            "transform": {
                "translation": {
                    "x": 0.14389736950397491,
                    "y": -0.013110707513988018,
                    "z": 0.061558663845062256
                },
                "rotation": {
                    "x": 0.029893580824136734,
                    "y": -0.41438376903533936,
                    "z": -0.13918739557266235,
                    "w": 0.8988990187644958
                }
            }
        },
        {
            "header": {
                "seq": 0,
                "stamp": {
                    "secs": 1687318001,
                    "nsecs": 263798769
                },
                "frame_id": "polhemus_base_0"
            },
            "child_frame_id": "polhemus_station_3",
            "transform": {
                "translation": {
                    "x": 0.1225777342915535,
                    "y": 0.045010145753622055,
                    "z": 0.04198183864355087
                },
                "rotation": {
                    "x": -0.22267037630081177,
                    "y": -0.3528482913970947,
                    "z": -0.09385553747415543,
                    "w": 0.9039396047592163
                }
            }
        },
        {
            "header": {
                "seq": 0,
                "stamp": {
                    "secs": 1687318001,
                    "nsecs": 263798769
                },
                "frame_id": "polhemus_base_0"
            },
            "child_frame_id": "polhemus_station_4",
            "transform": {
                "translation": {
                    "x": 0.1367083191871643,
                    "y": 0.06254424899816513,
                    "z": 0.04696908965706825
                },
                "rotation": {
                    "x": 0.4034266471862793,
                    "y": 0.2508273720741272,
                    "z": 0.21219545602798462,
                    "w": -0.8539938926696777
                }
            }
        },
        {
            "header": {
                "seq": 0,
                "stamp": {
                    "secs": 1687318001,
                    "nsecs": 263798769
                },
                "frame_id": "polhemus_base_0"
            },
            "child_frame_id": "polhemus_station_5",
            "transform": {
                "translation": {
                    "x": 0.18840251863002777,
                    "y": 0.05361640080809593,
                    "z": 0.009585604071617126
                },
                "rotation": {
                    "x": 0.2764192521572113,
                    "y": -0.30556294322013855,
                    "z": 0.07780195772647858,
                    "w": -0.9078384637832642
                }
            }
        }
    ]
}