{
    "transforms": [
        {
            "header": {
                "seq": 0,
                "stamp": {
                    "secs": 1687317998,
                    "nsecs": 783579978
                },
                "frame_id": "ra_base"
            },
            "child_frame_id": "ra_tool0_controller",
            "transform": {
                "translation": {
                    "x": -0.6760754892480692,
                    "y": -0.09155331699930762,
                    "z": 0.6376142634322163
                },
                "rotation": {
                    "x": -0.5028120364008777,
                    "y": -0.5053396616716126,
                    "z": 0.4962407549864166,
                    "w": 0.49553707780804235
                }
            }
        }
    ]
}