{
    "transforms": [
        {
            "header": {
                "seq": 0,
                "stamp": {
                    "secs": 1687318011,
                    "nsecs": 772180884
                },
                "frame_id": "polhemus_base_0"
            },
            "child_frame_id": "polhemus_station_0",
            "transform": {
                "translation": {
                    "x": 0.04628172516822815,
                    "y": -0.07109332829713821,
                    "z": 0.14099249243736267
                },
                "rotation": {
                    "x": -0.24069646000862122,
                    "y": -0.5824400186538696,
                    "z": -0.14928977191448212,
                    "w": 0.7619326114654541
                }
            }
        },
        {
            "header": {
                "seq": 0,
                "stamp": {
                    "secs": 1687318011,
                    "nsecs": 772180884
                },
                "frame_id": "polhemus_base_0"
            },
            "child_frame_id": "polhemus_station_1",
            "transform": {
                "translation": {
                    "x": 0.1356007307767868,
                    "y": -0.02419382520020008,
                    "z": 0.05075026676058769
                },
                "rotation": {
                    "x": 0.08802493661642075,
                    "y": -0.2858526110649109,
                    "z": 0.10206281393766403,
                    "w": 0.9487481117248535
                }
            }
        },
        {
            "header": {
                "seq": 0,
                "stamp": {
                    "secs": 1687318011,
                    "nsecs": 772180884
                },
                "frame_id": "polhemus_base_0"
            },
            "child_frame_id": "polhemus_station_2",
            "transform": {
                "translation": {
                    "x": 0.14411601424217224,
                    "y": -0.013489672914147377,
                    "z": 0.06139378994703293
                },
                "rotation": {
                    "x": 0.030844345688819885,
                    "y": -0.4127635955810547,
                    "z": -0.14051133394241333,
                    "w": 0.8994061350822449
                }
            }
        },
        {
            "header": {
                "seq": 0,
                "stamp": {
                    "secs": 1687318011,
                    "nsecs": 772180884
                },
                "frame_id": "polhemus_base_0"
            },
            "child_frame_id": "polhemus_station_3",
            "transform": {
                "translation": {
                    "x": 0.12308274954557419,
                    "y": 0.044484756886959076,
                    "z": 0.04081391543149948
                },
                "rotation": {
                    "x": -0.22055596113204956,
                    "y": -0.3475920259952545,
                    "z": -0.09544958174228668,
                    "w": 0.9063243865966797
                }
            }
        },
        {
            "header": {
                "seq": 0,
                "stamp": {
                    "secs": 1687318011,
                    "nsecs": 772180884
                },
                "frame_id": "polhemus_base_0"
            },
            "child_frame_id": "polhemus_station_4",
            "transform": {
                "translation": {
                    "x": 0.1377958506345749,
                    "y": 0.06161851808428764,
                    "z": 0.045942503958940506
                },
                "rotation": {
                    "x": 0.41392743587493896,
                    "y": 0.24564361572265625,
                    "z": 0.21870756149291992,
                    "w": -0.8488169312477112
                }
            }
        },
        {
            "header": {
                "seq": 0,
                "stamp": {
                    "secs": 1687318011,
                    "nsecs": 772180884
                },
                "frame_id": "polhemus_base_0"
            },
            "child_frame_id": "polhemus_station_5",
            "transform": {
                "translation": {
                    "x": 0.1883411556482315,
                    "y": 0.05254001170396805,
                    "z": 0.00941056851297617
                },
                "rotation": {
                    "x": 0.2798405885696411,
                    "y": -0.3062664866447449,
                    "z": 0.08299633860588074,
                    "w": -0.9060913920402527
                }
            }
        }
    ]
}