{
    "transforms": [
        {
            "header": {
                "seq": 0,
                "stamp": {
                    "secs": 1687318002,
                    "nsecs": 399579978
                },
                "frame_id": "ra_base"
            },
            "child_frame_id": "ra_tool0_controller",
            "transform": {
                "translation": {
                    "x": -0.6760771064086102,
                    "y": -0.09155309587914642,
                    "z": 0.6376579489579681
                },
                "rotation": {
                    "x": -0.5027917959349134,
                    "y": -0.5053216200277251,
                    "z": 0.496259049685156,
                    "w": 0.4955576917763318
                }
            }
        }
    ]
}