{
    "transforms": [
        {
            "header": {
                "seq": 0,
                "stamp": {
                    "secs": 1687318002,
                    "nsecs": 35579978
                },
                "frame_id": "ra_base"
            },
            "child_frame_id": "ra_tool0_controller",
            "transform": {
                "translation": {
                    "x": -0.6760650221013782,
                    "y": -0.09155569539058092,
                    "z": 0.6376463680110612
                },
                "rotation": {
                    "x": -0.5028043359785667,
                    "y": -0.5053186487579517,
                    "z": 0.49626532750382385,
                    "w": 0.4955417113181422
                }
            }
        }
    ]
}