{
    "transforms": [
        {
            "header": {
                "seq": 0,
                "stamp": {
                    "secs": 1687318014,
                    "nsecs": 195184906
                },
                "frame_id": "ra_base"
            },
            "child_frame_id": "ra_tool0_controller",
            "transform": {
                "translation": {
                    "x": -0.6728381967830606,
                    "y": -0.7294006506222277,
                    "z": 0.6299529667221981
                },
                "rotation": {
                    "x": -0.49072945070286933,
                    "y": -0.5021687249398651,
                    "z": 0.5050122197986612,
                    "w": 0.5019699550363139
                }
            }
        }
    ]
}