{
    "transforms": [
        {
            "header": {
                "seq": 0,
                "stamp": {
                    "secs": 1687317999,
                    "nsecs": 691579978
                },
                "frame_id": "ra_base"
            },
            "child_frame_id": "ra_tool0_controller",
            "transform": {
                "translation": {
                    "x": -0.6760810412505848,
                    "y": -0.09152866029063218,
                    "z": 0.6376631223867382
                },
                "rotation": {
                    "x": -0.5028013710791382,
                    "y": -0.5052986021116662,
                    "z": 0.49625117891418274,
                    "w": 0.49557932903947755
                }
            }
        }
    ]
}