{
    "transforms": [
        {
            "header": {
                "seq": 0,
                "stamp": {
                    "secs": 1687318010,
                    "nsecs": 429184906
                },
                "frame_id": "ra_base"
            },
            "child_frame_id": "ra_tool0_controller",
            "transform": {
                "translation": {
                    "x": -0.7610170731587649,
                    "y": -0.46954731331431115,
                    "z": 0.6582970124373819
                },
                "rotation": {
                    "x": -0.4930106008203945,
                    "y": -0.5043183447051123,
                    "z": 0.5008970457469536,
                    "w": 0.5017028046907684
                }
            }
        }
    ]
}