{
    "transforms": [
        {
            "header": {
                "seq": 0,
                "stamp": {
                    "secs": 1687318022,
                    "nsecs": 47184906
                },
                "frame_id": "ra_base"
            },
            "child_frame_id": "ra_tool0_controller",
            "transform": {
                "translation": {
                    "x": -0.6728641612674829,
                    "y": -0.7293809053209876,
                    "z": 0.6299392273953535
                },
                "rotation": {
                    "x": -0.49074293297195565,
                    "y": -0.5021460084942466,
                    "z": 0.5050115566477057,
                    "w": 0.5019801664843342
                }
            }
        }
    ]
}