{
    "transforms": [
        {
            "header": {
                "seq": 0,
                "stamp": {
                    "secs": 1687318017,
                    "nsecs": 957184906
                },
                "frame_id": "ra_base"
            },
            "child_frame_id": "ra_tool0_controller",
            "transform": {
                "translation": {
                    "x": -0.6728521782613569,
                    "y": -0.7293797510837294,
                    "z": 0.6299501915500006
                },
                "rotation": {
                    "x": -0.49074586975825757,
                    "y": -0.5021492191141862,
                    "z": 0.5050299218919068,
                    "w": 0.5019556066546911
                }
            }
        }
    ]
}