{
    "transforms": [
        {
            "header": {
                "seq": 0,
                "stamp": {
                    "secs": 1687318004,
                    "nsecs": 103579978
                },
                "frame_id": "ra_base"
            },
            "child_frame_id": "ra_tool0_controller",
            "transform": {
                "translation": {
                    "x": -0.67608080711199,
                    "y": -0.0915302170616981,
                    "z": 0.637658471324085
                },
                "rotation": {
                    "x": -0.5028061557551712,
                    "y": -0.5053050607030819,
                    "z": 0.4962601687877984,
                    "w": 0.4955588867503713
                }
            }
        }
    ]
}