{
    "transforms": [
        {
            "header": {
                "seq": 0,
                "stamp": {
                    "secs": 1687318017,
                    "nsecs": 651184906
                },
                "frame_id": "ra_base"
            },
            "child_frame_id": "ra_tool0_controller",
            "transform": {
                "translation": {
                    "x": -0.6728296460359071,
                    "y": -0.7293975152239985,
                    "z": 0.6299525197593625
                },
                "rotation": {
                    "x": -0.49074343993044717,
                    "y": -0.5021570517111107,
                    "z": 0.5050259339809554,
                    "w": 0.5019541588518818
                }
            }
        }
    ]
}