{
    "transforms": [
        {
            "header": {
                "seq": 0,
                "stamp": {
                    "secs": 1687318013,
                    "nsecs": 429184906
                },
                "frame_id": "ra_base"
            },
            "child_frame_id": "ra_tool0_controller",
            "transform": {
                "translation": {
                    "x": -0.6728280783766794,
                    "y": -0.7294105238660741,
                    "z": 0.6299299894695747
                },
                "rotation": {
                    "x": -0.4907366893773035,
                    "y": -0.5021635894599401,
                    "z": 0.5050191156087073,
                    "w": 0.5019610781619543
                }
            }
        }
    ]
}