{
    "transforms": [
        {
            "header": {
                "seq": 0,
                "stamp": {
                    "secs": 1687318027,
                    "nsecs": 249184906
                },
                "frame_id": "ra_base"
            },
            "child_frame_id": "ra_tool0_controller",
            "transform": {
                "translation": {
                    "x": -0.6728618803120439,
                    "y": -0.729380993867374,
                    "z": 0.6299394078898116
                },
                "rotation": {
                    "x": -0.4907392442262136,
                    "y": -0.5021579884513775,
                    "z": 0.5050077579146401,
                    "w": 0.5019756102210335
                }
            }
        }
    ]
}