{
    "transforms": [
        {
            "header": {
                "seq": 0,
                "stamp": {
                    "secs": 1687318004,
                    "nsecs": 727579978
                },
                "frame_id": "ra_base"
            },
            "child_frame_id": "ra_tool0_controller",
            "transform": {
                "translation": {
                    "x": -0.6760724165781761,
                    "y": -0.09155717023268127,
                    "z": 0.6376351073571321
                },
                "rotation": {
                    "x": -0.5027973935820156,
                    "y": -0.505329054015189,
                    "z": 0.4962571303541068,
                    "w": 0.4955463537833296
                }
            }
        }
    ]
}