{
    "transforms": [
        {
            "header": {
                "seq": 0,
                "stamp": {
                    "secs": 1687318022,
                    "nsecs": 205515202
                },
                "frame_id": "polhemus_base_0"
            },
            "child_frame_id": "polhemus_station_0",
            "transform": {
                "translation": {
                    "x": 0.0454367995262146,
                    "y": -0.07018875330686569,
                    "z": 0.1415042281150818
                },
                "rotation": {
                    "x": -0.2448563426733017,
                    "y": -0.5858855247497559,
                    "z": -0.14800122380256653,
                    "w": 0.7582077383995056
                }
            }
        },
        {
            "header": {
                "seq": 0,
                "stamp": {
                    "secs": 1687318022,
                    "nsecs": 205515202
                },
                "frame_id": "polhemus_base_0"
            },
            "child_frame_id": "polhemus_station_1",
            "transform": {
                "translation": {
                    "x": 0.13558240234851837,
                    "y": -0.023973392322659492,
                    "z": 0.05082450062036514
                },
                "rotation": {
                    "x": 0.08828400820493698,
                    "y": -0.2857046127319336,
                    "z": 0.10337310284376144,
                    "w": 0.9486267566680908
                }
            }
        },
        {
            "header": {
                "seq": 0,
                "stamp": {
                    "secs": 1687318022,
                    "nsecs": 205515202
                },
                "frame_id": "polhemus_base_0"
            },
            "child_frame_id": "polhemus_station_2",
            "transform": {
                "translation": {
                    "x": 0.14404843747615814,
                    "y": -0.01326974481344223,
                    "z": 0.06147795915603638
                },
                "rotation": {
                    "x": 0.030644800513982773,
                    "y": -0.41293516755104065,
                    "z": -0.13861781358718872,
                    "w": 0.8996279835700989
                }
            }
        },
        {
            "header": {
                "seq": 0,
                "stamp": {
                    "secs": 1687318022,
                    "nsecs": 205515202
                },
                "frame_id": "polhemus_base_0"
            },
            "child_frame_id": "polhemus_station_3",
            "transform": {
                "translation": {
                    "x": 0.12335062772035599,
                    "y": 0.04450320452451706,
                    "z": 0.040441785007715225
                },
                "rotation": {
                    "x": -0.2216387838125229,
                    "y": -0.345637708902359,
                    "z": -0.09679724276065826,
                    "w": 0.9066647291183472
                }
            }
        },
        {
            "header": {
                "seq": 0,
                "stamp": {
                    "secs": 1687318022,
                    "nsecs": 205515202
                },
                "frame_id": "polhemus_base_0"
            },
            "child_frame_id": "polhemus_station_4",
            "transform": {
                "translation": {
                    "x": 0.13820554316043854,
                    "y": 0.06149652600288391,
                    "z": 0.045440562069416046
                },
                "rotation": {
                    "x": 0.4211197793483734,
                    "y": 0.24550211429595947,
                    "z": 0.22021251916885376,
                    "w": -0.8449219465255737
                }
            }
        },
        {
            "header": {
                "seq": 0,
                "stamp": {
                    "secs": 1687318022,
                    "nsecs": 205515202
                },
                "frame_id": "polhemus_base_0"
            },
            "child_frame_id": "polhemus_station_5",
            "transform": {
                "translation": {
                    "x": 0.18830455839633942,
                    "y": 0.0520249642431736,
                    "z": 0.009223130531609058
                },
                "rotation": {
                    "x": 0.2833169400691986,
                    "y": -0.3063180446624756,
                    "z": 0.08610519766807556,
                    "w": -0.9047025442123413
                }
            }
        }
    ]
}