{
    "transforms": [
        {
            "header": {
                "seq": 0,
                "stamp": {
                    "secs": 1687318020,
                    "nsecs": 337184906
                },
                "frame_id": "ra_base"
            },
            "child_frame_id": "ra_tool0_controller",
            "transform": {
                "translation": {
                    "x": -0.6728438048140956,
                    "y": -0.7293884390275872,
                    "z": 0.6299621822565802
                },
                "rotation": {
                    "x": -0.4907418145142042,
                    "y": -0.5021442322221619,
                    "z": 0.5050247029063399,
                    "w": 0.5019698108329675
                }
            }
        }
    ]
}