{
    "transforms": [
        {
            "header": {
                "seq": 0,
                "stamp": {
                    "secs": 1687318019,
                    "nsecs": 997097579
                },
                "frame_id": "polhemus_base_0"
            },
            "child_frame_id": "polhemus_station_0",
            "transform": {
                "translation": {
                    "x": 0.0455409437417984,
                    "y": -0.07035893946886063,
                    "z": 0.14141573011875153
                },
                "rotation": {
                    "x": -0.24399283528327942,
                    "y": -0.5855363607406616,
                    "z": -0.1482102870941162,
                    "w": 0.7587149739265442
                }
            }
        },
        {
            "header": {
                "seq": 0,
                "stamp": {
                    "secs": 1687318019,
                    "nsecs": 997097579
                },
                "frame_id": "polhemus_base_0"
            },
            "child_frame_id": "polhemus_station_1",
            "transform": {
                "translation": {
                    "x": 0.1355968415737152,
                    "y": -0.02403843402862549,
                    "z": 0.050795141607522964
                },
                "rotation": {
                    "x": 0.08820892870426178,
                    "y": -0.2856608033180237,
                    "z": 0.10296846181154251,
                    "w": 0.9486908912658691
                }
            }
        },
        {
            "header": {
                "seq": 0,
                "stamp": {
                    "secs": 1687318019,
                    "nsecs": 997097579
                },
                "frame_id": "polhemus_base_0"
            },
            "child_frame_id": "polhemus_station_2",
            "transform": {
                "translation": {
                    "x": 0.14406228065490723,
                    "y": -0.013336139731109142,
                    "z": 0.06146896257996559
                },
                "rotation": {
                    "x": 0.0304719265550375,
                    "y": -0.41299039125442505,
                    "z": -0.13925248384475708,
                    "w": 0.8995105624198914
                }
            }
        },
        {
            "header": {
                "seq": 0,
                "stamp": {
                    "secs": 1687318019,
                    "nsecs": 997097579
                },
                "frame_id": "polhemus_base_0"
            },
            "child_frame_id": "polhemus_station_3",
            "transform": {
                "translation": {
                    "x": 0.12330459803342819,
                    "y": 0.044485826045274734,
                    "z": 0.040468961000442505
                },
                "rotation": {
                    "x": -0.2207038849592209,
                    "y": -0.34581637382507324,
                    "z": -0.09637243300676346,
                    "w": 0.9068697690963745
                }
            }
        },
        {
            "header": {
                "seq": 0,
                "stamp": {
                    "secs": 1687318019,
                    "nsecs": 997097579
                },
                "frame_id": "polhemus_base_0"
            },
            "child_frame_id": "polhemus_station_4",
            "transform": {
                "translation": {
                    "x": 0.13813410699367523,
                    "y": 0.06148144230246544,
                    "z": 0.04549277201294899
                },
                "rotation": {
                    "x": 0.41950511932373047,
                    "y": 0.24552249908447266,
                    "z": 0.21944855153560638,
                    "w": -0.8459175825119019
                }
            }
        },
        {
            "header": {
                "seq": 0,
                "stamp": {
                    "secs": 1687318019,
                    "nsecs": 997097579
                },
                "frame_id": "polhemus_base_0"
            },
            "child_frame_id": "polhemus_station_5",
            "transform": {
                "translation": {
                    "x": 0.18831582367420197,
                    "y": 0.05207229405641556,
                    "z": 0.009388241916894913
                },
                "rotation": {
                    "x": 0.2823356091976166,
                    "y": -0.30552390217781067,
                    "z": 0.08619309961795807,
                    "w": -0.9052693247795105
                }
            }
        }
    ]
}