{
    "transforms": [
        {
            "header": {
                "seq": 0,
                "stamp": {
                    "secs": 1687318026,
                    "nsecs": 205503231
                },
                "frame_id": "polhemus_base_0"
            },
            "child_frame_id": "polhemus_station_0",
            "transform": {
                "translation": {
                    "x": 0.04524821415543556,
                    "y": -0.07001851499080658,
                    "z": 0.14163000881671906
                },
                "rotation": {
                    "x": -0.2457725703716278,
                    "y": -0.5865321755409241,
                    "z": -0.1481153666973114,
                    "w": 0.757388710975647
                }
            }
        },
        {
            "header": {
                "seq": 0,
                "stamp": {
                    "secs": 1687318026,
                    "nsecs": 205503231
                },
                "frame_id": "polhemus_base_0"
            },
            "child_frame_id": "polhemus_station_1",
            "transform": {
                "translation": {
                    "x": 0.135591521859169,
                    "y": -0.023985732346773148,
                    "z": 0.0508505254983902
                },
                "rotation": {
                    "x": 0.0884307250380516,
                    "y": -0.2857050597667694,
                    "z": 0.1032634824514389,
                    "w": 0.948624849319458
                }
            }
        },
        {
            "header": {
                "seq": 0,
                "stamp": {
                    "secs": 1687318026,
                    "nsecs": 205503231
                },
                "frame_id": "polhemus_base_0"
            },
            "child_frame_id": "polhemus_station_2",
            "transform": {
                "translation": {
                    "x": 0.14406439661979675,
                    "y": -0.01326763816177845,
                    "z": 0.06149701774120331
                },
                "rotation": {
                    "x": 0.030214808881282806,
                    "y": -0.41285449266433716,
                    "z": -0.13856711983680725,
                    "w": 0.8996874094009399
                }
            }
        },
        {
            "header": {
                "seq": 0,
                "stamp": {
                    "secs": 1687318026,
                    "nsecs": 205503231
                },
                "frame_id": "polhemus_base_0"
            },
            "child_frame_id": "polhemus_station_3",
            "transform": {
                "translation": {
                    "x": 0.12342043220996857,
                    "y": 0.04450817033648491,
                    "z": 0.04035358503460884
                },
                "rotation": {
                    "x": -0.22224538028240204,
                    "y": -0.3450648784637451,
                    "z": -0.09716713428497314,
                    "w": 0.906694769859314
                }
            }
        },
        {
            "header": {
                "seq": 0,
                "stamp": {
                    "secs": 1687318026,
                    "nsecs": 205503231
                },
                "frame_id": "polhemus_base_0"
            },
            "child_frame_id": "polhemus_station_4",
            "transform": {
                "translation": {
                    "x": 0.13828565180301666,
                    "y": 0.06148822233080864,
                    "z": 0.045358769595623016
                },
                "rotation": {
                    "x": 0.4229736626148224,
                    "y": 0.24572792649269104,
                    "z": 0.22036394476890564,
                    "w": -0.8438902497291565
                }
            }
        },
        {
            "header": {
                "seq": 0,
                "stamp": {
                    "secs": 1687318026,
                    "nsecs": 205503231
                },
                "frame_id": "polhemus_base_0"
            },
            "child_frame_id": "polhemus_station_5",
            "transform": {
                "translation": {
                    "x": 0.18832623958587646,
                    "y": 0.051848653703927994,
                    "z": 0.00925805140286684
                },
                "rotation": {
                    "x": 0.28368476033210754,
                    "y": -0.3059175908565521,
                    "z": 0.08725282549858093,
                    "w": -0.9046127796173096
                }
            }
        }
    ]
}