{
    "transforms": [
        {
            "header": {
                "seq": 0,
                "stamp": {
                    "secs": 1687318007,
                    "nsecs": 197184906
                },
                "frame_id": "ra_base"
            },
            "child_frame_id": "ra_tool0_controller",
            "transform": {
                "translation": {
                    "x": -0.6760814357194014,
                    "y": -0.09154096686733097,
                    "z": 0.6376244086052032
                },
                "rotation": {
                    "x": -0.502806726918281,
                    "y": -0.5053292109040673,
                    "z": 0.49624569066214685,
                    "w": 0.4955481797686746
                }
            }
        }
    ]
}