{
    "transforms": [
        {
            "header": {
                "seq": 0,
                "stamp": {
                    "secs": 1687318007,
                    "nsecs": 69184906
                },
                "frame_id": "ra_base"
            },
            "child_frame_id": "ra_tool0_controller",
            "transform": {
                "translation": {
                    "x": -0.6760664216355637,
                    "y": -0.09154456711338729,
                    "z": 0.637646369230884
                },
                "rotation": {
                    "x": -0.502797228952601,
                    "y": -0.5053257150995267,
                    "z": 0.49624731578861114,
                    "w": 0.49555975400483876
                }
            }
        }
    ]
}