{
    "transforms": [
        {
            "header": {
                "seq": 0,
                "stamp": {
                    "secs": 1687318023,
                    "nsecs": 29184906
                },
                "frame_id": "ra_base"
            },
            "child_frame_id": "ra_tool0_controller",
            "transform": {
                "translation": {
                    "x": -0.6728497607250002,
                    "y": -0.7293727935567984,
                    "z": 0.6299584027023674
                },
                "rotation": {
                    "x": -0.4907466731206873,
                    "y": -0.5021395219554773,
                    "z": 0.5050198558564307,
                    "w": 0.501974649262343
                }
            }
        }
    ]
}