{
    "transforms": [
        {
            "header": {
                "seq": 0,
                "stamp": {
                    "secs": 1687318011,
                    "nsecs": 997131669
                },
                "frame_id": "polhemus_base_0"
            },
            "child_frame_id": "polhemus_station_0",
            "transform": {
                "translation": {
                    "x": 0.04628448933362961,
                    "y": -0.0710933655500412,
                    "z": 0.14099517464637756
                },
                "rotation": {
                    "x": -0.24067309498786926,
                    "y": -0.5824821591377258,
                    "z": -0.149229496717453,
                    "w": 0.7619195580482483
                }
            }
        },
        {
            "header": {
                "seq": 0,
                "stamp": {
                    "secs": 1687318011,
                    "nsecs": 997131669
                },
                "frame_id": "polhemus_base_0"
            },
            "child_frame_id": "polhemus_station_1",
            "transform": {
                "translation": {
                    "x": 0.13559934496879578,
                    "y": -0.02417849749326706,
                    "z": 0.05073988437652588
                },
                "rotation": {
                    "x": 0.0880052000284195,
                    "y": -0.28581303358078003,
                    "z": 0.10216584801673889,
                    "w": 0.9487507343292236
                }
            }
        },
        {
            "header": {
                "seq": 0,
                "stamp": {
                    "secs": 1687318011,
                    "nsecs": 997131669
                },
                "frame_id": "polhemus_base_0"
            },
            "child_frame_id": "polhemus_station_2",
            "transform": {
                "translation": {
                    "x": 0.14409588277339935,
                    "y": -0.013441953808069229,
                    "z": 0.06139698624610901
                },
                "rotation": {
                    "x": 0.030823897570371628,
                    "y": -0.4129292964935303,
                    "z": -0.14025220274925232,
                    "w": 0.8993712663650513
                }
            }
        },
        {
            "header": {
                "seq": 0,
                "stamp": {
                    "secs": 1687318011,
                    "nsecs": 997131669
                },
                "frame_id": "polhemus_base_0"
            },
            "child_frame_id": "polhemus_station_3",
            "transform": {
                "translation": {
                    "x": 0.12308745831251144,
                    "y": 0.044482406228780746,
                    "z": 0.04080747067928314
                },
                "rotation": {
                    "x": -0.2204645425081253,
                    "y": -0.3475731611251831,
                    "z": -0.09548383951187134,
                    "w": 0.9063502550125122
                }
            }
        },
        {
            "header": {
                "seq": 0,
                "stamp": {
                    "secs": 1687318011,
                    "nsecs": 997131669
                },
                "frame_id": "polhemus_base_0"
            },
            "child_frame_id": "polhemus_station_4",
            "transform": {
                "translation": {
                    "x": 0.13780485093593597,
                    "y": 0.06160648539662361,
                    "z": 0.045932311564683914
                },
                "rotation": {
                    "x": 0.41409242153167725,
                    "y": 0.2456740289926529,
                    "z": 0.21885479986667633,
                    "w": -0.8486897945404053
                }
            }
        },
        {
            "header": {
                "seq": 0,
                "stamp": {
                    "secs": 1687318011,
                    "nsecs": 997131669
                },
                "frame_id": "polhemus_base_0"
            },
            "child_frame_id": "polhemus_station_5",
            "transform": {
                "translation": {
                    "x": 0.18833935260772705,
                    "y": 0.05247830972075462,
                    "z": 0.009478546679019928
                },
                "rotation": {
                    "x": 0.2797756493091583,
                    "y": -0.3059539198875427,
                    "z": 0.08342622220516205,
                    "w": -0.9061775803565979
                }
            }
        }
    ]
}