{
    "transforms": [
        {
            "header": {
                "seq": 0,
                "stamp": {
                    "secs": 1687318001,
                    "nsecs": 429579978
                },
                "frame_id": "ra_base"
            },
            "child_frame_id": "ra_tool0_controller",
            "transform": {
                "translation": {
                    "x": -0.6760772124578134,
                    "y": -0.09153931802511237,
                    "z": 0.6376305099543169
                },
                "rotation": {
                    "x": -0.5028292523343939,
                    "y": -0.5053152804863884,
                    "z": 0.49624168988585576,
                    "w": 0.4955435354467126
                }
            }
        }
    ]
}