{
    "transforms": [
        {
            "header": {
                "seq": 0,
                "stamp": {
                    "secs": 1687318025,
                    "nsecs": 721184906
                },
                "frame_id": "ra_base"
            },
            "child_frame_id": "ra_tool0_controller",
            "transform": {
                "translation": {
                    "x": -0.672836561801659,
                    "y": -0.7293819673101302,
                    "z": 0.6299590987873109
                },
                "rotation": {
                    "x": -0.4907413609159551,
                    "y": -0.5021520613047611,
                    "z": 0.5050169203669058,
                    "w": 0.5019702522628826
                }
            }
        }
    ]
}