{
    "transforms": [
        {
            "header": {
                "seq": 0,
                "stamp": {
                    "secs": 1687318006,
                    "nsecs": 705472905
                },
                "frame_id": "polhemus_base_0"
            },
            "child_frame_id": "polhemus_station_0",
            "transform": {
                "translation": {
                    "x": 0.04662178084254265,
                    "y": -0.07148132473230362,
                    "z": 0.14076043665409088
                },
                "rotation": {
                    "x": -0.23830735683441162,
                    "y": -0.5813432335853577,
                    "z": -0.14920015633106232,
                    "w": 0.7635371088981628
                }
            }
        },
        {
            "header": {
                "seq": 0,
                "stamp": {
                    "secs": 1687318006,
                    "nsecs": 705472905
                },
                "frame_id": "polhemus_base_0"
            },
            "child_frame_id": "polhemus_station_1",
            "transform": {
                "translation": {
                    "x": 0.13556472957134247,
                    "y": -0.024123679846525192,
                    "z": 0.05078241601586342
                },
                "rotation": {
                    "x": 0.08765889704227448,
                    "y": -0.28615254163742065,
                    "z": 0.10239828377962112,
                    "w": 0.948655366897583
                }
            }
        },
        {
            "header": {
                "seq": 0,
                "stamp": {
                    "secs": 1687318006,
                    "nsecs": 705472905
                },
                "frame_id": "polhemus_base_0"
            },
            "child_frame_id": "polhemus_station_2",
            "transform": {
                "translation": {
                    "x": 0.14406974613666534,
                    "y": -0.013431533239781857,
                    "z": 0.06141788139939308
                },
                "rotation": {
                    "x": 0.03147607669234276,
                    "y": -0.4130672514438629,
                    "z": -0.14057788252830505,
                    "w": 0.8992345333099365
                }
            }
        },
        {
            "header": {
                "seq": 0,
                "stamp": {
                    "secs": 1687318006,
                    "nsecs": 705472905
                },
                "frame_id": "polhemus_base_0"
            },
            "child_frame_id": "polhemus_station_3",
            "transform": {
                "translation": {
                    "x": 0.12292846292257309,
                    "y": 0.04448213055729866,
                    "z": 0.04113408178091049
                },
                "rotation": {
                    "x": -0.22230209410190582,
                    "y": -0.34959644079208374,
                    "z": -0.09593422710895538,
                    "w": 0.9050748944282532
                }
            }
        },
        {
            "header": {
                "seq": 0,
                "stamp": {
                    "secs": 1687318006,
                    "nsecs": 705472905
                },
                "frame_id": "polhemus_base_0"
            },
            "child_frame_id": "polhemus_station_4",
            "transform": {
                "translation": {
                    "x": 0.1375381052494049,
                    "y": 0.06175448000431061,
                    "z": 0.04623575136065483
                },
                "rotation": {
                    "x": 0.41039979457855225,
                    "y": 0.24621781706809998,
                    "z": 0.21777668595314026,
                    "w": -0.8506009578704834
                }
            }
        },
        {
            "header": {
                "seq": 0,
                "stamp": {
                    "secs": 1687318006,
                    "nsecs": 705472905
                },
                "frame_id": "polhemus_base_0"
            },
            "child_frame_id": "polhemus_station_5",
            "transform": {
                "translation": {
                    "x": 0.18834242224693298,
                    "y": 0.05279918015003204,
                    "z": 0.009514675475656986
                },
                "rotation": {
                    "x": 0.2781186103820801,
                    "y": -0.3063948154449463,
                    "z": 0.08149741590023041,
                    "w": -0.9067140817642212
                }
            }
        }
    ]
}