{
    "transforms": [
        {
            "header": {
                "seq": 0,
                "stamp": {
                    "secs": 1687318005,
                    "nsecs": 625184906
                },
                "frame_id": "ra_base"
            },
            "child_frame_id": "ra_tool0_controller",
            "transform": {
                "translation": {
                    "x": -0.6760699996556055,
                    "y": -0.09154582385877516,
                    "z": 0.6376165493824607
                },
                "rotation": {
                    "x": -0.5028078691774388,
                    "y": -0.5053319267032609,
                    "z": 0.4962486960956162,
                    "w": 0.4955412416449455
                }
            }
        }
    ]
}