{
    "transforms": [
        {
            "header": {
                "seq": 0,
                "stamp": {
                    "secs": 1687318000,
                    "nsecs": 430450116
                },
                "frame_id": "polhemus_base_0"
            },
            "child_frame_id": "polhemus_station_0",
            "transform": {
                "translation": {
                    "x": 0.047196805477142334,
                    "y": -0.07200508564710617,
                    "z": 0.14040634036064148
                },
                "rotation": {
                    "x": -0.23486779630184174,
                    "y": -0.5791346430778503,
                    "z": -0.14951828122138977,
                    "w": 0.7662143111228943
                }
            }
        },
        {
            "header": {
                "seq": 0,
                "stamp": {
                    "secs": 1687318000,
                    "nsecs": 430450116
                },
                "frame_id": "polhemus_base_0"
            },
            "child_frame_id": "polhemus_station_1",
            "transform": {
                "translation": {
                    "x": 0.1354171484708786,
                    "y": -0.023863034322857857,
                    "z": 0.05096575245261192
                },
                "rotation": {
                    "x": 0.08603496104478836,
                    "y": -0.2872992753982544,
                    "z": 0.10351745784282684,
                    "w": 0.9483359456062317
                }
            }
        },
        {
            "header": {
                "seq": 0,
                "stamp": {
                    "secs": 1687318000,
                    "nsecs": 430450116
                },
                "frame_id": "polhemus_base_0"
            },
            "child_frame_id": "polhemus_station_2",
            "transform": {
                "translation": {
                    "x": 0.14388589560985565,
                    "y": -0.013099027797579765,
                    "z": 0.061575040221214294
                },
                "rotation": {
                    "x": 0.029743438586592674,
                    "y": -0.4145265519618988,
                    "z": -0.139143168926239,
                    "w": 0.8988450765609741
                }
            }
        },
        {
            "header": {
                "seq": 0,
                "stamp": {
                    "secs": 1687318000,
                    "nsecs": 430450116
                },
                "frame_id": "polhemus_base_0"
            },
            "child_frame_id": "polhemus_station_3",
            "transform": {
                "translation": {
                    "x": 0.12255342304706573,
                    "y": 0.04504888504743576,
                    "z": 0.04201411083340645
                },
                "rotation": {
                    "x": -0.2224983423948288,
                    "y": -0.35304898023605347,
                    "z": -0.09355950355529785,
                    "w": 0.9039342403411865
                }
            }
        },
        {
            "header": {
                "seq": 0,
                "stamp": {
                    "secs": 1687318000,
                    "nsecs": 430450116
                },
                "frame_id": "polhemus_base_0"
            },
            "child_frame_id": "polhemus_station_4",
            "transform": {
                "translation": {
                    "x": 0.13667526841163635,
                    "y": 0.06257166713476181,
                    "z": 0.04700470343232155
                },
                "rotation": {
                    "x": 0.403009831905365,
                    "y": 0.25097501277923584,
                    "z": 0.21208789944648743,
                    "w": -0.8541741371154785
                }
            }
        },
        {
            "header": {
                "seq": 0,
                "stamp": {
                    "secs": 1687318000,
                    "nsecs": 430450116
                },
                "frame_id": "polhemus_base_0"
            },
            "child_frame_id": "polhemus_station_5",
            "transform": {
                "translation": {
                    "x": 0.18842053413391113,
                    "y": 0.053588613867759705,
                    "z": 0.009660473093390465
                },
                "rotation": {
                    "x": 0.2761494219303131,
                    "y": -0.30527186393737793,
                    "z": 0.07798002660274506,
                    "w": -0.9080030918121338
                }
            }
        }
    ]
}