{
    "transforms": [
        {
            "header": {
                "seq": 0,
                "stamp": {
                    "secs": 1687318002,
                    "nsecs": 167579978
                },
                "frame_id": "ra_base"
            },
            "child_frame_id": "ra_tool0_controller",
            "transform": {
                "translation": {
                    "x": -0.6760766132944162,
                    "y": -0.09154306710265103,
                    "z": 0.6376394563393679
                },
                "rotation": {
                    "x": -0.5027976803514431,
                    "y": -0.5053193193583408,
                    "z": 0.4962537649518485,
                    "w": 0.49555935960038805
                }
            }
        }
    ]
}