{
    "transforms": [
        {
            "header": {
                "seq": 0,
                "stamp": {
                    "secs": 1687318026,
                    "nsecs": 587184906
                },
                "frame_id": "ra_base"
            },
            "child_frame_id": "ra_tool0_controller",
            "transform": {
                "translation": {
                    "x": -0.672824550986959,
                    "y": -0.7293931286592433,
                    "z": 0.6299676147042484
                },
                "rotation": {
                    "x": -0.49074245315607573,
                    "y": -0.5021566672513142,
                    "z": 0.5050262978667038,
                    "w": 0.5019551420878773
                }
            }
        }
    ]
}