{
    "transforms": [
        {
            "header": {
                "seq": 0,
                "stamp": {
                    "secs": 1687317999,
                    "nsecs": 377579978
                },
                "frame_id": "ra_base"
            },
            "child_frame_id": "ra_tool0_controller",
            "transform": {
                "translation": {
                    "x": -0.676070874677353,
                    "y": -0.0915384654745773,
                    "z": 0.6376293938557888
                },
                "rotation": {
                    "x": -0.5028219996505101,
                    "y": -0.5053100374925564,
                    "z": 0.4962549976619244,
                    "w": 0.49554291435989395
                }
            }
        }
    ]
}