{
    "transforms": [
        {
            "header": {
                "seq": 0,
                "stamp": {
                    "secs": 1687318013,
                    "nsecs": 910806031
                },
                "frame_id": "polhemus_base_0"
            },
            "child_frame_id": "rh_user_forearm",
            "transform": {
                "translation": {
                    "x": -0.18833845853805542,
                    "y": 0.05237685516476631,
                    "z": 0.00938392337411642
                },
                "rotation": {
                    "x": -0.2803878080756889,
                    "y": -0.30609460492944135,
                    "z": 0.08403628742737458,
                    "w": 0.9058844696267973
                }
            }
        }
    ]
}