{
    "transforms": [
        {
            "header": {
                "seq": 0,
                "stamp": {
                    "secs": 1687318023,
                    "nsecs": 999184906
                },
                "frame_id": "ra_base"
            },
            "child_frame_id": "ra_tool0_controller",
            "transform": {
                "translation": {
                    "x": -0.6728253489479556,
                    "y": -0.7293972182399328,
                    "z": 0.6299667332977319
                },
                "rotation": {
                    "x": -0.4907322183517791,
                    "y": -0.5021532503940921,
                    "z": 0.5050250337271465,
                    "w": 0.501969838037192
                }
            }
        }
    ]
}