{
    "transforms": [
        {
            "header": {
                "seq": 0,
                "stamp": {
                    "secs": 1687318001,
                    "nsecs": 539579978
                },
                "frame_id": "ra_base"
            },
            "child_frame_id": "ra_tool0_controller",
            "transform": {
                "translation": {
                    "x": -0.6760784927685627,
                    "y": -0.09152904079874447,
                    "z": 0.6376481363315528
                },
                "rotation": {
                    "x": -0.5028016092072408,
                    "y": -0.505315504151601,
                    "z": 0.496234328662414,
                    "w": 0.49557872643969075
                }
            }
        }
    ]
}