{
    "transforms": [
        {
            "header": {
                "seq": 0,
                "stamp": {
                    "secs": 1687318013,
                    "nsecs": 909184906
                },
                "frame_id": "ra_base"
            },
            "child_frame_id": "ra_tool0_controller",
            "transform": {
                "translation": {
                    "x": -0.6728411206469831,
                    "y": -0.7294032747117026,
                    "z": 0.6299582515001176
                },
                "rotation": {
                    "x": -0.490747386425252,
                    "y": -0.502138086081765,
                    "z": 0.5050431819217815,
                    "w": 0.5019519196270181
                }
            }
        }
    ]
}