{
    "transforms": [
        {
            "header": {
                "seq": 0,
                "stamp": {
                    "secs": 1687318025,
                    "nsecs": 539184906
                },
                "frame_id": "ra_base"
            },
            "child_frame_id": "ra_tool0_controller",
            "transform": {
                "translation": {
                    "x": -0.6728421381889473,
                    "y": -0.7293883884532772,
                    "z": 0.6299442922160822
                },
                "rotation": {
                    "x": -0.4907392989958838,
                    "y": -0.5021580463420905,
                    "z": 0.5050171786451894,
                    "w": 0.5019660209498014
                }
            }
        }
    ]
}