{
    "transforms": [
        {
            "header": {
                "seq": 0,
                "stamp": {
                    "secs": 1687318010,
                    "nsecs": 111184906
                },
                "frame_id": "ra_base"
            },
            "child_frame_id": "ra_tool0_controller",
            "transform": {
                "translation": {
                    "x": -0.7652022911579717,
                    "y": -0.41467344261013006,
                    "z": 0.6606696659243813
                },
                "rotation": {
                    "x": -0.49385920062024147,
                    "y": -0.504706624231261,
                    "z": 0.5000636938048753,
                    "w": 0.5013089023327282
                }
            }
        }
    ]
}