{
    "transforms": [
        {
            "header": {
                "seq": 0,
                "stamp": {
                    "secs": 1687318021,
                    "nsecs": 985184906
                },
                "frame_id": "ra_base"
            },
            "child_frame_id": "ra_tool0_controller",
            "transform": {
                "translation": {
                    "x": -0.6728526227643584,
                    "y": -0.7293800923723243,
                    "z": 0.6299750822962861
                },
                "rotation": {
                    "x": -0.49075303331716347,
                    "y": -0.5021242346548808,
                    "z": 0.5050369631953554,
                    "w": 0.5019665118996152
                }
            }
        }
    ]
}