{
    "transforms": [
        {
            "header": {
                "seq": 0,
                "stamp": {
                    "secs": 1687318017,
                    "nsecs": 663184906
                },
                "frame_id": "ra_base"
            },
            "child_frame_id": "ra_tool0_controller",
            "transform": {
                "translation": {
                    "x": -0.6728435940041785,
                    "y": -0.7293868528597973,
                    "z": 0.6299552699217119
                },
                "rotation": {
                    "x": -0.4907402479740933,
                    "y": -0.5021485960378321,
                    "z": 0.5050143600374998,
                    "w": 0.501977382629411
                }
            }
        }
    ]
}