{
    "transforms": [
        {
            "header": {
                "seq": 0,
                "stamp": {
                    "secs": 1687317999,
                    "nsecs": 580437819
                },
                "frame_id": "polhemus_base_0"
            },
            "child_frame_id": "polhemus_station_0",
            "transform": {
                "translation": {
                    "x": 0.047216981649398804,
                    "y": -0.07205542176961899,
                    "z": 0.14037974178791046
                },
                "rotation": {
                    "x": -0.23458057641983032,
                    "y": -0.579046368598938,
                    "z": -0.14959043264389038,
                    "w": 0.7663549184799194
                }
            }
        },
        {
            "header": {
                "seq": 0,
                "stamp": {
                    "secs": 1687317999,
                    "nsecs": 580437819
                },
                "frame_id": "polhemus_base_0"
            },
            "child_frame_id": "polhemus_station_1",
            "transform": {
                "translation": {
                    "x": 0.13540171086788177,
                    "y": -0.023881608620285988,
                    "z": 0.0509868822991848
                },
                "rotation": {
                    "x": 0.08590523898601532,
                    "y": -0.2874985635280609,
                    "z": 0.10336054861545563,
                    "w": 0.9483044743537903
                }
            }
        },
        {
            "header": {
                "seq": 0,
                "stamp": {
                    "secs": 1687317999,
                    "nsecs": 580437819
                },
                "frame_id": "polhemus_base_0"
            },
            "child_frame_id": "polhemus_station_2",
            "transform": {
                "translation": {
                    "x": 0.14388418197631836,
                    "y": -0.013118688948452473,
                    "z": 0.061569418758153915
                },
                "rotation": {
                    "x": 0.02952689863741398,
                    "y": -0.41434526443481445,
                    "z": -0.1394486278295517,
                    "w": 0.898888349533081
                }
            }
        },
        {
            "header": {
                "seq": 0,
                "stamp": {
                    "secs": 1687317999,
                    "nsecs": 580437819
                },
                "frame_id": "polhemus_base_0"
            },
            "child_frame_id": "polhemus_station_3",
            "transform": {
                "translation": {
                    "x": 0.12253836542367935,
                    "y": 0.04507613927125931,
                    "z": 0.04204763472080231
                },
                "rotation": {
                    "x": -0.22248494625091553,
                    "y": -0.35328757762908936,
                    "z": -0.09330392628908157,
                    "w": 0.9038708209991455
                }
            }
        },
        {
            "header": {
                "seq": 0,
                "stamp": {
                    "secs": 1687317999,
                    "nsecs": 580437819
                },
                "frame_id": "polhemus_base_0"
            },
            "child_frame_id": "polhemus_station_4",
            "transform": {
                "translation": {
                    "x": 0.13666392862796783,
                    "y": 0.0625775158405304,
                    "z": 0.04701711982488632
                },
                "rotation": {
                    "x": 0.40274885296821594,
                    "y": 0.25081586837768555,
                    "z": 0.21198293566703796,
                    "w": -0.8543699383735657
                }
            }
        },
        {
            "header": {
                "seq": 0,
                "stamp": {
                    "secs": 1687317999,
                    "nsecs": 580437819
                },
                "frame_id": "polhemus_base_0"
            },
            "child_frame_id": "polhemus_station_5",
            "transform": {
                "translation": {
                    "x": 0.18841558694839478,
                    "y": 0.05368875339627266,
                    "z": 0.009550761431455612
                },
                "rotation": {
                    "x": 0.2763047218322754,
                    "y": -0.30580151081085205,
                    "z": 0.07726520299911499,
                    "w": -0.9078387022018433
                }
            }
        }
    ]
}