{
    "transforms": [
        {
            "header": {
                "seq": 0,
                "stamp": {
                    "secs": 1687318023,
                    "nsecs": 553184906
                },
                "frame_id": "ra_base"
            },
            "child_frame_id": "ra_tool0_controller",
            "transform": {
                "translation": {
                    "x": -0.6728420967088851,
                    "y": -0.7293850859704466,
                    "z": 0.6299392486487267
                },
                "rotation": {
                    "x": -0.490739619405861,
                    "y": -0.5021595529060194,
                    "z": 0.5050017038013596,
                    "w": 0.5019797690428783
                }
            }
        }
    ]
}