{
    "transforms": [
        {
            "header": {
                "seq": 0,
                "stamp": {
                    "secs": 1687318009,
                    "nsecs": 388824957
                },
                "frame_id": "polhemus_base_0"
            },
            "child_frame_id": "polhemus_station_0",
            "transform": {
                "translation": {
                    "x": 0.04664905369281769,
                    "y": -0.07131599634885788,
                    "z": 0.14083445072174072
                },
                "rotation": {
                    "x": -0.23941966891288757,
                    "y": -0.5811190009117126,
                    "z": -0.14922627806663513,
                    "w": 0.7633545994758606
                }
            }
        },
        {
            "header": {
                "seq": 0,
                "stamp": {
                    "secs": 1687318009,
                    "nsecs": 388824957
                },
                "frame_id": "polhemus_base_0"
            },
            "child_frame_id": "polhemus_station_1",
            "transform": {
                "translation": {
                    "x": 0.13558994233608246,
                    "y": -0.02416582778096199,
                    "z": 0.050752878189086914
                },
                "rotation": {
                    "x": 0.08780217170715332,
                    "y": -0.2859859764575958,
                    "z": 0.10214162617921829,
                    "w": 0.9487200975418091
                }
            }
        },
        {
            "header": {
                "seq": 0,
                "stamp": {
                    "secs": 1687318009,
                    "nsecs": 388824957
                },
                "frame_id": "polhemus_base_0"
            },
            "child_frame_id": "polhemus_station_2",
            "transform": {
                "translation": {
                    "x": 0.14410056173801422,
                    "y": -0.013474966399371624,
                    "z": 0.061400700360536575
                },
                "rotation": {
                    "x": 0.031230252236127853,
                    "y": -0.41296303272247314,
                    "z": -0.14077982306480408,
                    "w": 0.8992592692375183
                }
            }
        },
        {
            "header": {
                "seq": 0,
                "stamp": {
                    "secs": 1687318009,
                    "nsecs": 388824957
                },
                "frame_id": "polhemus_base_0"
            },
            "child_frame_id": "polhemus_station_3",
            "transform": {
                "translation": {
                    "x": 0.12300490587949753,
                    "y": 0.044506948441267014,
                    "z": 0.040945786982774734
                },
                "rotation": {
                    "x": -0.2209111601114273,
                    "y": -0.3483734130859375,
                    "z": -0.09499549865722656,
                    "w": 0.9059854745864868
                }
            }
        },
        {
            "header": {
                "seq": 0,
                "stamp": {
                    "secs": 1687318009,
                    "nsecs": 388824957
                },
                "frame_id": "polhemus_base_0"
            },
            "child_frame_id": "polhemus_station_4",
            "transform": {
                "translation": {
                    "x": 0.1377185434103012,
                    "y": 0.0616488978266716,
                    "z": 0.04603499546647072
                },
                "rotation": {
                    "x": 0.4118768572807312,
                    "y": 0.24518641829490662,
                    "z": 0.2183741331100464,
                    "w": -0.8500316739082336
                }
            }
        },
        {
            "header": {
                "seq": 0,
                "stamp": {
                    "secs": 1687318009,
                    "nsecs": 388824957
                },
                "frame_id": "polhemus_base_0"
            },
            "child_frame_id": "polhemus_station_5",
            "transform": {
                "translation": {
                    "x": 0.18834221363067627,
                    "y": 0.05265570804476738,
                    "z": 0.009411006234586239
                },
                "rotation": {
                    "x": 0.27920639514923096,
                    "y": -0.30643439292907715,
                    "z": 0.08233684301376343,
                    "w": -0.9062904119491577
                }
            }
        }
    ]
}