{
    "transforms": [
        {
            "header": {
                "seq": 0,
                "stamp": {
                    "secs": 1687318007,
                    "nsecs": 797178626
                },
                "frame_id": "polhemus_base_0"
            },
            "child_frame_id": "polhemus_station_0",
            "transform": {
                "translation": {
                    "x": 0.04661202430725098,
                    "y": -0.07138132303953171,
                    "z": 0.14080138504505157
                },
                "rotation": {
                    "x": -0.2387571930885315,
                    "y": -0.5813512206077576,
                    "z": -0.14913181960582733,
                    "w": 0.7634037733078003
                }
            }
        },
        {
            "header": {
                "seq": 0,
                "stamp": {
                    "secs": 1687318007,
                    "nsecs": 797178626
                },
                "frame_id": "polhemus_base_0"
            },
            "child_frame_id": "polhemus_station_1",
            "transform": {
                "translation": {
                    "x": 0.1355707049369812,
                    "y": -0.02414228580892086,
                    "z": 0.050770193338394165
                },
                "rotation": {
                    "x": 0.08773090690374374,
                    "y": -0.2860625982284546,
                    "z": 0.1023307666182518,
                    "w": 0.9486831426620483
                }
            }
        },
        {
            "header": {
                "seq": 0,
                "stamp": {
                    "secs": 1687318007,
                    "nsecs": 797178626
                },
                "frame_id": "polhemus_base_0"
            },
            "child_frame_id": "polhemus_station_2",
            "transform": {
                "translation": {
                    "x": 0.14407695829868317,
                    "y": -0.013450844213366508,
                    "z": 0.06141506880521774
                },
                "rotation": {
                    "x": 0.031405258923769,
                    "y": -0.4130684733390808,
                    "z": -0.14066514372825623,
                    "w": 0.8992227911949158
                }
            }
        },
        {
            "header": {
                "seq": 0,
                "stamp": {
                    "secs": 1687318007,
                    "nsecs": 797178626
                },
                "frame_id": "polhemus_base_0"
            },
            "child_frame_id": "polhemus_station_3",
            "transform": {
                "translation": {
                    "x": 0.1229495033621788,
                    "y": 0.04447213187813759,
                    "z": 0.04108317941427231
                },
                "rotation": {
                    "x": -0.22218458354473114,
                    "y": -0.349292129278183,
                    "z": -0.09603991359472275,
                    "w": 0.9052099585533142
                }
            }
        },
        {
            "header": {
                "seq": 0,
                "stamp": {
                    "secs": 1687318007,
                    "nsecs": 797178626
                },
                "frame_id": "polhemus_base_0"
            },
            "child_frame_id": "polhemus_station_4",
            "transform": {
                "translation": {
                    "x": 0.13757747411727905,
                    "y": 0.06172158941626549,
                    "z": 0.046181678771972656
                },
                "rotation": {
                    "x": 0.4111826419830322,
                    "y": 0.24626049399375916,
                    "z": 0.2180163562297821,
                    "w": -0.8501490950584412
                }
            }
        },
        {
            "header": {
                "seq": 0,
                "stamp": {
                    "secs": 1687318007,
                    "nsecs": 797178626
                },
                "frame_id": "polhemus_base_0"
            },
            "child_frame_id": "polhemus_station_5",
            "transform": {
                "translation": {
                    "x": 0.1883569061756134,
                    "y": 0.05276583880186081,
                    "z": 0.009509182535111904
                },
                "rotation": {
                    "x": 0.27874889969825745,
                    "y": -0.3061061203479767,
                    "z": 0.08192114531993866,
                    "w": -0.9065797924995422
                }
            }
        }
    ]
}