{
    "transforms": [
        {
            "header": {
                "seq": 0,
                "stamp": {
                    "secs": 1687318013,
                    "nsecs": 13184906
                },
                "frame_id": "ra_base"
            },
            "child_frame_id": "ra_tool0_controller",
            "transform": {
                "translation": {
                    "x": -0.6728558774575628,
                    "y": -0.7293900315419802,
                    "z": 0.6299196563734706
                },
                "rotation": {
                    "x": -0.49074011637468057,
                    "y": -0.5021689517449656,
                    "z": 0.5049967259505243,
                    "w": 0.5019748886778885
                }
            }
        }
    ]
}