{
    "transforms": [
        {
            "header": {
                "seq": 0,
                "stamp": {
                    "secs": 1687318023,
                    "nsecs": 513806723
                },
                "frame_id": "polhemus_base_0"
            },
            "child_frame_id": "polhemus_station_0",
            "transform": {
                "translation": {
                    "x": 0.04530668631196022,
                    "y": -0.07012993097305298,
                    "z": 0.14154040813446045
                },
                "rotation": {
                    "x": -0.2451460212469101,
                    "y": -0.5863869190216064,
                    "z": -0.14810454845428467,
                    "w": 0.7577062249183655
                }
            }
        },
        {
            "header": {
                "seq": 0,
                "stamp": {
                    "secs": 1687318023,
                    "nsecs": 513806723
                },
                "frame_id": "polhemus_base_0"
            },
            "child_frame_id": "polhemus_station_1",
            "transform": {
                "translation": {
                    "x": 0.13559068739414215,
                    "y": -0.02398422174155712,
                    "z": 0.0508243665099144
                },
                "rotation": {
                    "x": 0.08839534968137741,
                    "y": -0.2856904864311218,
                    "z": 0.10323429852724075,
                    "w": 0.9486357569694519
                }
            }
        },
        {
            "header": {
                "seq": 0,
                "stamp": {
                    "secs": 1687318023,
                    "nsecs": 513806723
                },
                "frame_id": "polhemus_base_0"
            },
            "child_frame_id": "polhemus_station_2",
            "transform": {
                "translation": {
                    "x": 0.14404335618019104,
                    "y": -0.013255754485726357,
                    "z": 0.061497416347265244
                },
                "rotation": {
                    "x": 0.03044287860393524,
                    "y": -0.41301798820495605,
                    "z": -0.13854902982711792,
                    "w": 0.8996074795722961
                }
            }
        },
        {
            "header": {
                "seq": 0,
                "stamp": {
                    "secs": 1687318023,
                    "nsecs": 513806723
                },
                "frame_id": "polhemus_base_0"
            },
            "child_frame_id": "polhemus_station_3",
            "transform": {
                "translation": {
                    "x": 0.12338460236787796,
                    "y": 0.044513434171676636,
                    "z": 0.04040437191724777
                },
                "rotation": {
                    "x": -0.22199979424476624,
                    "y": -0.3453209102153778,
                    "z": -0.09698912501335144,
                    "w": 0.9066765904426575
                }
            }
        },
        {
            "header": {
                "seq": 0,
                "stamp": {
                    "secs": 1687318023,
                    "nsecs": 513806723
                },
                "frame_id": "polhemus_base_0"
            },
            "child_frame_id": "polhemus_station_4",
            "transform": {
                "translation": {
                    "x": 0.13825559616088867,
                    "y": 0.061494242399930954,
                    "z": 0.04538114368915558
                },
                "rotation": {
                    "x": 0.42206940054893494,
                    "y": 0.24531181156635284,
                    "z": 0.22018232941627502,
                    "w": -0.8445111513137817
                }
            }
        },
        {
            "header": {
                "seq": 0,
                "stamp": {
                    "secs": 1687318023,
                    "nsecs": 513806723
                },
                "frame_id": "polhemus_base_0"
            },
            "child_frame_id": "polhemus_station_5",
            "transform": {
                "translation": {
                    "x": 0.18830104172229767,
                    "y": 0.05195748060941696,
                    "z": 0.00922421459108591
                },
                "rotation": {
                    "x": 0.28342974185943604,
                    "y": -0.3062726855278015,
                    "z": 0.08647710084915161,
                    "w": -0.9046470522880554
                }
            }
        }
    ]
}