{
    "transforms": [
        {
            "header": {
                "seq": 0,
                "stamp": {
                    "secs": 1687318024,
                    "nsecs": 75184906
                },
                "frame_id": "ra_base"
            },
            "child_frame_id": "ra_tool0_controller",
            "transform": {
                "translation": {
                    "x": -0.6728158665531014,
                    "y": -0.729405952127254,
                    "z": 0.6299333290112967
                },
                "rotation": {
                    "x": -0.49072869278794873,
                    "y": -0.5021860116170027,
                    "z": 0.5050046539481171,
                    "w": 0.5019610137267446
                }
            }
        }
    ]
}