{
    "transforms": [
        {
            "header": {
                "seq": 0,
                "stamp": {
                    "secs": 1687318000,
                    "nsecs": 931579978
                },
                "frame_id": "ra_base"
            },
            "child_frame_id": "ra_tool0_controller",
            "transform": {
                "translation": {
                    "x": -0.6760762883553038,
                    "y": -0.09153380209798842,
                    "z": 0.637635506398898
                },
                "rotation": {
                    "x": -0.5028012467528584,
                    "y": -0.5053234851128457,
                    "z": 0.4962532575578926,
                    "w": 0.4955520013281742
                }
            }
        }
    ]
}