{
    "transforms": [
        {
            "header": {
                "seq": 0,
                "stamp": {
                    "secs": 1687318003,
                    "nsecs": 245579978
                },
                "frame_id": "ra_base"
            },
            "child_frame_id": "ra_tool0_controller",
            "transform": {
                "translation": {
                    "x": -0.6760830068691474,
                    "y": -0.09153929949051934,
                    "z": 0.6376223038867372
                },
                "rotation": {
                    "x": -0.502818616886316,
                    "y": -0.505317473109522,
                    "z": 0.49624326496092264,
                    "w": 0.49555051393744237
                }
            }
        }
    ]
}