{
    "transforms": [
        {
            "header": {
                "seq": 0,
                "stamp": {
                    "secs": 1687318007,
                    "nsecs": 57184906
                },
                "frame_id": "ra_base"
            },
            "child_frame_id": "ra_tool0_controller",
            "transform": {
                "translation": {
                    "x": -0.6760746718490831,
                    "y": -0.09154232996346574,
                    "z": 0.6376358380094344
                },
                "rotation": {
                    "x": -0.5028032876727685,
                    "y": -0.5053211952859217,
                    "z": 0.4962474222007973,
                    "w": 0.4955581090642412
                }
            }
        }
    ]
}