{
    "transforms": [
        {
            "header": {
                "seq": 0,
                "stamp": {
                    "secs": 1687318012,
                    "nsecs": 523184906
                },
                "frame_id": "ra_base"
            },
            "child_frame_id": "ra_tool0_controller",
            "transform": {
                "translation": {
                    "x": -0.672833450140507,
                    "y": -0.7293276689262248,
                    "z": 0.62999599794995
                },
                "rotation": {
                    "x": -0.4907567343866181,
                    "y": -0.5021396906805334,
                    "z": 0.5049936457920842,
                    "w": 0.5019910122771719
                }
            }
        }
    ]
}