{
    "transforms": [
        {
            "header": {
                "seq": 0,
                "stamp": {
                    "secs": 1687318005,
                    "nsecs": 611184906
                },
                "frame_id": "ra_base"
            },
            "child_frame_id": "ra_tool0_controller",
            "transform": {
                "translation": {
                    "x": -0.6760647013834294,
                    "y": -0.0915438045163861,
                    "z": 0.6376488700202644
                },
                "rotation": {
                    "x": -0.5027965390360133,
                    "y": -0.5053245296016345,
                    "z": 0.4962441338925617,
                    "w": 0.49556484913027765
                }
            }
        }
    ]
}