{
    "transforms": [
        {
            "header": {
                "seq": 0,
                "stamp": {
                    "secs": 1687318019,
                    "nsecs": 725184906
                },
                "frame_id": "ra_base"
            },
            "child_frame_id": "ra_tool0_controller",
            "transform": {
                "translation": {
                    "x": -0.6728453775823776,
                    "y": -0.7293865481987426,
                    "z": 0.6299449321532343
                },
                "rotation": {
                    "x": -0.49074003148854123,
                    "y": -0.5021546365558784,
                    "z": 0.5050187955565493,
                    "w": 0.5019670891748499
                }
            }
        }
    ]
}