{
    "transforms": [
        {
            "header": {
                "seq": 0,
                "stamp": {
                    "secs": 1687318018,
                    "nsecs": 715184906
                },
                "frame_id": "ra_base"
            },
            "child_frame_id": "ra_tool0_controller",
            "transform": {
                "translation": {
                    "x": -0.6728553879930694,
                    "y": -0.7293731550289717,
                    "z": 0.6299602543040163
                },
                "rotation": {
                    "x": -0.4907457461172781,
                    "y": -0.5021448953597286,
                    "z": 0.5050126981966514,
                    "w": 0.5019773813550776
                }
            }
        }
    ]
}