{
    "transforms": [
        {
            "header": {
                "seq": 0,
                "stamp": {
                    "secs": 1687318005,
                    "nsecs": 9184906
                },
                "frame_id": "ra_base"
            },
            "child_frame_id": "ra_tool0_controller",
            "transform": {
                "translation": {
                    "x": -0.6760837644291733,
                    "y": -0.09154201431913996,
                    "z": 0.6376713610128145
                },
                "rotation": {
                    "x": -0.5027875028883618,
                    "y": -0.505306595947413,
                    "z": 0.49626659433062625,
                    "w": 0.4955698118154546
                }
            }
        }
    ]
}