{
    "transforms": [
        {
            "header": {
                "seq": 0,
                "stamp": {
                    "secs": 1687318010,
                    "nsecs": 410806290
                },
                "frame_id": "polhemus_base_0"
            },
            "child_frame_id": "rh_user_forearm",
            "transform": {
                "translation": {
                    "x": -0.1883549690246582,
                    "y": 0.05260305851697922,
                    "z": 0.0094851553440094
                },
                "rotation": {
                    "x": -0.2790751402568385,
                    "y": -0.3060775666133734,
                    "z": 0.08269137865227882,
                    "w": 0.9064191774246877
                }
            }
        }
    ]
}