{
    "transforms": [
        {
            "header": {
                "seq": 0,
                "stamp": {
                    "secs": 1687318008,
                    "nsecs": 331184906
                },
                "frame_id": "ra_base"
            },
            "child_frame_id": "ra_tool0_controller",
            "transform": {
                "translation": {
                    "x": -0.7082676068176088,
                    "y": -0.14592656206695725,
                    "z": 0.6482709613551695
                },
                "rotation": {
                    "x": -0.5005878232333552,
                    "y": -0.5056020401211153,
                    "z": 0.49667645090542756,
                    "w": 0.49708239897611095
                }
            }
        }
    ]
}