{
    "transforms": [
        {
            "header": {
                "seq": 0,
                "stamp": {
                    "secs": 1687318007,
                    "nsecs": 729184906
                },
                "frame_id": "ra_base"
            },
            "child_frame_id": "ra_tool0_controller",
            "transform": {
                "translation": {
                    "x": -0.6812905526469616,
                    "y": -0.09927819315528146,
                    "z": 0.639489552681346
                },
                "rotation": {
                    "x": -0.5024479144241911,
                    "y": -0.5053447869598838,
                    "z": 0.4963153786905958,
                    "w": 0.4958263652312783
                }
            }
        }
    ]
}