{
    "transforms": [
        {
            "header": {
                "seq": 0,
                "stamp": {
                    "secs": 1687318013,
                    "nsecs": 715184906
                },
                "frame_id": "ra_base"
            },
            "child_frame_id": "ra_tool0_controller",
            "transform": {
                "translation": {
                    "x": -0.6728443460646018,
                    "y": -0.7293934005540209,
                    "z": 0.629925939261194
                },
                "rotation": {
                    "x": -0.49073398148263797,
                    "y": -0.5021668870925893,
                    "z": 0.5050037819575144,
                    "w": 0.5019758531389175
                }
            }
        }
    ]
}