{
    "transforms": [
        {
            "header": {
                "seq": 0,
                "stamp": {
                    "secs": 1687318026,
                    "nsecs": 817184906
                },
                "frame_id": "ra_base"
            },
            "child_frame_id": "ra_tool0_controller",
            "transform": {
                "translation": {
                    "x": -0.6728418139222928,
                    "y": -0.7293866547231551,
                    "z": 0.6299653804019857
                },
                "rotation": {
                    "x": -0.49073956595322477,
                    "y": -0.5021535232578126,
                    "z": 0.5050153785718972,
                    "w": 0.5019720957321128
                }
            }
        }
    ]
}