{
    "transforms": [
        {
            "header": {
                "seq": 0,
                "stamp": {
                    "secs": 1687318010,
                    "nsecs": 55505805
                },
                "frame_id": "polhemus_base_0"
            },
            "child_frame_id": "polhemus_station_0",
            "transform": {
                "translation": {
                    "x": 0.046627454459667206,
                    "y": -0.07127299159765244,
                    "z": 0.14085982739925385
                },
                "rotation": {
                    "x": -0.23961736261844635,
                    "y": -0.5811446905136108,
                    "z": -0.1490824967622757,
                    "w": 0.7633010745048523
                }
            }
        },
        {
            "header": {
                "seq": 0,
                "stamp": {
                    "secs": 1687318010,
                    "nsecs": 55505805
                },
                "frame_id": "polhemus_base_0"
            },
            "child_frame_id": "polhemus_station_1",
            "transform": {
                "translation": {
                    "x": 0.1355929970741272,
                    "y": -0.024166053161025047,
                    "z": 0.05075255408883095
                },
                "rotation": {
                    "x": 0.0878528282046318,
                    "y": -0.2859521210193634,
                    "z": 0.10218846052885056,
                    "w": 0.9487205743789673
                }
            }
        },
        {
            "header": {
                "seq": 0,
                "stamp": {
                    "secs": 1687318010,
                    "nsecs": 55505805
                },
                "frame_id": "polhemus_base_0"
            },
            "child_frame_id": "polhemus_station_2",
            "transform": {
                "translation": {
                    "x": 0.1441042572259903,
                    "y": -0.013479913584887981,
                    "z": 0.0613945871591568
                },
                "rotation": {
                    "x": 0.03125461935997009,
                    "y": -0.4128726124763489,
                    "z": -0.14072513580322266,
                    "w": 0.8993085622787476
                }
            }
        },
        {
            "header": {
                "seq": 0,
                "stamp": {
                    "secs": 1687318010,
                    "nsecs": 55505805
                },
                "frame_id": "polhemus_base_0"
            },
            "child_frame_id": "polhemus_station_3",
            "transform": {
                "translation": {
                    "x": 0.12301050871610641,
                    "y": 0.04449257254600525,
                    "z": 0.04094119742512703
                },
                "rotation": {
                    "x": -0.2208944708108902,
                    "y": -0.34835219383239746,
                    "z": -0.09516050666570663,
                    "w": 0.9059804081916809
                }
            }
        },
        {
            "header": {
                "seq": 0,
                "stamp": {
                    "secs": 1687318010,
                    "nsecs": 55505805
                },
                "frame_id": "polhemus_base_0"
            },
            "child_frame_id": "polhemus_station_4",
            "transform": {
                "translation": {
                    "x": 0.13772764801979065,
                    "y": 0.061632782220840454,
                    "z": 0.046034399420022964
                },
                "rotation": {
                    "x": 0.4120413661003113,
                    "y": 0.24519377946853638,
                    "z": 0.2185102105140686,
                    "w": -0.8499147891998291
                }
            }
        },
        {
            "header": {
                "seq": 0,
                "stamp": {
                    "secs": 1687318010,
                    "nsecs": 55505805
                },
                "frame_id": "polhemus_base_0"
            },
            "child_frame_id": "polhemus_station_5",
            "transform": {
                "translation": {
                    "x": 0.1883517950773239,
                    "y": 0.05259969085454941,
                    "z": 0.009472512640058994
                },
                "rotation": {
                    "x": 0.2789440155029297,
                    "y": -0.3061619997024536,
                    "z": 0.08268982172012329,
                    "w": -0.9064311385154724
                }
            }
        }
    ]
}