{
    "transforms": [
        {
            "header": {
                "seq": 0,
                "stamp": {
                    "secs": 1687318022,
                    "nsecs": 829184906
                },
                "frame_id": "ra_base"
            },
            "child_frame_id": "ra_tool0_controller",
            "transform": {
                "translation": {
                    "x": -0.6728366956060422,
                    "y": -0.729404040167811,
                    "z": 0.6299253937247172
                },
                "rotation": {
                    "x": -0.4907317378692424,
                    "y": -0.502169500947451,
                    "z": 0.5050134167667558,
                    "w": 0.5019657385236448
                }
            }
        }
    ]
}