{
    "transforms": [
        {
            "header": {
                "seq": 0,
                "stamp": {
                    "secs": 1687318016,
                    "nsecs": 463832274
                },
                "frame_id": "polhemus_base_0"
            },
            "child_frame_id": "polhemus_station_0",
            "transform": {
                "translation": {
                    "x": 0.04595331475138664,
                    "y": -0.07064040750265121,
                    "z": 0.14126327633857727
                },
                "rotation": {
                    "x": -0.24257883429527283,
                    "y": -0.5838333368301392,
                    "z": -0.14857318997383118,
                    "w": 0.7604079246520996
                }
            }
        },
        {
            "header": {
                "seq": 0,
                "stamp": {
                    "secs": 1687318016,
                    "nsecs": 463832274
                },
                "frame_id": "polhemus_base_0"
            },
            "child_frame_id": "polhemus_station_1",
            "transform": {
                "translation": {
                    "x": 0.1355830281972885,
                    "y": -0.024069467559456825,
                    "z": 0.05077135190367699
                },
                "rotation": {
                    "x": 0.08812682330608368,
                    "y": -0.2857627868652344,
                    "z": 0.10284094512462616,
                    "w": 0.948681652545929
                }
            }
        },
        {
            "header": {
                "seq": 0,
                "stamp": {
                    "secs": 1687318016,
                    "nsecs": 463832274
                },
                "frame_id": "polhemus_base_0"
            },
            "child_frame_id": "polhemus_station_2",
            "transform": {
                "translation": {
                    "x": 0.14407099783420563,
                    "y": -0.013365487568080425,
                    "z": 0.061420805752277374
                },
                "rotation": {
                    "x": 0.030486468225717545,
                    "y": -0.4129171371459961,
                    "z": -0.13958467543125153,
                    "w": 0.8994921445846558
                }
            }
        },
        {
            "header": {
                "seq": 0,
                "stamp": {
                    "secs": 1687318016,
                    "nsecs": 463832274
                },
                "frame_id": "polhemus_base_0"
            },
            "child_frame_id": "polhemus_station_3",
            "transform": {
                "translation": {
                    "x": 0.1232316792011261,
                    "y": 0.04446686431765556,
                    "z": 0.040586940944194794
                },
                "rotation": {
                    "x": -0.22003960609436035,
                    "y": -0.34632474184036255,
                    "z": -0.09606148302555084,
                    "w": 0.9068702459335327
                }
            }
        },
        {
            "header": {
                "seq": 0,
                "stamp": {
                    "secs": 1687318016,
                    "nsecs": 463832274
                },
                "frame_id": "polhemus_base_0"
            },
            "child_frame_id": "polhemus_station_4",
            "transform": {
                "translation": {
                    "x": 0.13802079856395721,
                    "y": 0.06149909645318985,
                    "z": 0.0456564836204052
                },
                "rotation": {
                    "x": 0.41711753606796265,
                    "y": 0.2454371601343155,
                    "z": 0.21939757466316223,
                    "w": -0.8471352458000183
                }
            }
        },
        {
            "header": {
                "seq": 0,
                "stamp": {
                    "secs": 1687318016,
                    "nsecs": 463832274
                },
                "frame_id": "polhemus_base_0"
            },
            "child_frame_id": "polhemus_station_5",
            "transform": {
                "translation": {
                    "x": 0.18833790719509125,
                    "y": 0.052191317081451416,
                    "z": 0.00935566145926714
                },
                "rotation": {
                    "x": 0.2815135419368744,
                    "y": -0.3060424327850342,
                    "z": 0.08517809212207794,
                    "w": -0.9054462909698486
                }
            }
        }
    ]
}