{
    "transforms": [
        {
            "header": {
                "seq": 0,
                "stamp": {
                    "secs": 1687318017,
                    "nsecs": 727472052
                },
                "frame_id": "polhemus_base_0"
            },
            "child_frame_id": "rh_user_forearm",
            "transform": {
                "translation": {
                    "x": -0.18831589818000793,
                    "y": 0.052205074578523636,
                    "z": 0.009287557564675808
                },
                "rotation": {
                    "x": -0.2815047624459695,
                    "y": -0.3066932691866497,
                    "z": 0.08458039530927786,
                    "w": 0.9052847419929101
                }
            }
        }
    ]
}