{
    "transforms": [
        {
            "header": {
                "seq": 0,
                "stamp": {
                    "secs": 1687318027,
                    "nsecs": 311184906
                },
                "frame_id": "ra_base"
            },
            "child_frame_id": "ra_tool0_controller",
            "transform": {
                "translation": {
                    "x": -0.6728461276125759,
                    "y": -0.7293923504630334,
                    "z": 0.6299185773114234
                },
                "rotation": {
                    "x": -0.4907382646655405,
                    "y": -0.5021724026823703,
                    "z": 0.5050047446731202,
                    "w": 0.5019651795044213
                }
            }
        }
    ]
}