{
    "transforms": [
        {
            "header": {
                "seq": 0,
                "stamp": {
                    "secs": 1687318025,
                    "nsecs": 881184906
                },
                "frame_id": "ra_base"
            },
            "child_frame_id": "ra_tool0_controller",
            "transform": {
                "translation": {
                    "x": -0.6728441054975821,
                    "y": -0.729386894188403,
                    "z": 0.6299580981984586
                },
                "rotation": {
                    "x": -0.49074489130145194,
                    "y": -0.502141288696011,
                    "z": 0.5050199523813784,
                    "w": 0.5019745267889055
                }
            }
        }
    ]
}