{
    "transforms": [
        {
            "header": {
                "seq": 0,
                "stamp": {
                    "secs": 1687318007,
                    "nsecs": 533184906
                },
                "frame_id": "ra_base"
            },
            "child_frame_id": "ra_tool0_controller",
            "transform": {
                "translation": {
                    "x": -0.6769602831628091,
                    "y": -0.09282693888341967,
                    "z": 0.6381289769022017
                },
                "rotation": {
                    "x": -0.5026533811251697,
                    "y": -0.5052830099412343,
                    "z": 0.49633579573119524,
                    "w": 0.4956606058423877
                }
            }
        }
    ]
}