{
    "transforms": [
        {
            "header": {
                "seq": 0,
                "stamp": {
                    "secs": 1687318005,
                    "nsecs": 113799973
                },
                "frame_id": "polhemus_base_0"
            },
            "child_frame_id": "polhemus_station_0",
            "transform": {
                "translation": {
                    "x": 0.04667172580957413,
                    "y": -0.07154302299022675,
                    "z": 0.14071176946163177
                },
                "rotation": {
                    "x": -0.23794813454151154,
                    "y": -0.5811365842819214,
                    "z": -0.1491958349943161,
                    "w": 0.7638072967529297
                }
            }
        },
        {
            "header": {
                "seq": 0,
                "stamp": {
                    "secs": 1687318005,
                    "nsecs": 113799973
                },
                "frame_id": "polhemus_base_0"
            },
            "child_frame_id": "polhemus_station_1",
            "transform": {
                "translation": {
                    "x": 0.13556185364723206,
                    "y": -0.02414291352033615,
                    "z": 0.05076446011662483
                },
                "rotation": {
                    "x": 0.08770811557769775,
                    "y": -0.2861368656158447,
                    "z": 0.10225947201251984,
                    "w": 0.9486705660820007
                }
            }
        },
        {
            "header": {
                "seq": 0,
                "stamp": {
                    "secs": 1687318005,
                    "nsecs": 113799973
                },
                "frame_id": "polhemus_base_0"
            },
            "child_frame_id": "polhemus_station_2",
            "transform": {
                "translation": {
                    "x": 0.14406584203243256,
                    "y": -0.013426884077489376,
                    "z": 0.0614161342382431
                },
                "rotation": {
                    "x": 0.031569212675094604,
                    "y": -0.41313526034355164,
                    "z": -0.14050045609474182,
                    "w": 0.8992120623588562
                }
            }
        },
        {
            "header": {
                "seq": 0,
                "stamp": {
                    "secs": 1687318005,
                    "nsecs": 113799973
                },
                "frame_id": "polhemus_base_0"
            },
            "child_frame_id": "polhemus_station_3",
            "transform": {
                "translation": {
                    "x": 0.12291800230741501,
                    "y": 0.0445009283721447,
                    "z": 0.04114602133631706
                },
                "rotation": {
                    "x": -0.22219912707805634,
                    "y": -0.3495907187461853,
                    "z": -0.09573424607515335,
                    "w": 0.9051234722137451
                }
            }
        },
        {
            "header": {
                "seq": 0,
                "stamp": {
                    "secs": 1687318005,
                    "nsecs": 113799973
                },
                "frame_id": "polhemus_base_0"
            },
            "child_frame_id": "polhemus_station_4",
            "transform": {
                "translation": {
                    "x": 0.13751104474067688,
                    "y": 0.061781249940395355,
                    "z": 0.046266648918390274
                },
                "rotation": {
                    "x": 0.4100362956523895,
                    "y": 0.24628111720085144,
                    "z": 0.21750272810459137,
                    "w": -0.8508280515670776
                }
            }
        },
        {
            "header": {
                "seq": 0,
                "stamp": {
                    "secs": 1687318005,
                    "nsecs": 113799973
                },
                "frame_id": "polhemus_base_0"
            },
            "child_frame_id": "polhemus_station_5",
            "transform": {
                "translation": {
                    "x": 0.1883675903081894,
                    "y": 0.052852045744657516,
                    "z": 0.00953684188425541
                },
                "rotation": {
                    "x": 0.27815118432044983,
                    "y": -0.3061337172985077,
                    "z": 0.0813574343919754,
                    "w": -0.9068048596382141
                }
            }
        }
    ]
}