{
    "transforms": [
        {
            "header": {
                "seq": 0,
                "stamp": {
                    "secs": 1687318006,
                    "nsecs": 543184906
                },
                "frame_id": "ra_base"
            },
            "child_frame_id": "ra_tool0_controller",
            "transform": {
                "translation": {
                    "x": -0.6760781103251687,
                    "y": -0.0915353659037674,
                    "z": 0.6376516416433623
                },
                "rotation": {
                    "x": -0.5027868227144062,
                    "y": -0.5053227951188237,
                    "z": 0.4962541449697171,
                    "w": 0.4955664508806326
                }
            }
        }
    ]
}