{
    "transforms": [
        {
            "header": {
                "seq": 0,
                "stamp": {
                    "secs": 1687318020,
                    "nsecs": 117184906
                },
                "frame_id": "ra_base"
            },
            "child_frame_id": "ra_tool0_controller",
            "transform": {
                "translation": {
                    "x": -0.6728476605455483,
                    "y": -0.7293937543792489,
                    "z": 0.6299221617268473
                },
                "rotation": {
                    "x": -0.49072603829991035,
                    "y": -0.5021772554598806,
                    "z": 0.5049996931630047,
                    "w": 0.5019773593883771
                }
            }
        }
    ]
}