{
    "transforms": [
        {
            "header": {
                "seq": 0,
                "stamp": {
                    "secs": 1687318027,
                    "nsecs": 197184906
                },
                "frame_id": "ra_base"
            },
            "child_frame_id": "ra_tool0_controller",
            "transform": {
                "translation": {
                    "x": -0.6728450949660203,
                    "y": -0.729386801670426,
                    "z": 0.6299713666853619
                },
                "rotation": {
                    "x": -0.49073487481002115,
                    "y": -0.5021534626628507,
                    "z": 0.5050215438234641,
                    "w": 0.5019705398278537
                }
            }
        }
    ]
}