{
    "transforms": [
        {
            "header": {
                "seq": 0,
                "stamp": {
                    "secs": 1687317998,
                    "nsecs": 80440131
                },
                "frame_id": "polhemus_base_0"
            },
            "child_frame_id": "polhemus_station_0",
            "transform": {
                "translation": {
                    "x": 0.047209978103637695,
                    "y": -0.07209732383489609,
                    "z": 0.140359565615654
                },
                "rotation": {
                    "x": -0.23430342972278595,
                    "y": -0.579088568687439,
                    "z": -0.14953769743442535,
                    "w": 0.7664182186126709
                }
            }
        },
        {
            "header": {
                "seq": 0,
                "stamp": {
                    "secs": 1687317998,
                    "nsecs": 80440131
                },
                "frame_id": "polhemus_base_0"
            },
            "child_frame_id": "polhemus_station_1",
            "transform": {
                "translation": {
                    "x": 0.13539423048496246,
                    "y": -0.02390463836491108,
                    "z": 0.050982099026441574
                },
                "rotation": {
                    "x": 0.08582566678524017,
                    "y": -0.28749778866767883,
                    "z": 0.10323284566402435,
                    "w": 0.9483258128166199
                }
            }
        },
        {
            "header": {
                "seq": 0,
                "stamp": {
                    "secs": 1687317998,
                    "nsecs": 80440131
                },
                "frame_id": "polhemus_base_0"
            },
            "child_frame_id": "polhemus_station_2",
            "transform": {
                "translation": {
                    "x": 0.1438748985528946,
                    "y": -0.013135122135281563,
                    "z": 0.06158632040023804
                },
                "rotation": {
                    "x": 0.02906925603747368,
                    "y": -0.4146762192249298,
                    "z": -0.13955387473106384,
                    "w": 0.8987343907356262
                }
            }
        },
        {
            "header": {
                "seq": 0,
                "stamp": {
                    "secs": 1687317998,
                    "nsecs": 80440131
                },
                "frame_id": "polhemus_base_0"
            },
            "child_frame_id": "polhemus_station_3",
            "transform": {
                "translation": {
                    "x": 0.12252593040466309,
                    "y": 0.045089662075042725,
                    "z": 0.042127083986997604
                },
                "rotation": {
                    "x": -0.22255703806877136,
                    "y": -0.35360658168792725,
                    "z": -0.09322033822536469,
                    "w": 0.9037370085716248
                }
            }
        },
        {
            "header": {
                "seq": 0,
                "stamp": {
                    "secs": 1687317998,
                    "nsecs": 80440131
                },
                "frame_id": "polhemus_base_0"
            },
            "child_frame_id": "polhemus_station_4",
            "transform": {
                "translation": {
                    "x": 0.13662214577198029,
                    "y": 0.06264413148164749,
                    "z": 0.04708278551697731
                },
                "rotation": {
                    "x": 0.40232548117637634,
                    "y": 0.2510955333709717,
                    "z": 0.21161127090454102,
                    "w": -0.8545792698860168
                }
            }
        },
        {
            "header": {
                "seq": 0,
                "stamp": {
                    "secs": 1687317998,
                    "nsecs": 80440131
                },
                "frame_id": "polhemus_base_0"
            },
            "child_frame_id": "polhemus_station_5",
            "transform": {
                "translation": {
                    "x": 0.1884293556213379,
                    "y": 0.05368365719914436,
                    "z": 0.009614203125238419
                },
                "rotation": {
                    "x": 0.27616629004478455,
                    "y": -0.30536797642707825,
                    "z": 0.07762669026851654,
                    "w": -0.9079959392547607
                }
            }
        }
    ]
}