{
    "transforms": [
        {
            "header": {
                "seq": 0,
                "stamp": {
                    "secs": 1687317999,
                    "nsecs": 493579978
                },
                "frame_id": "ra_base"
            },
            "child_frame_id": "ra_tool0_controller",
            "transform": {
                "translation": {
                    "x": -0.6760667653682968,
                    "y": -0.09154308984361276,
                    "z": 0.6376428290120029
                },
                "rotation": {
                    "x": -0.5028058803303972,
                    "y": -0.5053147653353092,
                    "z": 0.4962520201668372,
                    "w": 0.4955574306976222
                }
            }
        }
    ]
}