{
    "transforms": [
        {
            "header": {
                "seq": 0,
                "stamp": {
                    "secs": 1687318007,
                    "nsecs": 875184906
                },
                "frame_id": "ra_base"
            },
            "child_frame_id": "ra_tool0_controller",
            "transform": {
                "translation": {
                    "x": -0.6868729569856203,
                    "y": -0.10800431449916058,
                    "z": 0.6413371434572148
                },
                "rotation": {
                    "x": -0.5021123656673451,
                    "y": -0.5054243957706465,
                    "z": 0.4963580241144035,
                    "w": 0.496042401716894
                }
            }
        }
    ]
}