{
    "transforms": [
        {
            "header": {
                "seq": 0,
                "stamp": {
                    "secs": 1687318022,
                    "nsecs": 263184906
                },
                "frame_id": "ra_base"
            },
            "child_frame_id": "ra_tool0_controller",
            "transform": {
                "translation": {
                    "x": -0.6728501858568603,
                    "y": -0.7293797917624205,
                    "z": 0.6299575491065116
                },
                "rotation": {
                    "x": -0.49073956314088646,
                    "y": -0.5021567990133401,
                    "z": 0.505012389006829,
                    "w": 0.5019718292121415
                }
            }
        }
    ]
}