{
    "transforms": [
        {
            "header": {
                "seq": 0,
                "stamp": {
                    "secs": 1687318024,
                    "nsecs": 497184906
                },
                "frame_id": "ra_base"
            },
            "child_frame_id": "ra_tool0_controller",
            "transform": {
                "translation": {
                    "x": -0.6728435814434248,
                    "y": -0.7293905529627519,
                    "z": 0.6299596892267745
                },
                "rotation": {
                    "x": -0.4907486054110472,
                    "y": -0.5021389520978783,
                    "z": 0.5050400850243738,
                    "w": 0.5019529774707292
                }
            }
        }
    ]
}