{
    "transforms": [
        {
            "header": {
                "seq": 0,
                "stamp": {
                    "secs": 1687318010,
                    "nsecs": 657184906
                },
                "frame_id": "ra_base"
            },
            "child_frame_id": "ra_tool0_controller",
            "transform": {
                "translation": {
                    "x": -0.7549056285882941,
                    "y": -0.5095910782083808,
                    "z": 0.655726762364143
                },
                "rotation": {
                    "x": -0.492504177032006,
                    "y": -0.5039824414762096,
                    "z": 0.5014830249852693,
                    "w": 0.5019522984720055
                }
            }
        }
    ]
}