{
    "transforms": [
        {
            "header": {
                "seq": 0,
                "stamp": {
                    "secs": 1687318015,
                    "nsecs": 289184906
                },
                "frame_id": "ra_base"
            },
            "child_frame_id": "ra_tool0_controller",
            "transform": {
                "translation": {
                    "x": -0.6728564000633813,
                    "y": -0.7293834641562432,
                    "z": 0.6299389662508856
                },
                "rotation": {
                    "x": -0.49073955364536387,
                    "y": -0.5021595467505225,
                    "z": 0.5050016974630583,
                    "w": 0.5019798458650391
                }
            }
        }
    ]
}