{
    "transforms": [
        {
            "header": {
                "seq": 0,
                "stamp": {
                    "secs": 1687318026,
                    "nsecs": 9184906
                },
                "frame_id": "ra_base"
            },
            "child_frame_id": "ra_tool0_controller",
            "transform": {
                "translation": {
                    "x": -0.6728515642261188,
                    "y": -0.7293759526440335,
                    "z": 0.6299685415107046
                },
                "rotation": {
                    "x": -0.4907399837607375,
                    "y": -0.5021531011956635,
                    "z": 0.505012479072052,
                    "w": 0.5019750265497169
                }
            }
        }
    ]
}