{
    "transforms": [
        {
            "header": {
                "seq": 0,
                "stamp": {
                    "secs": 1687318010,
                    "nsecs": 849184906
                },
                "frame_id": "ra_base"
            },
            "child_frame_id": "ra_tool0_controller",
            "transform": {
                "translation": {
                    "x": -0.7476631955914801,
                    "y": -0.5436100668071377,
                    "z": 0.6529982072282075
                },
                "rotation": {
                    "x": -0.49210471531483063,
                    "y": -0.503770922990966,
                    "z": 0.5019997333074082,
                    "w": 0.5020399128286822
                }
            }
        }
    ]
}