{
    "transforms": [
        {
            "header": {
                "seq": 0,
                "stamp": {
                    "secs": 1687318018,
                    "nsecs": 883184906
                },
                "frame_id": "ra_base"
            },
            "child_frame_id": "ra_tool0_controller",
            "transform": {
                "translation": {
                    "x": -0.6728535496279492,
                    "y": -0.7293785985187436,
                    "z": 0.6299705749932969
                },
                "rotation": {
                    "x": -0.490742349239831,
                    "y": -0.5021422284579503,
                    "z": 0.5050270703222948,
                    "w": 0.5019689106942136
                }
            }
        }
    ]
}