{
    "transforms": [
        {
            "header": {
                "seq": 0,
                "stamp": {
                    "secs": 1687318015,
                    "nsecs": 455184906
                },
                "frame_id": "ra_base"
            },
            "child_frame_id": "ra_tool0_controller",
            "transform": {
                "translation": {
                    "x": -0.6728578103754298,
                    "y": -0.7293825057082521,
                    "z": 0.6299330074029136
                },
                "rotation": {
                    "x": -0.4907417724516107,
                    "y": -0.502163046739778,
                    "z": 0.505006405078482,
                    "w": 0.5019694393982399
                }
            }
        }
    ]
}