{
    "transforms": [
        {
            "header": {
                "seq": 0,
                "stamp": {
                    "secs": 1687318025,
                    "nsecs": 351184906
                },
                "frame_id": "ra_base"
            },
            "child_frame_id": "ra_tool0_controller",
            "transform": {
                "translation": {
                    "x": -0.672843457899284,
                    "y": -0.7293918118954219,
                    "z": 0.6299437686545813
                },
                "rotation": {
                    "x": -0.4907284995817563,
                    "y": -0.5021805543949326,
                    "z": 0.5050041670730289,
                    "w": 0.501967152037574
                }
            }
        }
    ]
}