{
    "transforms": [
        {
            "header": {
                "seq": 0,
                "stamp": {
                    "secs": 1687318027,
                    "nsecs": 125184906
                },
                "frame_id": "ra_base"
            },
            "child_frame_id": "ra_tool0_controller",
            "transform": {
                "translation": {
                    "x": -0.6728301652877807,
                    "y": -0.7293966788988099,
                    "z": 0.6299411863876841
                },
                "rotation": {
                    "x": -0.49073915298309545,
                    "y": -0.5021671068335131,
                    "z": 0.5050096878734,
                    "w": 0.5019646359036705
                }
            }
        }
    ]
}