{
    "transforms": [
        {
            "header": {
                "seq": 0,
                "stamp": {
                    "secs": 1687318002,
                    "nsecs": 772129952
                },
                "frame_id": "polhemus_base_0"
            },
            "child_frame_id": "polhemus_station_0",
            "transform": {
                "translation": {
                    "x": 0.04717705026268959,
                    "y": -0.0718664601445198,
                    "z": 0.1404840052127838
                },
                "rotation": {
                    "x": -0.2365080863237381,
                    "y": -0.5789973139762878,
                    "z": -0.14964613318443298,
                    "w": 0.7657884955406189
                }
            }
        },
        {
            "header": {
                "seq": 0,
                "stamp": {
                    "secs": 1687318002,
                    "nsecs": 772129952
                },
                "frame_id": "polhemus_base_0"
            },
            "child_frame_id": "polhemus_station_1",
            "transform": {
                "translation": {
                    "x": 0.1354999989271164,
                    "y": -0.024025239050388336,
                    "z": 0.050887372344732285
                },
                "rotation": {
                    "x": 0.08681072294712067,
                    "y": -0.2867065370082855,
                    "z": 0.10264725238084793,
                    "w": 0.9485392570495605
                }
            }
        },
        {
            "header": {
                "seq": 0,
                "stamp": {
                    "secs": 1687318002,
                    "nsecs": 772129952
                },
                "frame_id": "polhemus_base_0"
            },
            "child_frame_id": "polhemus_station_2",
            "transform": {
                "translation": {
                    "x": 0.14398235082626343,
                    "y": -0.013315805234014988,
                    "z": 0.06153956428170204
                },
                "rotation": {
                    "x": 0.03048638254404068,
                    "y": -0.4138660430908203,
                    "z": -0.14023318886756897,
                    "w": 0.8989551067352295
                }
            }
        },
        {
            "header": {
                "seq": 0,
                "stamp": {
                    "secs": 1687318002,
                    "nsecs": 772129952
                },
                "frame_id": "polhemus_base_0"
            },
            "child_frame_id": "polhemus_station_3",
            "transform": {
                "translation": {
                    "x": 0.12273797392845154,
                    "y": 0.044671427458524704,
                    "z": 0.04168352112174034
                },
                "rotation": {
                    "x": -0.22314882278442383,
                    "y": -0.35162705183029175,
                    "z": -0.09624429792165756,
                    "w": 0.904046356678009
                }
            }
        },
        {
            "header": {
                "seq": 0,
                "stamp": {
                    "secs": 1687318002,
                    "nsecs": 772129952
                },
                "frame_id": "polhemus_base_0"
            },
            "child_frame_id": "polhemus_station_4",
            "transform": {
                "translation": {
                    "x": 0.13700668513774872,
                    "y": 0.062093839049339294,
                    "z": 0.04670792818069458
                },
                "rotation": {
                    "x": 0.4056471884250641,
                    "y": 0.24931277334690094,
                    "z": 0.21476756036281586,
                    "w": -0.8527415990829468
                }
            }
        },
        {
            "header": {
                "seq": 0,
                "stamp": {
                    "secs": 1687318002,
                    "nsecs": 772129952
                },
                "frame_id": "polhemus_base_0"
            },
            "child_frame_id": "polhemus_station_5",
            "transform": {
                "translation": {
                    "x": 0.1883753091096878,
                    "y": 0.05335381627082825,
                    "z": 0.009617038071155548
                },
                "rotation": {
                    "x": 0.276498019695282,
                    "y": -0.30580204725265503,
                    "z": 0.07879981398582458,
                    "w": -0.9076477885246277
                }
            }
        }
    ]
}