{
    "transforms": [
        {
            "header": {
                "seq": 0,
                "stamp": {
                    "secs": 1687318004,
                    "nsecs": 713787614
                },
                "frame_id": "polhemus_base_0"
            },
            "child_frame_id": "polhemus_station_0",
            "transform": {
                "translation": {
                    "x": 0.04665667563676834,
                    "y": -0.07153401523828506,
                    "z": 0.14072048664093018
                },
                "rotation": {
                    "x": -0.23800967633724213,
                    "y": -0.5811944007873535,
                    "z": -0.14932124316692352,
                    "w": 0.7637195587158203
                }
            }
        },
        {
            "header": {
                "seq": 0,
                "stamp": {
                    "secs": 1687318004,
                    "nsecs": 713787614
                },
                "frame_id": "polhemus_base_0"
            },
            "child_frame_id": "polhemus_station_1",
            "transform": {
                "translation": {
                    "x": 0.13555622100830078,
                    "y": -0.024142559617757797,
                    "z": 0.050774965435266495
                },
                "rotation": {
                    "x": 0.0876164585351944,
                    "y": -0.28621113300323486,
                    "z": 0.10221400111913681,
                    "w": 0.9486616253852844
                }
            }
        },
        {
            "header": {
                "seq": 0,
                "stamp": {
                    "secs": 1687318004,
                    "nsecs": 713787614
                },
                "frame_id": "polhemus_base_0"
            },
            "child_frame_id": "polhemus_station_2",
            "transform": {
                "translation": {
                    "x": 0.14405712485313416,
                    "y": -0.013446264900267124,
                    "z": 0.061421431601047516
                },
                "rotation": {
                    "x": 0.03153851628303528,
                    "y": -0.41315901279449463,
                    "z": -0.1406123787164688,
                    "w": 0.8991847634315491
                }
            }
        },
        {
            "header": {
                "seq": 0,
                "stamp": {
                    "secs": 1687318004,
                    "nsecs": 713787614
                },
                "frame_id": "polhemus_base_0"
            },
            "child_frame_id": "polhemus_station_3",
            "transform": {
                "translation": {
                    "x": 0.1229068785905838,
                    "y": 0.044516656547784805,
                    "z": 0.04116036742925644
                },
                "rotation": {
                    "x": -0.2221454679965973,
                    "y": -0.34965065121650696,
                    "z": -0.09561865031719208,
                    "w": 0.9051257967948914
                }
            }
        },
        {
            "header": {
                "seq": 0,
                "stamp": {
                    "secs": 1687318004,
                    "nsecs": 713787614
                },
                "frame_id": "polhemus_base_0"
            },
            "child_frame_id": "polhemus_station_4",
            "transform": {
                "translation": {
                    "x": 0.1375017613172531,
                    "y": 0.06179137900471687,
                    "z": 0.04627551883459091
                },
                "rotation": {
                    "x": 0.4099293351173401,
                    "y": 0.24632026255130768,
                    "z": 0.21732193231582642,
                    "w": -0.850914478302002
                }
            }
        },
        {
            "header": {
                "seq": 0,
                "stamp": {
                    "secs": 1687318004,
                    "nsecs": 713787614
                },
                "frame_id": "polhemus_base_0"
            },
            "child_frame_id": "polhemus_station_5",
            "transform": {
                "translation": {
                    "x": 0.18836545944213867,
                    "y": 0.0528537817299366,
                    "z": 0.009522183798253536
                },
                "rotation": {
                    "x": 0.2781893312931061,
                    "y": -0.30634835362434387,
                    "z": 0.08129638433456421,
                    "w": -0.906726062297821
                }
            }
        }
    ]
}