{
    "transforms": [
        {
            "header": {
                "seq": 0,
                "stamp": {
                    "secs": 1687318025,
                    "nsecs": 801184906
                },
                "frame_id": "ra_base"
            },
            "child_frame_id": "ra_tool0_controller",
            "transform": {
                "translation": {
                    "x": -0.6728503551296308,
                    "y": -0.729372009497514,
                    "z": 0.6299457698193014
                },
                "rotation": {
                    "x": -0.49075796947489986,
                    "y": -0.5021518554722552,
                    "z": 0.5050020785487308,
                    "w": 0.501969152542371
                }
            }
        }
    ]
}