{
    "transforms": [
        {
            "header": {
                "seq": 0,
                "stamp": {
                    "secs": 1687318005,
                    "nsecs": 967184906
                },
                "frame_id": "ra_base"
            },
            "child_frame_id": "ra_tool0_controller",
            "transform": {
                "translation": {
                    "x": -0.6760752811157178,
                    "y": -0.09154265692854721,
                    "z": 0.6376464685565655
                },
                "rotation": {
                    "x": -0.502805571097521,
                    "y": -0.5053176302214604,
                    "z": 0.4962448901277224,
                    "w": 0.4955619631113632
                }
            }
        }
    ]
}