{
    "transforms": [
        {
            "header": {
                "seq": 0,
                "stamp": {
                    "secs": 1687317998,
                    "nsecs": 361579978
                },
                "frame_id": "ra_base"
            },
            "child_frame_id": "ra_tool0_controller",
            "transform": {
                "translation": {
                    "x": -0.6760691554517365,
                    "y": -0.09155104458379319,
                    "z": 0.6376240059033961
                },
                "rotation": {
                    "x": -0.5028106256296867,
                    "y": -0.5053286862644166,
                    "z": 0.4962379245753477,
                    "w": 0.49555253586810916
                }
            }
        }
    ]
}