{
    "transforms": [
        {
            "header": {
                "seq": 0,
                "stamp": {
                    "secs": 1687318005,
                    "nsecs": 19184906
                },
                "frame_id": "ra_base"
            },
            "child_frame_id": "ra_tool0_controller",
            "transform": {
                "translation": {
                    "x": -0.6760794412055705,
                    "y": -0.09155357869209486,
                    "z": 0.6376161643456069
                },
                "rotation": {
                    "x": -0.5027987422715795,
                    "y": -0.5053450248013016,
                    "z": 0.4962392116226353,
                    "w": 0.4955466431395082
                }
            }
        }
    ]
}