{
    "transforms": [
        {
            "header": {
                "seq": 0,
                "stamp": {
                    "secs": 1687318001,
                    "nsecs": 259579978
                },
                "frame_id": "ra_base"
            },
            "child_frame_id": "ra_tool0_controller",
            "transform": {
                "translation": {
                    "x": -0.6760683961594097,
                    "y": -0.09155257310432637,
                    "z": 0.6376245592371094
                },
                "rotation": {
                    "x": -0.5028093627481471,
                    "y": -0.5053346299599097,
                    "z": 0.49624592222096414,
                    "w": 0.49553974732118916
                }
            }
        }
    ]
}