{
    "transforms": [
        {
            "header": {
                "seq": 0,
                "stamp": {
                    "secs": 1687318025,
                    "nsecs": 797184906
                },
                "frame_id": "ra_base"
            },
            "child_frame_id": "ra_tool0_controller",
            "transform": {
                "translation": {
                    "x": -0.6728270340736597,
                    "y": -0.7294005127667255,
                    "z": 0.629924208422945
                },
                "rotation": {
                    "x": -0.49073025298197936,
                    "y": -0.5021771994573714,
                    "z": 0.5050094091749334,
                    "w": 0.5019635203858729
                }
            }
        }
    ]
}