{
    "transforms": [
        {
            "header": {
                "seq": 0,
                "stamp": {
                    "secs": 1687318017,
                    "nsecs": 291184906
                },
                "frame_id": "ra_base"
            },
            "child_frame_id": "ra_tool0_controller",
            "transform": {
                "translation": {
                    "x": -0.6728451116275086,
                    "y": -0.7293955347461583,
                    "z": 0.6299339639279193
                },
                "rotation": {
                    "x": -0.4907308000740704,
                    "y": -0.502169743000495,
                    "z": 0.5050070417823639,
                    "w": 0.5019728267782086
                }
            }
        }
    ]
}