{
    "transforms": [
        {
            "header": {
                "seq": 0,
                "stamp": {
                    "secs": 1687318016,
                    "nsecs": 811184906
                },
                "frame_id": "ra_base"
            },
            "child_frame_id": "ra_tool0_controller",
            "transform": {
                "translation": {
                    "x": -0.672840701329276,
                    "y": -0.7293856536569008,
                    "z": 0.6299402243221405
                },
                "rotation": {
                    "x": -0.49073474616990664,
                    "y": -0.50216436454561,
                    "z": 0.5050045621830226,
                    "w": 0.5019768441436266
                }
            }
        }
    ]
}