{
    "transforms": [
        {
            "header": {
                "seq": 0,
                "stamp": {
                    "secs": 1687318004,
                    "nsecs": 41579978
                },
                "frame_id": "ra_base"
            },
            "child_frame_id": "ra_tool0_controller",
            "transform": {
                "translation": {
                    "x": -0.6760644960984855,
                    "y": -0.0915416378805359,
                    "z": 0.6376445637568324
                },
                "rotation": {
                    "x": -0.5028183285846258,
                    "y": -0.5053125698594527,
                    "z": 0.4962463688254748,
                    "w": 0.49555269811487235
                }
            }
        }
    ]
}