{
    "transforms": [
        {
            "header": {
                "seq": 0,
                "stamp": {
                    "secs": 1687318001,
                    "nsecs": 447157411
                },
                "frame_id": "polhemus_base_0"
            },
            "child_frame_id": "polhemus_station_0",
            "transform": {
                "translation": {
                    "x": 0.04720136523246765,
                    "y": -0.07196355611085892,
                    "z": 0.14042463898658752
                },
                "rotation": {
                    "x": -0.23517338931560516,
                    "y": -0.5791239738464355,
                    "z": -0.14943988621234894,
                    "w": 0.7661438584327698
                }
            }
        },
        {
            "header": {
                "seq": 0,
                "stamp": {
                    "secs": 1687318001,
                    "nsecs": 447157411
                },
                "frame_id": "polhemus_base_0"
            },
            "child_frame_id": "polhemus_station_1",
            "transform": {
                "translation": {
                    "x": 0.135428324341774,
                    "y": -0.023904742673039436,
                    "z": 0.050943441689014435
                },
                "rotation": {
                    "x": 0.08616548776626587,
                    "y": -0.2871391177177429,
                    "z": 0.1032748594880104,
                    "w": 0.9483990669250488
                }
            }
        },
        {
            "header": {
                "seq": 0,
                "stamp": {
                    "secs": 1687318001,
                    "nsecs": 447157411
                },
                "frame_id": "polhemus_base_0"
            },
            "child_frame_id": "polhemus_station_2",
            "transform": {
                "translation": {
                    "x": 0.14389538764953613,
                    "y": -0.01312132366001606,
                    "z": 0.06156522035598755
                },
                "rotation": {
                    "x": 0.029899537563323975,
                    "y": -0.4144260287284851,
                    "z": -0.1392231434583664,
                    "w": 0.8988737463951111
                }
            }
        },
        {
            "header": {
                "seq": 0,
                "stamp": {
                    "secs": 1687318001,
                    "nsecs": 447157411
                },
                "frame_id": "polhemus_base_0"
            },
            "child_frame_id": "polhemus_station_3",
            "transform": {
                "translation": {
                    "x": 0.12258857488632202,
                    "y": 0.04499546438455582,
                    "z": 0.04196624830365181
                },
                "rotation": {
                    "x": -0.22264891862869263,
                    "y": -0.35277584195137024,
                    "z": -0.0939631387591362,
                    "w": 0.9039620161056519
                }
            }
        },
        {
            "header": {
                "seq": 0,
                "stamp": {
                    "secs": 1687318001,
                    "nsecs": 447157411
                },
                "frame_id": "polhemus_base_0"
            },
            "child_frame_id": "polhemus_station_4",
            "transform": {
                "translation": {
                    "x": 0.1367219239473343,
                    "y": 0.06253991276025772,
                    "z": 0.046953700482845306
                },
                "rotation": {
                    "x": 0.40358486771583557,
                    "y": 0.2507954239845276,
                    "z": 0.21223728358745575,
                    "w": -0.8539181351661682
                }
            }
        },
        {
            "header": {
                "seq": 0,
                "stamp": {
                    "secs": 1687318001,
                    "nsecs": 447157411
                },
                "frame_id": "polhemus_base_0"
            },
            "child_frame_id": "polhemus_station_5",
            "transform": {
                "translation": {
                    "x": 0.18841484189033508,
                    "y": 0.05358896777033806,
                    "z": 0.009615964256227016
                },
                "rotation": {
                    "x": 0.2763191759586334,
                    "y": -0.3054141402244568,
                    "z": 0.07804188132286072,
                    "w": -0.9078983664512634
                }
            }
        }
    ]
}