{
    "transforms": [
        {
            "header": {
                "seq": 0,
                "stamp": {
                    "secs": 1687318018,
                    "nsecs": 899184906
                },
                "frame_id": "ra_base"
            },
            "child_frame_id": "ra_tool0_controller",
            "transform": {
                "translation": {
                    "x": -0.6728307737939233,
                    "y": -0.729398352790452,
                    "z": 0.6299729177110506
                },
                "rotation": {
                    "x": -0.49073113303224286,
                    "y": -0.5021585849317929,
                    "z": 0.5050222913061266,
                    "w": 0.5019683216459982
                }
            }
        }
    ]
}