{
    "transforms": [
        {
            "header": {
                "seq": 0,
                "stamp": {
                    "secs": 1687318003,
                    "nsecs": 757579978
                },
                "frame_id": "ra_base"
            },
            "child_frame_id": "ra_tool0_controller",
            "transform": {
                "translation": {
                    "x": -0.6760820004796044,
                    "y": -0.09153154165697729,
                    "z": 0.637632173026709
                },
                "rotation": {
                    "x": -0.5028223652363869,
                    "y": -0.5053165425158919,
                    "z": 0.4962381817689632,
                    "w": 0.49555274979814584
                }
            }
        }
    ]
}