{
    "transforms": [
        {
            "header": {
                "seq": 0,
                "stamp": {
                    "secs": 1687318015,
                    "nsecs": 343184906
                },
                "frame_id": "ra_base"
            },
            "child_frame_id": "ra_tool0_controller",
            "transform": {
                "translation": {
                    "x": -0.6728542820654987,
                    "y": -0.7293733887414174,
                    "z": 0.6299575225682239
                },
                "rotation": {
                    "x": -0.49074650789575386,
                    "y": -0.502153550842171,
                    "z": 0.5050078484308008,
                    "w": 0.5019728572223955
                }
            }
        }
    ]
}