{
    "transforms": [
        {
            "header": {
                "seq": 0,
                "stamp": {
                    "secs": 1687318024,
                    "nsecs": 499184906
                },
                "frame_id": "ra_base"
            },
            "child_frame_id": "ra_tool0_controller",
            "transform": {
                "translation": {
                    "x": -0.6728452404725904,
                    "y": -0.7293797942609684,
                    "z": 0.6299606866636562
                },
                "rotation": {
                    "x": -0.4907443342123756,
                    "y": -0.5021522241434626,
                    "z": 0.505011315374067,
                    "w": 0.50197282154553
                }
            }
        }
    ]
}