{
    "transforms": [
        {
            "header": {
                "seq": 0,
                "stamp": {
                    "secs": 1687318017,
                    "nsecs": 30453713
                },
                "frame_id": "polhemus_base_0"
            },
            "child_frame_id": "polhemus_station_0",
            "transform": {
                "translation": {
                    "x": 0.04596121609210968,
                    "y": -0.07059881091117859,
                    "z": 0.14128504693508148
                },
                "rotation": {
                    "x": -0.24279987812042236,
                    "y": -0.5838012099266052,
                    "z": -0.1484919786453247,
                    "w": 0.7603778839111328
                }
            }
        },
        {
            "header": {
                "seq": 0,
                "stamp": {
                    "secs": 1687318017,
                    "nsecs": 30453713
                },
                "frame_id": "polhemus_base_0"
            },
            "child_frame_id": "polhemus_station_1",
            "transform": {
                "translation": {
                    "x": 0.1355791985988617,
                    "y": -0.024060439318418503,
                    "z": 0.05079430341720581
                },
                "rotation": {
                    "x": 0.0880313366651535,
                    "y": -0.28591006994247437,
                    "z": 0.10283761471509933,
                    "w": 0.948646605014801
                }
            }
        },
        {
            "header": {
                "seq": 0,
                "stamp": {
                    "secs": 1687318017,
                    "nsecs": 30453713
                },
                "frame_id": "polhemus_base_0"
            },
            "child_frame_id": "polhemus_station_2",
            "transform": {
                "translation": {
                    "x": 0.14407119154930115,
                    "y": -0.01337667740881443,
                    "z": 0.06142612546682358
                },
                "rotation": {
                    "x": 0.030412381514906883,
                    "y": -0.4129011631011963,
                    "z": -0.1396874636411667,
                    "w": 0.8994861245155334
                }
            }
        },
        {
            "header": {
                "seq": 0,
                "stamp": {
                    "secs": 1687318017,
                    "nsecs": 30453713
                },
                "frame_id": "polhemus_base_0"
            },
            "child_frame_id": "polhemus_station_3",
            "transform": {
                "translation": {
                    "x": 0.12324237823486328,
                    "y": 0.04446430131793022,
                    "z": 0.040576837956905365
                },
                "rotation": {
                    "x": -0.22003909945487976,
                    "y": -0.3463001251220703,
                    "z": -0.09613694250583649,
                    "w": 0.9068717956542969
                }
            }
        },
        {
            "header": {
                "seq": 0,
                "stamp": {
                    "secs": 1687318017,
                    "nsecs": 30453713
                },
                "frame_id": "polhemus_base_0"
            },
            "child_frame_id": "polhemus_station_4",
            "transform": {
                "translation": {
                    "x": 0.13803282380104065,
                    "y": 0.06149275228381157,
                    "z": 0.0456404834985733
                },
                "rotation": {
                    "x": 0.41747716069221497,
                    "y": 0.24542206525802612,
                    "z": 0.21945370733737946,
                    "w": -0.846947968006134
                }
            }
        },
        {
            "header": {
                "seq": 0,
                "stamp": {
                    "secs": 1687318017,
                    "nsecs": 30453713
                },
                "frame_id": "polhemus_base_0"
            },
            "child_frame_id": "polhemus_station_5",
            "transform": {
                "translation": {
                    "x": 0.18832725286483765,
                    "y": 0.05215698108077049,
                    "z": 0.009335450828075409
                },
                "rotation": {
                    "x": 0.2814817428588867,
                    "y": -0.30626147985458374,
                    "z": 0.08513674139976501,
                    "w": -0.9053858518600464
                }
            }
        }
    ]
}