{
    "transforms": [
        {
            "header": {
                "seq": 0,
                "stamp": {
                    "secs": 1687318006,
                    "nsecs": 38810053
                },
                "frame_id": "polhemus_base_0"
            },
            "child_frame_id": "polhemus_station_0",
            "transform": {
                "translation": {
                    "x": 0.046610817313194275,
                    "y": -0.07149112224578857,
                    "z": 0.14075209200382233
                },
                "rotation": {
                    "x": -0.2382654845714569,
                    "y": -0.581369161605835,
                    "z": -0.1492750197649002,
                    "w": 0.7635158896446228
                }
            }
        },
        {
            "header": {
                "seq": 0,
                "stamp": {
                    "secs": 1687318006,
                    "nsecs": 38810053
                },
                "frame_id": "polhemus_base_0"
            },
            "child_frame_id": "polhemus_station_1",
            "transform": {
                "translation": {
                    "x": 0.1355711817741394,
                    "y": -0.024128112941980362,
                    "z": 0.05076306313276291
                },
                "rotation": {
                    "x": 0.08764702826738358,
                    "y": -0.286021888256073,
                    "z": 0.1023455485701561,
                    "w": 0.9487016201019287
                }
            }
        },
        {
            "header": {
                "seq": 0,
                "stamp": {
                    "secs": 1687318006,
                    "nsecs": 38810053
                },
                "frame_id": "polhemus_base_0"
            },
            "child_frame_id": "polhemus_station_2",
            "transform": {
                "translation": {
                    "x": 0.14406074583530426,
                    "y": -0.013443532399833202,
                    "z": 0.06142428144812584
                },
                "rotation": {
                    "x": 0.03159284591674805,
                    "y": -0.41317400336265564,
                    "z": -0.14059509336948395,
                    "w": 0.8991785645484924
                }
            }
        },
        {
            "header": {
                "seq": 0,
                "stamp": {
                    "secs": 1687318006,
                    "nsecs": 38810053
                },
                "frame_id": "polhemus_base_0"
            },
            "child_frame_id": "polhemus_station_3",
            "transform": {
                "translation": {
                    "x": 0.12292386591434479,
                    "y": 0.044490523636341095,
                    "z": 0.04113573580980301
                },
                "rotation": {
                    "x": -0.22223125398159027,
                    "y": -0.34956130385398865,
                    "z": -0.09585997462272644,
                    "w": 0.905113697052002
                }
            }
        },
        {
            "header": {
                "seq": 0,
                "stamp": {
                    "secs": 1687318006,
                    "nsecs": 38810053
                },
                "frame_id": "polhemus_base_0"
            },
            "child_frame_id": "polhemus_station_4",
            "transform": {
                "translation": {
                    "x": 0.13753937184810638,
                    "y": 0.06174585968255997,
                    "z": 0.04623255133628845
                },
                "rotation": {
                    "x": 0.41023099422454834,
                    "y": 0.24609532952308655,
                    "z": 0.21775010228157043,
                    "w": -0.8507246375083923
                }
            }
        },
        {
            "header": {
                "seq": 0,
                "stamp": {
                    "secs": 1687318006,
                    "nsecs": 38810053
                },
                "frame_id": "polhemus_base_0"
            },
            "child_frame_id": "polhemus_station_5",
            "transform": {
                "translation": {
                    "x": 0.18836025893688202,
                    "y": 0.05280216038227081,
                    "z": 0.009557545185089111
                },
                "rotation": {
                    "x": 0.2777162194252014,
                    "y": -0.3061791658401489,
                    "z": 0.08154070377349854,
                    "w": -0.9069063067436218
                }
            }
        }
    ]
}