{
    "transforms": [
        {
            "header": {
                "seq": 0,
                "stamp": {
                    "secs": 1687318003,
                    "nsecs": 835803466
                },
                "frame_id": "polhemus_base_0"
            },
            "child_frame_id": "rh_user_forearm",
            "transform": {
                "translation": {
                    "x": -0.18836399912834167,
                    "y": 0.05294429510831833,
                    "z": 0.009604031220078468
                },
                "rotation": {
                    "x": -0.27741927545573014,
                    "y": -0.30598456370174487,
                    "z": 0.08077113515851234,
                    "w": 0.9071317523420046
                }
            }
        }
    ]
}