{
    "transforms": [
        {
            "header": {
                "seq": 0,
                "stamp": {
                    "secs": 1687318026,
                    "nsecs": 229184906
                },
                "frame_id": "ra_base"
            },
            "child_frame_id": "ra_tool0_controller",
            "transform": {
                "translation": {
                    "x": -0.6728307475574161,
                    "y": -0.7294033078189128,
                    "z": 0.6299503556492346
                },
                "rotation": {
                    "x": -0.4907301345021818,
                    "y": -0.5021729282232594,
                    "z": 0.5050115966087496,
                    "w": 0.5019657085317972
                }
            }
        }
    ]
}