{
    "transforms": [
        {
            "header": {
                "seq": 0,
                "stamp": {
                    "secs": 1687318004,
                    "nsecs": 80459450
                },
                "frame_id": "polhemus_base_0"
            },
            "child_frame_id": "polhemus_station_0",
            "transform": {
                "translation": {
                    "x": 0.046778179705142975,
                    "y": -0.0716211125254631,
                    "z": 0.14066849648952484
                },
                "rotation": {
                    "x": -0.23764954507350922,
                    "y": -0.580602765083313,
                    "z": -0.14945849776268005,
                    "w": 0.7642547488212585
                }
            }
        },
        {
            "header": {
                "seq": 0,
                "stamp": {
                    "secs": 1687318004,
                    "nsecs": 80459450
                },
                "frame_id": "polhemus_base_0"
            },
            "child_frame_id": "polhemus_station_1",
            "transform": {
                "translation": {
                    "x": 0.13555766642093658,
                    "y": -0.02413557656109333,
                    "z": 0.05077991634607315
                },
                "rotation": {
                    "x": 0.08762094378471375,
                    "y": -0.28618884086608887,
                    "z": 0.10231061279773712,
                    "w": 0.9486573934555054
                }
            }
        },
        {
            "header": {
                "seq": 0,
                "stamp": {
                    "secs": 1687318004,
                    "nsecs": 80459450
                },
                "frame_id": "polhemus_base_0"
            },
            "child_frame_id": "polhemus_station_2",
            "transform": {
                "translation": {
                    "x": 0.14404743909835815,
                    "y": -0.01343599334359169,
                    "z": 0.06144874542951584
                },
                "rotation": {
                    "x": 0.03146830573678017,
                    "y": -0.413335919380188,
                    "z": -0.14054346084594727,
                    "w": 0.899116575717926
                }
            }
        },
        {
            "header": {
                "seq": 0,
                "stamp": {
                    "secs": 1687318004,
                    "nsecs": 80459450
                },
                "frame_id": "polhemus_base_0"
            },
            "child_frame_id": "polhemus_station_3",
            "transform": {
                "translation": {
                    "x": 0.12288615107536316,
                    "y": 0.04453330487012863,
                    "z": 0.04119602218270302
                },
                "rotation": {
                    "x": -0.22191481292247772,
                    "y": -0.3498769998550415,
                    "z": -0.09554741531610489,
                    "w": 0.9051024317741394
                }
            }
        },
        {
            "header": {
                "seq": 0,
                "stamp": {
                    "secs": 1687318004,
                    "nsecs": 80459450
                },
                "frame_id": "polhemus_base_0"
            },
            "child_frame_id": "polhemus_station_4",
            "transform": {
                "translation": {
                    "x": 0.13748542964458466,
                    "y": 0.06180310621857643,
                    "z": 0.04630022495985031
                },
                "rotation": {
                    "x": 0.4094809889793396,
                    "y": 0.24631397426128387,
                    "z": 0.21715523302555084,
                    "w": -0.8511747121810913
                }
            }
        },
        {
            "header": {
                "seq": 0,
                "stamp": {
                    "secs": 1687318004,
                    "nsecs": 80459450
                },
                "frame_id": "polhemus_base_0"
            },
            "child_frame_id": "polhemus_station_5",
            "transform": {
                "translation": {
                    "x": 0.18835397064685822,
                    "y": 0.05291373282670975,
                    "z": 0.009561451151967049
                },
                "rotation": {
                    "x": 0.27780264616012573,
                    "y": -0.3060671389102936,
                    "z": 0.08098000288009644,
                    "w": -0.9069679379463196
                }
            }
        }
    ]
}