{
    "transforms": [
        {
            "header": {
                "seq": 0,
                "stamp": {
                    "secs": 1687318007,
                    "nsecs": 317184906
                },
                "frame_id": "ra_base"
            },
            "child_frame_id": "ra_tool0_controller",
            "transform": {
                "translation": {
                    "x": -0.676069994232809,
                    "y": -0.0915440220676208,
                    "z": 0.6376314650466982
                },
                "rotation": {
                    "x": -0.5028190894382608,
                    "y": -0.5053244833609289,
                    "z": 0.4962482231587346,
                    "w": 0.495537920672361
                }
            }
        }
    ]
}