{
    "transforms": [
        {
            "header": {
                "seq": 0,
                "stamp": {
                    "secs": 1687318004,
                    "nsecs": 385579978
                },
                "frame_id": "ra_base"
            },
            "child_frame_id": "ra_tool0_controller",
            "transform": {
                "translation": {
                    "x": -0.6760765980978233,
                    "y": -0.09155206929505026,
                    "z": 0.6376256503995004
                },
                "rotation": {
                    "x": -0.5028169058713898,
                    "y": -0.5053215024909564,
                    "z": 0.4962451994864995,
                    "w": 0.49554620397780136
                }
            }
        }
    ]
}