{
    "transforms": [
        {
            "header": {
                "seq": 0,
                "stamp": {
                    "secs": 1687318017,
                    "nsecs": 341184906
                },
                "frame_id": "ra_base"
            },
            "child_frame_id": "ra_tool0_controller",
            "transform": {
                "translation": {
                    "x": -0.6728391893186332,
                    "y": -0.7293820922205086,
                    "z": 0.6299507839991024
                },
                "rotation": {
                    "x": -0.4907488693099208,
                    "y": -0.5021590558789635,
                    "z": 0.5050007205457043,
                    "w": 0.5019722124959725
                }
            }
        }
    ]
}