{
    "transforms": [
        {
            "header": {
                "seq": 0,
                "stamp": {
                    "secs": 1687318010,
                    "nsecs": 731184906
                },
                "frame_id": "ra_base"
            },
            "child_frame_id": "ra_tool0_controller",
            "transform": {
                "translation": {
                    "x": -0.7522865492162885,
                    "y": -0.5226950714880017,
                    "z": 0.6548333097031157
                },
                "rotation": {
                    "x": -0.492304093318098,
                    "y": -0.5038936063350886,
                    "z": 0.501741324518549,
                    "w": 0.5019796375025948
                }
            }
        }
    ]
}