{
    "transforms": [
        {
            "header": {
                "seq": 0,
                "stamp": {
                    "secs": 1687318011,
                    "nsecs": 381184906
                },
                "frame_id": "ra_base"
            },
            "child_frame_id": "ra_tool0_controller",
            "transform": {
                "translation": {
                    "x": -0.7163508457140859,
                    "y": -0.6406851767654029,
                    "z": 0.6429129167470181
                },
                "rotation": {
                    "x": -0.49123987891405013,
                    "y": -0.5028506480220052,
                    "z": 0.503585821394205,
                    "w": 0.5022209948210873
                }
            }
        }
    ]
}