{
    "transforms": [
        {
            "header": {
                "seq": 0,
                "stamp": {
                    "secs": 1687318015,
                    "nsecs": 679184906
                },
                "frame_id": "ra_base"
            },
            "child_frame_id": "ra_tool0_controller",
            "transform": {
                "translation": {
                    "x": -0.6728316354970795,
                    "y": -0.7293824439355364,
                    "z": 0.6299473487940388
                },
                "rotation": {
                    "x": -0.4907365359290511,
                    "y": -0.5021696946737416,
                    "z": 0.5050026634666694,
                    "w": 0.5019716724549366
                }
            }
        }
    ]
}