{
    "transforms": [
        {
            "header": {
                "seq": 0,
                "stamp": {
                    "secs": 1687318001,
                    "nsecs": 799579978
                },
                "frame_id": "ra_base"
            },
            "child_frame_id": "ra_tool0_controller",
            "transform": {
                "translation": {
                    "x": -0.6760663561040452,
                    "y": -0.09155147917137624,
                    "z": 0.6376537851067673
                },
                "rotation": {
                    "x": -0.5028067947679684,
                    "y": -0.5053123293286653,
                    "z": 0.49625434487023257,
                    "w": 0.4955566588807146
                }
            }
        }
    ]
}