{
    "transforms": [
        {
            "header": {
                "seq": 0,
                "stamp": {
                    "secs": 1687318000,
                    "nsecs": 737579978
                },
                "frame_id": "ra_base"
            },
            "child_frame_id": "ra_tool0_controller",
            "transform": {
                "translation": {
                    "x": -0.6760839096368949,
                    "y": -0.09152905958280941,
                    "z": 0.637627497511638
                },
                "rotation": {
                    "x": -0.5028116107386029,
                    "y": -0.5053191980638336,
                    "z": 0.4962340764415883,
                    "w": 0.49556506490342905
                }
            }
        }
    ]
}