{
    "transforms": [
        {
            "header": {
                "seq": 0,
                "stamp": {
                    "secs": 1687318016,
                    "nsecs": 181184906
                },
                "frame_id": "ra_base"
            },
            "child_frame_id": "ra_tool0_controller",
            "transform": {
                "translation": {
                    "x": -0.6728441130950614,
                    "y": -0.729386500773967,
                    "z": 0.629946761276918
                },
                "rotation": {
                    "x": -0.4907383907372731,
                    "y": -0.5021558053368453,
                    "z": 0.5050036932666074,
                    "w": 0.5019827176409385
                }
            }
        }
    ]
}