{
    "transforms": [
        {
            "header": {
                "seq": 0,
                "stamp": {
                    "secs": 1687318008,
                    "nsecs": 179184906
                },
                "frame_id": "ra_base"
            },
            "child_frame_id": "ra_tool0_controller",
            "transform": {
                "translation": {
                    "x": -0.7006794410008561,
                    "y": -0.1315410049511207,
                    "z": 0.6458745543916958
                },
                "rotation": {
                    "x": -0.5011152979399829,
                    "y": -0.5055609828734515,
                    "z": 0.4965666232274367,
                    "w": 0.49670226440298504
                }
            }
        }
    ]
}