{
    "transforms": [
        {
            "header": {
                "seq": 0,
                "stamp": {
                    "secs": 1687318022,
                    "nsecs": 649184906
                },
                "frame_id": "ra_base"
            },
            "child_frame_id": "ra_tool0_controller",
            "transform": {
                "translation": {
                    "x": -0.6728419602422477,
                    "y": -0.7293815963092498,
                    "z": 0.6299556573310097
                },
                "rotation": {
                    "x": -0.490740683336697,
                    "y": -0.5021598333459706,
                    "z": 0.5050054576213371,
                    "w": 0.5019746719355894
                }
            }
        }
    ]
}