{
    "transforms": [
        {
            "header": {
                "seq": 0,
                "stamp": {
                    "secs": 1687318002,
                    "nsecs": 353579978
                },
                "frame_id": "ra_base"
            },
            "child_frame_id": "ra_tool0_controller",
            "transform": {
                "translation": {
                    "x": -0.6760791960999429,
                    "y": -0.09153822662168284,
                    "z": 0.6376441608943022
                },
                "rotation": {
                    "x": -0.502804297345696,
                    "y": -0.5053127797378928,
                    "z": 0.4962489079829381,
                    "w": 0.4955641780133087
                }
            }
        }
    ]
}