{
    "transforms": [
        {
            "header": {
                "seq": 0,
                "stamp": {
                    "secs": 1687318006,
                    "nsecs": 707184906
                },
                "frame_id": "ra_base"
            },
            "child_frame_id": "ra_tool0_controller",
            "transform": {
                "translation": {
                    "x": -0.6760721544645122,
                    "y": -0.09154269893880762,
                    "z": 0.6376393959142843
                },
                "rotation": {
                    "x": -0.5028073546154795,
                    "y": -0.5053189560680567,
                    "z": 0.4962495795199052,
                    "w": 0.49555410563246305
                }
            }
        }
    ]
}