{
    "transforms": [
        {
            "header": {
                "seq": 0,
                "stamp": {
                    "secs": 1687318006,
                    "nsecs": 515184906
                },
                "frame_id": "ra_base"
            },
            "child_frame_id": "ra_tool0_controller",
            "transform": {
                "translation": {
                    "x": -0.676060915705787,
                    "y": -0.09155286460701466,
                    "z": 0.6376383746069106
                },
                "rotation": {
                    "x": -0.5028031310200936,
                    "y": -0.5053269512724281,
                    "z": 0.496250132308137,
                    "w": 0.4955496846313801
                }
            }
        }
    ]
}