{
    "transforms": [
        {
            "header": {
                "seq": 0,
                "stamp": {
                    "secs": 1687318026,
                    "nsecs": 347184906
                },
                "frame_id": "ra_base"
            },
            "child_frame_id": "ra_tool0_controller",
            "transform": {
                "translation": {
                    "x": -0.6728308082139475,
                    "y": -0.7293972670235226,
                    "z": 0.6299416108369247
                },
                "rotation": {
                    "x": -0.49073536061437684,
                    "y": -0.5021579273152729,
                    "z": 0.5050187319139092,
                    "w": 0.5019684275860123
                }
            }
        }
    ]
}