{
    "transforms": [
        {
            "header": {
                "seq": 0,
                "stamp": {
                    "secs": 1687318015,
                    "nsecs": 303184906
                },
                "frame_id": "ra_base"
            },
            "child_frame_id": "ra_tool0_controller",
            "transform": {
                "translation": {
                    "x": -0.6728498464845102,
                    "y": -0.7293933088986194,
                    "z": 0.6299386823661464
                },
                "rotation": {
                    "x": -0.4907414748423794,
                    "y": -0.5021588607003389,
                    "z": 0.5050259514910359,
                    "w": 0.5019542527065965
                }
            }
        }
    ]
}