{
    "transforms": [
        {
            "header": {
                "seq": 0,
                "stamp": {
                    "secs": 1687318019,
                    "nsecs": 297142030
                },
                "frame_id": "polhemus_base_0"
            },
            "child_frame_id": "polhemus_station_0",
            "transform": {
                "translation": {
                    "x": 0.045607324689626694,
                    "y": -0.07044576853513718,
                    "z": 0.1413811892271042
                },
                "rotation": {
                    "x": -0.24369777739048004,
                    "y": -0.5851689577102661,
                    "z": -0.14856918156147003,
                    "w": 0.7590228915214539
                }
            }
        },
        {
            "header": {
                "seq": 0,
                "stamp": {
                    "secs": 1687318019,
                    "nsecs": 297142030
                },
                "frame_id": "polhemus_base_0"
            },
            "child_frame_id": "polhemus_station_1",
            "transform": {
                "translation": {
                    "x": 0.13559167087078094,
                    "y": -0.02406279928982258,
                    "z": 0.0507991649210453
                },
                "rotation": {
                    "x": 0.08809639513492584,
                    "y": -0.28571462631225586,
                    "z": 0.1027858778834343,
                    "w": 0.9487050175666809
                }
            }
        },
        {
            "header": {
                "seq": 0,
                "stamp": {
                    "secs": 1687318019,
                    "nsecs": 297142030
                },
                "frame_id": "polhemus_base_0"
            },
            "child_frame_id": "polhemus_station_2",
            "transform": {
                "translation": {
                    "x": 0.1440710574388504,
                    "y": -0.01336352713406086,
                    "z": 0.061453927308321
                },
                "rotation": {
                    "x": 0.03020826354622841,
                    "y": -0.41290417313575745,
                    "z": -0.13952279090881348,
                    "w": 0.8995171189308167
                }
            }
        },
        {
            "header": {
                "seq": 0,
                "stamp": {
                    "secs": 1687318019,
                    "nsecs": 297142030
                },
                "frame_id": "polhemus_base_0"
            },
            "child_frame_id": "polhemus_station_3",
            "transform": {
                "translation": {
                    "x": 0.12329074740409851,
                    "y": 0.04445559158921242,
                    "z": 0.040503792464733124
                },
                "rotation": {
                    "x": -0.22035512328147888,
                    "y": -0.3459602892398834,
                    "z": -0.09634727239608765,
                    "w": 0.9069024324417114
                }
            }
        },
        {
            "header": {
                "seq": 0,
                "stamp": {
                    "secs": 1687318019,
                    "nsecs": 297142030
                },
                "frame_id": "polhemus_base_0"
            },
            "child_frame_id": "polhemus_station_4",
            "transform": {
                "translation": {
                    "x": 0.13810515403747559,
                    "y": 0.06147834658622742,
                    "z": 0.04551926255226135
                },
                "rotation": {
                    "x": 0.4190428555011749,
                    "y": 0.2454243302345276,
                    "z": 0.21959707140922546,
                    "w": -0.8461365699768066
                }
            }
        },
        {
            "header": {
                "seq": 0,
                "stamp": {
                    "secs": 1687318019,
                    "nsecs": 297142030
                },
                "frame_id": "polhemus_base_0"
            },
            "child_frame_id": "polhemus_station_5",
            "transform": {
                "translation": {
                    "x": 0.1883295178413391,
                    "y": 0.052071284502744675,
                    "z": 0.009373214095830917
                },
                "rotation": {
                    "x": 0.2821928858757019,
                    "y": -0.30578723549842834,
                    "z": 0.08611336350440979,
                    "w": -0.9052324295043945
                }
            }
        }
    ]
}