{
    "transforms": [
        {
            "header": {
                "seq": 0,
                "stamp": {
                    "secs": 1687318026,
                    "nsecs": 355184906
                },
                "frame_id": "ra_base"
            },
            "child_frame_id": "ra_tool0_controller",
            "transform": {
                "translation": {
                    "x": -0.6728528648409987,
                    "y": -0.7293732821099067,
                    "z": 0.6299481469297044
                },
                "rotation": {
                    "x": -0.4907504138717943,
                    "y": -0.5021533874516062,
                    "z": 0.5050143800739197,
                    "w": 0.5019626307546152
                }
            }
        }
    ]
}