{
    "transforms": [
        {
            "header": {
                "seq": 0,
                "stamp": {
                    "secs": 1687318004,
                    "nsecs": 439579978
                },
                "frame_id": "ra_base"
            },
            "child_frame_id": "ra_tool0_controller",
            "transform": {
                "translation": {
                    "x": -0.6760815395741059,
                    "y": -0.09154046671801358,
                    "z": 0.6376291667225299
                },
                "rotation": {
                    "x": -0.5028202796968643,
                    "y": -0.5053238123021337,
                    "z": 0.4962409791464472,
                    "w": 0.49554465153180755
                }
            }
        }
    ]
}