{
    "transforms": [
        {
            "header": {
                "seq": 0,
                "stamp": {
                    "secs": 1687318021,
                    "nsecs": 837184906
                },
                "frame_id": "ra_base"
            },
            "child_frame_id": "ra_tool0_controller",
            "transform": {
                "translation": {
                    "x": -0.6728473139127603,
                    "y": -0.7293981884907548,
                    "z": 0.6299365197386309
                },
                "rotation": {
                    "x": -0.49073462959594744,
                    "y": -0.5021611360985052,
                    "z": 0.5050177051154849,
                    "w": 0.5019669652750824
                }
            }
        }
    ]
}