{
    "transforms": [
        {
            "header": {
                "seq": 0,
                "stamp": {
                    "secs": 1687318022,
                    "nsecs": 943184906
                },
                "frame_id": "ra_base"
            },
            "child_frame_id": "ra_tool0_controller",
            "transform": {
                "translation": {
                    "x": -0.6728408376546902,
                    "y": -0.729390528494883,
                    "z": 0.6299598205275635
                },
                "rotation": {
                    "x": -0.490731983310615,
                    "y": -0.5021508095806277,
                    "z": 0.505019700422821,
                    "w": 0.5019778751881349
                }
            }
        }
    ]
}