{
    "transforms": [
        {
            "header": {
                "seq": 0,
                "stamp": {
                    "secs": 1687318003,
                    "nsecs": 181579978
                },
                "frame_id": "ra_base"
            },
            "child_frame_id": "ra_tool0_controller",
            "transform": {
                "translation": {
                    "x": -0.6760804624213459,
                    "y": -0.09154065412329786,
                    "z": 0.637647690033137
                },
                "rotation": {
                    "x": -0.5027982849050194,
                    "y": -0.5053128769761607,
                    "z": 0.4962522730083493,
                    "w": 0.4955668094139209
                }
            }
        }
    ]
}