{
    "transforms": [
        {
            "header": {
                "seq": 0,
                "stamp": {
                    "secs": 1687317998,
                    "nsecs": 833579978
                },
                "frame_id": "ra_base"
            },
            "child_frame_id": "ra_tool0_controller",
            "transform": {
                "translation": {
                    "x": -0.6760777806299012,
                    "y": -0.09154067305697373,
                    "z": 0.6376549287977202
                },
                "rotation": {
                    "x": -0.5027986178809042,
                    "y": -0.5053185046675858,
                    "z": 0.49625284953268683,
                    "w": 0.4955601558118411
                }
            }
        }
    ]
}