{
    "transforms": [
        {
            "header": {
                "seq": 0,
                "stamp": {
                    "secs": 1687318024,
                    "nsecs": 129184906
                },
                "frame_id": "ra_base"
            },
            "child_frame_id": "ra_tool0_controller",
            "transform": {
                "translation": {
                    "x": -0.6728397975693536,
                    "y": -0.7293834408228485,
                    "z": 0.6299346073311433
                },
                "rotation": {
                    "x": -0.49075316368182986,
                    "y": -0.5021567185153026,
                    "z": 0.505006699528946,
                    "w": 0.5019643371964778
                }
            }
        }
    ]
}