{
    "transforms": [
        {
            "header": {
                "seq": 0,
                "stamp": {
                    "secs": 1687318001,
                    "nsecs": 87579978
                },
                "frame_id": "ra_base"
            },
            "child_frame_id": "ra_tool0_controller",
            "transform": {
                "translation": {
                    "x": -0.6760739781390592,
                    "y": -0.09154160042699866,
                    "z": 0.637639304889871
                },
                "rotation": {
                    "x": -0.5028073012083478,
                    "y": -0.505321044473067,
                    "z": 0.49624394169055375,
                    "w": 0.49555767595674355
                }
            }
        }
    ]
}