{
    "transforms": [
        {
            "header": {
                "seq": 0,
                "stamp": {
                    "secs": 1687318025,
                    "nsecs": 767184906
                },
                "frame_id": "ra_base"
            },
            "child_frame_id": "ra_tool0_controller",
            "transform": {
                "translation": {
                    "x": -0.672838863732426,
                    "y": -0.7293858887460317,
                    "z": 0.6299177926469776
                },
                "rotation": {
                    "x": -0.4907356255440646,
                    "y": -0.5021818271863475,
                    "z": 0.5049954254506441,
                    "w": 0.5019677066700409
                }
            }
        }
    ]
}