{
    "transforms": [
        {
            "header": {
                "seq": 0,
                "stamp": {
                    "secs": 1687318015,
                    "nsecs": 913820316
                },
                "frame_id": "polhemus_base_0"
            },
            "child_frame_id": "polhemus_station_0",
            "transform": {
                "translation": {
                    "x": 0.04599449783563614,
                    "y": -0.07068434357643127,
                    "z": 0.14122579991817474
                },
                "rotation": {
                    "x": -0.24236194789409637,
                    "y": -0.583612322807312,
                    "z": -0.1485200673341751,
                    "w": 0.7606569528579712
                }
            }
        },
        {
            "header": {
                "seq": 0,
                "stamp": {
                    "secs": 1687318015,
                    "nsecs": 913820316
                },
                "frame_id": "polhemus_base_0"
            },
            "child_frame_id": "polhemus_station_1",
            "transform": {
                "translation": {
                    "x": 0.13557972013950348,
                    "y": -0.02408321015536785,
                    "z": 0.050771020352840424
                },
                "rotation": {
                    "x": 0.08813057839870453,
                    "y": -0.28580883145332336,
                    "z": 0.10271021723747253,
                    "w": 0.9486815929412842
                }
            }
        },
        {
            "header": {
                "seq": 0,
                "stamp": {
                    "secs": 1687318015,
                    "nsecs": 913820316
                },
                "frame_id": "polhemus_base_0"
            },
            "child_frame_id": "polhemus_station_2",
            "transform": {
                "translation": {
                    "x": 0.1440616101026535,
                    "y": -0.013377045281231403,
                    "z": 0.06142279878258705
                },
                "rotation": {
                    "x": 0.03065549209713936,
                    "y": -0.4129868447780609,
                    "z": -0.13972607254981995,
                    "w": 0.8994325399398804
                }
            }
        },
        {
            "header": {
                "seq": 0,
                "stamp": {
                    "secs": 1687318015,
                    "nsecs": 913820316
                },
                "frame_id": "polhemus_base_0"
            },
            "child_frame_id": "polhemus_station_3",
            "transform": {
                "translation": {
                    "x": 0.12321912497282028,
                    "y": 0.044474825263023376,
                    "z": 0.040600214153528214
                },
                "rotation": {
                    "x": -0.2200307995080948,
                    "y": -0.3464241027832031,
                    "z": -0.0959593653678894,
                    "w": 0.906845211982727
                }
            }
        },
        {
            "header": {
                "seq": 0,
                "stamp": {
                    "secs": 1687318015,
                    "nsecs": 913820316
                },
                "frame_id": "polhemus_base_0"
            },
            "child_frame_id": "polhemus_station_4",
            "transform": {
                "translation": {
                    "x": 0.13801103830337524,
                    "y": 0.06151074543595314,
                    "z": 0.04564845934510231
                },
                "rotation": {
                    "x": 0.41689732670783997,
                    "y": 0.24529099464416504,
                    "z": 0.21929287910461426,
                    "w": -0.8473130464553833
                }
            }
        },
        {
            "header": {
                "seq": 0,
                "stamp": {
                    "secs": 1687318015,
                    "nsecs": 913820316
                },
                "frame_id": "polhemus_base_0"
            },
            "child_frame_id": "polhemus_station_5",
            "transform": {
                "translation": {
                    "x": 0.1883319616317749,
                    "y": 0.05224736034870148,
                    "z": 0.009355705231428146
                },
                "rotation": {
                    "x": 0.2814728617668152,
                    "y": -0.3061257004737854,
                    "z": 0.08472377061843872,
                    "w": -0.9054733514785767
                }
            }
        }
    ]
}