{
    "transforms": [
        {
            "header": {
                "seq": 0,
                "stamp": {
                    "secs": 1687318003,
                    "nsecs": 35579978
                },
                "frame_id": "ra_base"
            },
            "child_frame_id": "ra_tool0_controller",
            "transform": {
                "translation": {
                    "x": -0.6760745186711332,
                    "y": -0.09155428512130499,
                    "z": 0.6376390673499516
                },
                "rotation": {
                    "x": -0.5028017764547005,
                    "y": -0.5053267920300155,
                    "z": 0.4962572398064601,
                    "w": 0.49554410377919395
                }
            }
        }
    ]
}