{
    "transforms": [
        {
            "header": {
                "seq": 0,
                "stamp": {
                    "secs": 1687318007,
                    "nsecs": 117184906
                },
                "frame_id": "ra_base"
            },
            "child_frame_id": "ra_tool0_controller",
            "transform": {
                "translation": {
                    "x": -0.6760775953092669,
                    "y": -0.09153288549990093,
                    "z": 0.6376112394287157
                },
                "rotation": {
                    "x": -0.502826874015192,
                    "y": -0.505328587078597,
                    "z": 0.4962458850710044,
                    "w": 0.4955281782092262
                }
            }
        }
    ]
}