{
    "transforms": [
        {
            "header": {
                "seq": 0,
                "stamp": {
                    "secs": 1687318020,
                    "nsecs": 51184906
                },
                "frame_id": "ra_base"
            },
            "child_frame_id": "ra_tool0_controller",
            "transform": {
                "translation": {
                    "x": -0.6728570110656502,
                    "y": -0.7293721968212746,
                    "z": 0.6299449943428103
                },
                "rotation": {
                    "x": -0.49074168154844516,
                    "y": -0.5021618983278249,
                    "z": 0.5050039787177464,
                    "w": 0.50197311814284
                }
            }
        }
    ]
}