{
    "transforms": [
        {
            "header": {
                "seq": 0,
                "stamp": {
                    "secs": 1687318007,
                    "nsecs": 907184906
                },
                "frame_id": "ra_base"
            },
            "child_frame_id": "ra_tool0_controller",
            "transform": {
                "translation": {
                    "x": -0.6882806925519135,
                    "y": -0.11023541995196079,
                    "z": 0.6418281123866506
                },
                "rotation": {
                    "x": -0.502006741566853,
                    "y": -0.5054382745903966,
                    "z": 0.4963761619366332,
                    "w": 0.4961170102521895
                }
            }
        }
    ]
}