{
    "transforms": [
        {
            "header": {
                "seq": 0,
                "stamp": {
                    "secs": 1687318002,
                    "nsecs": 119579978
                },
                "frame_id": "ra_base"
            },
            "child_frame_id": "ra_tool0_controller",
            "transform": {
                "translation": {
                    "x": -0.6760708179464562,
                    "y": -0.09155260152300403,
                    "z": 0.6376088329252391
                },
                "rotation": {
                    "x": -0.5028297132405626,
                    "y": -0.5053322209176268,
                    "z": 0.49624975266617066,
                    "w": 0.49551771811271983
                }
            }
        }
    ]
}