{
    "transforms": [
        {
            "header": {
                "seq": 0,
                "stamp": {
                    "secs": 1687318012,
                    "nsecs": 9184906
                },
                "frame_id": "ra_base"
            },
            "child_frame_id": "ra_tool0_controller",
            "transform": {
                "translation": {
                    "x": -0.681749674949653,
                    "y": -0.713569607178317,
                    "z": 0.6324975187879283
                },
                "rotation": {
                    "x": -0.4908108778526265,
                    "y": -0.5022895235405535,
                    "z": 0.5047440813315333,
                    "w": 0.502039170865904
                }
            }
        }
    ]
}