{
    "transforms": [
        {
            "header": {
                "seq": 0,
                "stamp": {
                    "secs": 1687318023,
                    "nsecs": 5184906
                },
                "frame_id": "ra_base"
            },
            "child_frame_id": "ra_tool0_controller",
            "transform": {
                "translation": {
                    "x": -0.6728498647064199,
                    "y": -0.7293733091359417,
                    "z": 0.6299453003105686
                },
                "rotation": {
                    "x": -0.49074394039781627,
                    "y": -0.5021625624308382,
                    "z": 0.5049988002579553,
                    "w": 0.5019754551706137
                }
            }
        }
    ]
}