{
    "transforms": [
        {
            "header": {
                "seq": 0,
                "stamp": {
                    "secs": 1687318005,
                    "nsecs": 231184906
                },
                "frame_id": "ra_base"
            },
            "child_frame_id": "ra_tool0_controller",
            "transform": {
                "translation": {
                    "x": -0.6760682895443486,
                    "y": -0.09156412371398803,
                    "z": 0.6376192146063179
                },
                "rotation": {
                    "x": -0.5028058961900126,
                    "y": -0.5053368895390516,
                    "z": 0.4962394851168929,
                    "w": 0.4955474066509436
                }
            }
        }
    ]
}