{
    "transforms": [
        {
            "header": {
                "seq": 0,
                "stamp": {
                    "secs": 1687318010,
                    "nsecs": 119139138
                },
                "frame_id": "polhemus_base_0"
            },
            "child_frame_id": "rh_user_forearm",
            "transform": {
                "translation": {
                    "x": -0.18834933638572693,
                    "y": 0.052617497742176056,
                    "z": 0.009431987069547176
                },
                "rotation": {
                    "x": -0.27916908857362616,
                    "y": -0.3063895767466349,
                    "z": 0.08251607593397547,
                    "w": 0.9063008024152065
                }
            }
        }
    ]
}