{
    "transforms": [
        {
            "header": {
                "seq": 0,
                "stamp": {
                    "secs": 1687318011,
                    "nsecs": 779184906
                },
                "frame_id": "ra_base"
            },
            "child_frame_id": "ra_tool0_controller",
            "transform": {
                "translation": {
                    "x": -0.6932841284418114,
                    "y": -0.6915238606138729,
                    "z": 0.6359184345385515
                },
                "rotation": {
                    "x": -0.49090047714613716,
                    "y": -0.5024715400708162,
                    "z": 0.5044151028964067,
                    "w": 0.5021000666466442
                }
            }
        }
    ]
}