{
    "transforms": [
        {
            "header": {
                "seq": 0,
                "stamp": {
                    "secs": 1687318009,
                    "nsecs": 239184906
                },
                "frame_id": "ra_base"
            },
            "child_frame_id": "ra_tool0_controller",
            "transform": {
                "translation": {
                    "x": -0.7528985391025147,
                    "y": -0.27336530221324834,
                    "z": 0.6601530212049903
                },
                "rotation": {
                    "x": -0.4967578852364281,
                    "y": -0.5054886710877853,
                    "z": 0.49809416498874615,
                    "w": 0.499614861329705
                }
            }
        }
    ]
}