{
    "transforms": [
        {
            "header": {
                "seq": 0,
                "stamp": {
                    "secs": 1687318017,
                    "nsecs": 571184906
                },
                "frame_id": "ra_base"
            },
            "child_frame_id": "ra_tool0_controller",
            "transform": {
                "translation": {
                    "x": -0.6728596067904911,
                    "y": -0.7293800187527443,
                    "z": 0.6299726472005284
                },
                "rotation": {
                    "x": -0.49073408996075557,
                    "y": -0.5021574488779967,
                    "z": 0.5050115848886584,
                    "w": 0.5019773387464582
                }
            }
        }
    ]
}