{
    "transforms": [
        {
            "header": {
                "seq": 0,
                "stamp": {
                    "secs": 1687318007,
                    "nsecs": 447184906
                },
                "frame_id": "ra_base"
            },
            "child_frame_id": "ra_tool0_controller",
            "transform": {
                "translation": {
                    "x": -0.6762928633572982,
                    "y": -0.09191040295762644,
                    "z": 0.6377498749752663
                },
                "rotation": {
                    "x": -0.5027478928820496,
                    "y": -0.5053205799082525,
                    "z": 0.4962817694297035,
                    "w": 0.4955805414416201
                }
            }
        }
    ]
}