{
    "transforms": [
        {
            "header": {
                "seq": 0,
                "stamp": {
                    "secs": 1687318001,
                    "nsecs": 380474851
                },
                "frame_id": "polhemus_base_0"
            },
            "child_frame_id": "polhemus_station_0",
            "transform": {
                "translation": {
                    "x": 0.04720844700932503,
                    "y": -0.07196669280529022,
                    "z": 0.14042237401008606
                },
                "rotation": {
                    "x": -0.23514322936534882,
                    "y": -0.5790695548057556,
                    "z": -0.14939919114112854,
                    "w": 0.7662022709846497
                }
            }
        },
        {
            "header": {
                "seq": 0,
                "stamp": {
                    "secs": 1687318001,
                    "nsecs": 380474851
                },
                "frame_id": "polhemus_base_0"
            },
            "child_frame_id": "polhemus_station_1",
            "transform": {
                "translation": {
                    "x": 0.13543032109737396,
                    "y": -0.023892397060990334,
                    "z": 0.050944820046424866
                },
                "rotation": {
                    "x": 0.08613035827875137,
                    "y": -0.2871486246585846,
                    "z": 0.10334023088216782,
                    "w": 0.9483922719955444
                }
            }
        },
        {
            "header": {
                "seq": 0,
                "stamp": {
                    "secs": 1687318001,
                    "nsecs": 380474851
                },
                "frame_id": "polhemus_base_0"
            },
            "child_frame_id": "polhemus_station_2",
            "transform": {
                "translation": {
                    "x": 0.14389581978321075,
                    "y": -0.013119950890541077,
                    "z": 0.0615641251206398
                },
                "rotation": {
                    "x": 0.029912151396274567,
                    "y": -0.41441619396209717,
                    "z": -0.1392223834991455,
                    "w": 0.8988779783248901
                }
            }
        },
        {
            "header": {
                "seq": 0,
                "stamp": {
                    "secs": 1687318001,
                    "nsecs": 380474851
                },
                "frame_id": "polhemus_base_0"
            },
            "child_frame_id": "polhemus_station_3",
            "transform": {
                "translation": {
                    "x": 0.12258650362491608,
                    "y": 0.044986188411712646,
                    "z": 0.04197178781032562
                },
                "rotation": {
                    "x": -0.22265589237213135,
                    "y": -0.35275334119796753,
                    "z": -0.09402911365032196,
                    "w": 0.9039623141288757
                }
            }
        },
        {
            "header": {
                "seq": 0,
                "stamp": {
                    "secs": 1687318001,
                    "nsecs": 380474851
                },
                "frame_id": "polhemus_base_0"
            },
            "child_frame_id": "polhemus_station_4",
            "transform": {
                "translation": {
                    "x": 0.13671642541885376,
                    "y": 0.06253756582736969,
                    "z": 0.04695975035429001
                },
                "rotation": {
                    "x": 0.40349632501602173,
                    "y": 0.25076720118522644,
                    "z": 0.21225662529468536,
                    "w": -0.8539634943008423
                }
            }
        },
        {
            "header": {
                "seq": 0,
                "stamp": {
                    "secs": 1687318001,
                    "nsecs": 380474851
                },
                "frame_id": "polhemus_base_0"
            },
            "child_frame_id": "polhemus_station_5",
            "transform": {
                "translation": {
                    "x": 0.18841443955898285,
                    "y": 0.05357010290026665,
                    "z": 0.009610134176909924
                },
                "rotation": {
                    "x": 0.27623218297958374,
                    "y": -0.30541983246803284,
                    "z": 0.07810522615909576,
                    "w": -0.9079174399375916
                }
            }
        }
    ]
}