{
    "transforms": [
        {
            "header": {
                "seq": 0,
                "stamp": {
                    "secs": 1687318023,
                    "nsecs": 531184906
                },
                "frame_id": "ra_base"
            },
            "child_frame_id": "ra_tool0_controller",
            "transform": {
                "translation": {
                    "x": -0.672843716054551,
                    "y": -0.7293836070842643,
                    "z": 0.6299432140193882
                },
                "rotation": {
                    "x": -0.49074455660844124,
                    "y": -0.5021574483581344,
                    "z": 0.5050098987549516,
                    "w": 0.50196880319114
                }
            }
        }
    ]
}