{
    "transforms": [
        {
            "header": {
                "seq": 0,
                "stamp": {
                    "secs": 1687318002,
                    "nsecs": 172135494
                },
                "frame_id": "polhemus_base_0"
            },
            "child_frame_id": "polhemus_station_0",
            "transform": {
                "translation": {
                    "x": 0.04718315973877907,
                    "y": -0.0718999132514,
                    "z": 0.14046381413936615
                },
                "rotation": {
                    "x": -0.2357071489095688,
                    "y": -0.5791449546813965,
                    "z": -0.14945392310619354,
                    "w": 0.7659613490104675
                }
            }
        },
        {
            "header": {
                "seq": 0,
                "stamp": {
                    "secs": 1687318002,
                    "nsecs": 172135494
                },
                "frame_id": "polhemus_base_0"
            },
            "child_frame_id": "polhemus_station_1",
            "transform": {
                "translation": {
                    "x": 0.135435551404953,
                    "y": -0.023923346772789955,
                    "z": 0.050954610109329224
                },
                "rotation": {
                    "x": 0.08635371923446655,
                    "y": -0.287165105342865,
                    "z": 0.10319843143224716,
                    "w": 0.9483823776245117
                }
            }
        },
        {
            "header": {
                "seq": 0,
                "stamp": {
                    "secs": 1687318002,
                    "nsecs": 172135494
                },
                "frame_id": "polhemus_base_0"
            },
            "child_frame_id": "polhemus_station_2",
            "transform": {
                "translation": {
                    "x": 0.14392180740833282,
                    "y": -0.013196200132369995,
                    "z": 0.061565082520246506
                },
                "rotation": {
                    "x": 0.03000504896044731,
                    "y": -0.4142696261405945,
                    "z": -0.13955165445804596,
                    "w": 0.8988913893699646
                }
            }
        },
        {
            "header": {
                "seq": 0,
                "stamp": {
                    "secs": 1687318002,
                    "nsecs": 172135494
                },
                "frame_id": "polhemus_base_0"
            },
            "child_frame_id": "polhemus_station_3",
            "transform": {
                "translation": {
                    "x": 0.1226550042629242,
                    "y": 0.04484693706035614,
                    "z": 0.04188157245516777
                },
                "rotation": {
                    "x": -0.2233029305934906,
                    "y": -0.35235166549682617,
                    "z": -0.09512858837842941,
                    "w": 0.9038442373275757
                }
            }
        },
        {
            "header": {
                "seq": 0,
                "stamp": {
                    "secs": 1687318002,
                    "nsecs": 172135494
                },
                "frame_id": "polhemus_base_0"
            },
            "child_frame_id": "polhemus_station_4",
            "transform": {
                "translation": {
                    "x": 0.13685013353824615,
                    "y": 0.06233024224638939,
                    "z": 0.04686088487505913
                },
                "rotation": {
                    "x": 0.40416982769966125,
                    "y": 0.2500876188278198,
                    "z": 0.21322479844093323,
                    "w": -0.853602945804596
                }
            }
        },
        {
            "header": {
                "seq": 0,
                "stamp": {
                    "secs": 1687318002,
                    "nsecs": 172135494
                },
                "frame_id": "polhemus_base_0"
            },
            "child_frame_id": "polhemus_station_5",
            "transform": {
                "translation": {
                    "x": 0.18842080235481262,
                    "y": 0.05344032496213913,
                    "z": 0.00962227862328291
                },
                "rotation": {
                    "x": 0.27640047669410706,
                    "y": -0.30571430921554565,
                    "z": 0.07856647670269012,
                    "w": -0.9077272415161133
                }
            }
        }
    ]
}