{
    "transforms": [
        {
            "header": {
                "seq": 0,
                "stamp": {
                    "secs": 1687318011,
                    "nsecs": 417184906
                },
                "frame_id": "ra_base"
            },
            "child_frame_id": "ra_tool0_controller",
            "transform": {
                "translation": {
                    "x": -0.713954692095827,
                    "y": -0.64652574672807,
                    "z": 0.6421556561819838
                },
                "rotation": {
                    "x": -0.4911808004449243,
                    "y": -0.5028178672281589,
                    "z": 0.5036911946094591,
                    "w": 0.5022059280248543
                }
            }
        }
    ]
}