{
    "transforms": [
        {
            "header": {
                "seq": 0,
                "stamp": {
                    "secs": 1687317998,
                    "nsecs": 695579978
                },
                "frame_id": "ra_base"
            },
            "child_frame_id": "ra_tool0_controller",
            "transform": {
                "translation": {
                    "x": -0.6760716288327552,
                    "y": -0.09154097936690721,
                    "z": 0.637621416139195
                },
                "rotation": {
                    "x": -0.5028146422388345,
                    "y": -0.5053280734171283,
                    "z": 0.4962326899807431,
                    "w": 0.49555432715419
                }
            }
        }
    ]
}