{
    "transforms": [
        {
            "header": {
                "seq": 0,
                "stamp": {
                    "secs": 1687318006,
                    "nsecs": 683184906
                },
                "frame_id": "ra_base"
            },
            "child_frame_id": "ra_tool0_controller",
            "transform": {
                "translation": {
                    "x": -0.6760634180910264,
                    "y": -0.09153429814554997,
                    "z": 0.6376466467171666
                },
                "rotation": {
                    "x": -0.5028108144632351,
                    "y": -0.505319991125904,
                    "z": 0.4962348509217135,
                    "w": 0.4955642886226159
                }
            }
        }
    ]
}