{
    "transforms": [
        {
            "header": {
                "seq": 0,
                "stamp": {
                    "secs": 1687318025,
                    "nsecs": 535184906
                },
                "frame_id": "ra_base"
            },
            "child_frame_id": "ra_tool0_controller",
            "transform": {
                "translation": {
                    "x": -0.6728268889234963,
                    "y": -0.7293948563386377,
                    "z": 0.6299382516714072
                },
                "rotation": {
                    "x": -0.4907343995669681,
                    "y": -0.5021802692980621,
                    "z": 0.5050009285045441,
                    "w": 0.5019649274789243
                }
            }
        }
    ]
}