{
    "transforms": [
        {
            "header": {
                "seq": 0,
                "stamp": {
                    "secs": 1687318000,
                    "nsecs": 513579978
                },
                "frame_id": "ra_base"
            },
            "child_frame_id": "ra_tool0_controller",
            "transform": {
                "translation": {
                    "x": -0.6760708852081905,
                    "y": -0.09154656161306944,
                    "z": 0.6376528887361078
                },
                "rotation": {
                    "x": -0.5027923626705934,
                    "y": -0.5053116717261551,
                    "z": 0.4962649614333211,
                    "w": 0.49556134081567077
                }
            }
        }
    ]
}