{
    "transforms": [
        {
            "header": {
                "seq": 0,
                "stamp": {
                    "secs": 1687318007,
                    "nsecs": 815184906
                },
                "frame_id": "ra_base"
            },
            "child_frame_id": "ra_tool0_controller",
            "transform": {
                "translation": {
                    "x": -0.6844142180822275,
                    "y": -0.10404635128049207,
                    "z": 0.6405696203898158
                },
                "rotation": {
                    "x": -0.502271654332926,
                    "y": -0.5053724646569269,
                    "z": 0.49631459179878573,
                    "w": 0.49597750270335217
                }
            }
        }
    ]
}