{
    "transforms": [
        {
            "header": {
                "seq": 0,
                "stamp": {
                    "secs": 1687318016,
                    "nsecs": 391184906
                },
                "frame_id": "ra_base"
            },
            "child_frame_id": "ra_tool0_controller",
            "transform": {
                "translation": {
                    "x": -0.672862348351424,
                    "y": -0.7293865780162175,
                    "z": 0.6299569209125478
                },
                "rotation": {
                    "x": -0.4907415184314652,
                    "y": -0.5021438963756777,
                    "z": 0.5050253657377015,
                    "w": 0.5019697693902824
                }
            }
        }
    ]
}