{
    "transforms": [
        {
            "header": {
                "seq": 0,
                "stamp": {
                    "secs": 1687318025,
                    "nsecs": 399184906
                },
                "frame_id": "ra_base"
            },
            "child_frame_id": "ra_tool0_controller",
            "transform": {
                "translation": {
                    "x": -0.6728425023597623,
                    "y": -0.7293868250536194,
                    "z": 0.629947258521626
                },
                "rotation": {
                    "x": -0.4907391301557202,
                    "y": -0.502151025724015,
                    "z": 0.5050160165256007,
                    "w": 0.5019743783809498
                }
            }
        }
    ]
}