{
    "transforms": [
        {
            "header": {
                "seq": 0,
                "stamp": {
                    "secs": 1687318007,
                    "nsecs": 567184906
                },
                "frame_id": "ra_base"
            },
            "child_frame_id": "ra_tool0_controller",
            "transform": {
                "translation": {
                    "x": -0.6774272744440016,
                    "y": -0.0934882903851685,
                    "z": 0.638313126390765
                },
                "rotation": {
                    "x": -0.5026385545243635,
                    "y": -0.5052674677170421,
                    "z": 0.4963515207446074,
                    "w": 0.49567573818675237
                }
            }
        }
    ]
}