{
    "transforms": [
        {
            "header": {
                "seq": 0,
                "stamp": {
                    "secs": 1687317999,
                    "nsecs": 447154478
                },
                "frame_id": "polhemus_base_0"
            },
            "child_frame_id": "polhemus_station_0",
            "transform": {
                "translation": {
                    "x": 0.0472058430314064,
                    "y": -0.07203812152147293,
                    "z": 0.14038878679275513
                },
                "rotation": {
                    "x": -0.23468482494354248,
                    "y": -0.5791015625,
                    "z": -0.1495485156774521,
                    "w": 0.7662895321846008
                }
            }
        },
        {
            "header": {
                "seq": 0,
                "stamp": {
                    "secs": 1687317999,
                    "nsecs": 447154478
                },
                "frame_id": "polhemus_base_0"
            },
            "child_frame_id": "polhemus_station_1",
            "transform": {
                "translation": {
                    "x": 0.13540293276309967,
                    "y": -0.02388947270810604,
                    "z": 0.050982020795345306
                },
                "rotation": {
                    "x": 0.0859207734465599,
                    "y": -0.2873818874359131,
                    "z": 0.1033247709274292,
                    "w": 0.9483422636985779
                }
            }
        },
        {
            "header": {
                "seq": 0,
                "stamp": {
                    "secs": 1687317999,
                    "nsecs": 447154478
                },
                "frame_id": "polhemus_base_0"
            },
            "child_frame_id": "polhemus_station_2",
            "transform": {
                "translation": {
                    "x": 0.1438722461462021,
                    "y": -0.013108850456774235,
                    "z": 0.06159921735525131
                },
                "rotation": {
                    "x": 0.029463715851306915,
                    "y": -0.41466155648231506,
                    "z": -0.13926416635513306,
                    "w": 0.8987731337547302
                }
            }
        },
        {
            "header": {
                "seq": 0,
                "stamp": {
                    "secs": 1687317999,
                    "nsecs": 447154478
                },
                "frame_id": "polhemus_base_0"
            },
            "child_frame_id": "polhemus_station_3",
            "transform": {
                "translation": {
                    "x": 0.12254144251346588,
                    "y": 0.045059431344270706,
                    "z": 0.04205750674009323
                },
                "rotation": {
                    "x": -0.22247393429279327,
                    "y": -0.3532540202140808,
                    "z": -0.09345352649688721,
                    "w": 0.9038711786270142
                }
            }
        },
        {
            "header": {
                "seq": 0,
                "stamp": {
                    "secs": 1687317999,
                    "nsecs": 447154478
                },
                "frame_id": "polhemus_base_0"
            },
            "child_frame_id": "polhemus_station_4",
            "transform": {
                "translation": {
                    "x": 0.1366472989320755,
                    "y": 0.06259851902723312,
                    "z": 0.04704563319683075
                },
                "rotation": {
                    "x": 0.4026654362678528,
                    "y": 0.2509952187538147,
                    "z": 0.21192865073680878,
                    "w": -0.8543699979782104
                }
            }
        },
        {
            "header": {
                "seq": 0,
                "stamp": {
                    "secs": 1687317999,
                    "nsecs": 447154478
                },
                "frame_id": "polhemus_base_0"
            },
            "child_frame_id": "polhemus_station_5",
            "transform": {
                "translation": {
                    "x": 0.18843309581279755,
                    "y": 0.053650788962841034,
                    "z": 0.00969380047172308
                },
                "rotation": {
                    "x": 0.27589285373687744,
                    "y": -0.30508360266685486,
                    "z": 0.07781469821929932,
                    "w": -0.908158540725708
                }
            }
        }
    ]
}