{
    "transforms": [
        {
            "header": {
                "seq": 0,
                "stamp": {
                    "secs": 1687318018,
                    "nsecs": 805184906
                },
                "frame_id": "ra_base"
            },
            "child_frame_id": "ra_tool0_controller",
            "transform": {
                "translation": {
                    "x": -0.6728542022816874,
                    "y": -0.7293716696596609,
                    "z": 0.6299661786373176
                },
                "rotation": {
                    "x": -0.490742346237556,
                    "y": -0.5021565829249592,
                    "z": 0.5049991473158627,
                    "w": 0.5019826461588476
                }
            }
        }
    ]
}