{
    "transforms": [
        {
            "header": {
                "seq": 0,
                "stamp": {
                    "secs": 1687318020,
                    "nsecs": 831184906
                },
                "frame_id": "ra_base"
            },
            "child_frame_id": "ra_tool0_controller",
            "transform": {
                "translation": {
                    "x": -0.6728482546210048,
                    "y": -0.7293942899482844,
                    "z": 0.6299300107127861
                },
                "rotation": {
                    "x": -0.49074924200943726,
                    "y": -0.5021500891208358,
                    "z": 0.5050273268898932,
                    "w": 0.5019540502451877
                }
            }
        }
    ]
}