{
    "transforms": [
        {
            "header": {
                "seq": 0,
                "stamp": {
                    "secs": 1687318015,
                    "nsecs": 13816616
                },
                "frame_id": "polhemus_base_0"
            },
            "child_frame_id": "polhemus_station_0",
            "transform": {
                "translation": {
                    "x": 0.04595763236284256,
                    "y": -0.07075358182191849,
                    "z": 0.14119671285152435
                },
                "rotation": {
                    "x": -0.2419428676366806,
                    "y": -0.5837826728820801,
                    "z": -0.14863452315330505,
                    "w": 0.7606373429298401
                }
            }
        },
        {
            "header": {
                "seq": 0,
                "stamp": {
                    "secs": 1687318015,
                    "nsecs": 13816616
                },
                "frame_id": "polhemus_base_0"
            },
            "child_frame_id": "polhemus_station_1",
            "transform": {
                "translation": {
                    "x": 0.1355760246515274,
                    "y": -0.024083614349365234,
                    "z": 0.050771456211805344
                },
                "rotation": {
                    "x": 0.08814917504787445,
                    "y": -0.2858448624610901,
                    "z": 0.102774977684021,
                    "w": 0.9486619830131531
                }
            }
        },
        {
            "header": {
                "seq": 0,
                "stamp": {
                    "secs": 1687318015,
                    "nsecs": 13816616
                },
                "frame_id": "polhemus_base_0"
            },
            "child_frame_id": "polhemus_station_2",
            "transform": {
                "translation": {
                    "x": 0.14406093955039978,
                    "y": -0.01338893547654152,
                    "z": 0.06142466142773628
                },
                "rotation": {
                    "x": 0.03090345859527588,
                    "y": -0.4129771292209625,
                    "z": -0.1398116946220398,
                    "w": 0.899415135383606
                }
            }
        },
        {
            "header": {
                "seq": 0,
                "stamp": {
                    "secs": 1687318015,
                    "nsecs": 13816616
                },
                "frame_id": "polhemus_base_0"
            },
            "child_frame_id": "polhemus_station_3",
            "transform": {
                "translation": {
                    "x": 0.12318767607212067,
                    "y": 0.044485144317150116,
                    "z": 0.04064413532614708
                },
                "rotation": {
                    "x": -0.2199690341949463,
                    "y": -0.34665530920028687,
                    "z": -0.09572941809892654,
                    "w": 0.9067962169647217
                }
            }
        },
        {
            "header": {
                "seq": 0,
                "stamp": {
                    "secs": 1687318015,
                    "nsecs": 13816616
                },
                "frame_id": "polhemus_base_0"
            },
            "child_frame_id": "polhemus_station_4",
            "transform": {
                "translation": {
                    "x": 0.13796956837177277,
                    "y": 0.061540812253952026,
                    "z": 0.04569915309548378
                },
                "rotation": {
                    "x": 0.41639795899391174,
                    "y": 0.24534274637699127,
                    "z": 0.21899938583374023,
                    "w": -0.8476195335388184
                }
            }
        },
        {
            "header": {
                "seq": 0,
                "stamp": {
                    "secs": 1687318015,
                    "nsecs": 13816616
                },
                "frame_id": "polhemus_base_0"
            },
            "child_frame_id": "polhemus_station_5",
            "transform": {
                "translation": {
                    "x": 0.1883404701948166,
                    "y": 0.05229301378130913,
                    "z": 0.00935877300798893
                },
                "rotation": {
                    "x": 0.28103986382484436,
                    "y": -0.30612409114837646,
                    "z": 0.08466711640357971,
                    "w": -0.9056136608123779
                }
            }
        }
    ]
}