{
    "transforms": [
        {
            "header": {
                "seq": 0,
                "stamp": {
                    "secs": 1687318001,
                    "nsecs": 113579978
                },
                "frame_id": "ra_base"
            },
            "child_frame_id": "ra_tool0_controller",
            "transform": {
                "translation": {
                    "x": -0.6760736991230812,
                    "y": -0.09155138162578375,
                    "z": 0.6376459853193621
                },
                "rotation": {
                    "x": -0.5028040684648666,
                    "y": -0.5053224081010738,
                    "z": 0.4962564293021143,
                    "w": 0.49554706031054724
                }
            }
        }
    ]
}