{
    "transforms": [
        {
            "header": {
                "seq": 0,
                "stamp": {
                    "secs": 1687318010,
                    "nsecs": 497184906
                },
                "frame_id": "ra_base"
            },
            "child_frame_id": "ra_tool0_controller",
            "transform": {
                "translation": {
                    "x": -0.7594725487690013,
                    "y": -0.4814072527309293,
                    "z": 0.6575484005466471
                },
                "rotation": {
                    "x": -0.49289889398318526,
                    "y": -0.5042315821031914,
                    "z": 0.500996368888575,
                    "w": 0.5018005881625968
                }
            }
        }
    ]
}