{
    "transforms": [
        {
            "header": {
                "seq": 0,
                "stamp": {
                    "secs": 1687318008,
                    "nsecs": 530486378
                },
                "frame_id": "polhemus_base_0"
            },
            "child_frame_id": "polhemus_station_0",
            "transform": {
                "translation": {
                    "x": 0.04661521315574646,
                    "y": -0.07136695086956024,
                    "z": 0.14080879092216492
                },
                "rotation": {
                    "x": -0.238943412899971,
                    "y": -0.5812833309173584,
                    "z": -0.1490923911333084,
                    "w": 0.7634050250053406
                }
            }
        },
        {
            "header": {
                "seq": 0,
                "stamp": {
                    "secs": 1687318008,
                    "nsecs": 530486378
                },
                "frame_id": "polhemus_base_0"
            },
            "child_frame_id": "polhemus_station_1",
            "transform": {
                "translation": {
                    "x": 0.13558591902256012,
                    "y": -0.024203768000006676,
                    "z": 0.05074021592736244
                },
                "rotation": {
                    "x": 0.08777116239070892,
                    "y": -0.2858542203903198,
                    "z": 0.10163073986768723,
                    "w": 0.9488175511360168
                }
            }
        },
        {
            "header": {
                "seq": 0,
                "stamp": {
                    "secs": 1687318008,
                    "nsecs": 530486378
                },
                "frame_id": "polhemus_base_0"
            },
            "child_frame_id": "polhemus_station_2",
            "transform": {
                "translation": {
                    "x": 0.14408962428569794,
                    "y": -0.013477111235260963,
                    "z": 0.06140928342938423
                },
                "rotation": {
                    "x": 0.03126977011561394,
                    "y": -0.41305655241012573,
                    "z": -0.1408945471048355,
                    "w": 0.899196982383728
                }
            }
        },
        {
            "header": {
                "seq": 0,
                "stamp": {
                    "secs": 1687318008,
                    "nsecs": 530486378
                },
                "frame_id": "polhemus_base_0"
            },
            "child_frame_id": "polhemus_station_3",
            "transform": {
                "translation": {
                    "x": 0.12298323214054108,
                    "y": 0.04445459693670273,
                    "z": 0.04103373736143112
                },
                "rotation": {
                    "x": -0.22212032973766327,
                    "y": -0.349046528339386,
                    "z": -0.09624521434307098,
                    "w": 0.90529865026474
                }
            }
        },
        {
            "header": {
                "seq": 0,
                "stamp": {
                    "secs": 1687318008,
                    "nsecs": 530486378
                },
                "frame_id": "polhemus_base_0"
            },
            "child_frame_id": "polhemus_station_4",
            "transform": {
                "translation": {
                    "x": 0.13761866092681885,
                    "y": 0.06168605387210846,
                    "z": 0.04613949730992317
                },
                "rotation": {
                    "x": 0.4119914174079895,
                    "y": 0.24613188207149506,
                    "z": 0.2184918075799942,
                    "w": -0.8496726751327515
                }
            }
        },
        {
            "header": {
                "seq": 0,
                "stamp": {
                    "secs": 1687318008,
                    "nsecs": 530486378
                },
                "frame_id": "polhemus_base_0"
            },
            "child_frame_id": "polhemus_station_5",
            "transform": {
                "translation": {
                    "x": 0.18836930394172668,
                    "y": 0.05267046391963959,
                    "z": 0.009560720063745975
                },
                "rotation": {
                    "x": 0.27878206968307495,
                    "y": -0.3057922124862671,
                    "z": 0.0825284868478775,
                    "w": -0.9066205024719238
                }
            }
        }
    ]
}