{
    "transforms": [
        {
            "header": {
                "seq": 0,
                "stamp": {
                    "secs": 1687318007,
                    "nsecs": 535184906
                },
                "frame_id": "ra_base"
            },
            "child_frame_id": "ra_tool0_controller",
            "transform": {
                "translation": {
                    "x": -0.6769866422722758,
                    "y": -0.09286391055667463,
                    "z": 0.6381516895145222
                },
                "rotation": {
                    "x": -0.5026663182378099,
                    "y": -0.5052659981985604,
                    "z": 0.4963505699332154,
                    "w": 0.4956500330884983
                }
            }
        }
    ]
}