{
    "transforms": [
        {
            "header": {
                "seq": 0,
                "stamp": {
                    "secs": 1687318009,
                    "nsecs": 273184906
                },
                "frame_id": "ra_base"
            },
            "child_frame_id": "ra_tool0_controller",
            "transform": {
                "translation": {
                    "x": -0.7539913959606841,
                    "y": -0.27852506367955754,
                    "z": 0.6603783525782677
                },
                "rotation": {
                    "x": -0.49663406020244255,
                    "y": -0.5054432018538952,
                    "z": 0.4981669207934126,
                    "w": 0.49971141569282673
                }
            }
        }
    ]
}