{
    "transforms": [
        {
            "header": {
                "seq": 0,
                "stamp": {
                    "secs": 1687318020,
                    "nsecs": 327184906
                },
                "frame_id": "ra_base"
            },
            "child_frame_id": "ra_tool0_controller",
            "transform": {
                "translation": {
                    "x": -0.6728388470427855,
                    "y": -0.7293864724579588,
                    "z": 0.6299435158286647
                },
                "rotation": {
                    "x": -0.49074674298951454,
                    "y": -0.502154042924362,
                    "z": 0.5050072417870701,
                    "w": 0.5019727454379541
                }
            }
        }
    ]
}