{
    "transforms": [
        {
            "header": {
                "seq": 0,
                "stamp": {
                    "secs": 1687318007,
                    "nsecs": 43184906
                },
                "frame_id": "ra_base"
            },
            "child_frame_id": "ra_tool0_controller",
            "transform": {
                "translation": {
                    "x": -0.6760735453805801,
                    "y": -0.09152806139280052,
                    "z": 0.6376310907437021
                },
                "rotation": {
                    "x": -0.5028232561752783,
                    "y": -0.5053125071483338,
                    "z": 0.49623866664500194,
                    "w": 0.4955554750935016
                }
            }
        }
    ]
}