{
    "transforms": [
        {
            "header": {
                "seq": 0,
                "stamp": {
                    "secs": 1687318004,
                    "nsecs": 821579978
                },
                "frame_id": "ra_base"
            },
            "child_frame_id": "ra_tool0_controller",
            "transform": {
                "translation": {
                    "x": -0.6760735339558511,
                    "y": -0.09155260337687549,
                    "z": 0.6376419982327114
                },
                "rotation": {
                    "x": -0.50280449859123,
                    "y": -0.5053203991110369,
                    "z": 0.4962557362415274,
                    "w": 0.49554936654793924
                }
            }
        }
    ]
}