{
    "transforms": [
        {
            "header": {
                "seq": 0,
                "stamp": {
                    "secs": 1687318022,
                    "nsecs": 77184906
                },
                "frame_id": "ra_base"
            },
            "child_frame_id": "ra_tool0_controller",
            "transform": {
                "translation": {
                    "x": -0.6728489470212097,
                    "y": -0.7293878249554908,
                    "z": 0.6299375795442247
                },
                "rotation": {
                    "x": -0.490740931034395,
                    "y": -0.50216403839725,
                    "z": 0.5050013362183893,
                    "w": 0.5019743694310516
                }
            }
        }
    ]
}