{
    "transforms": [
        {
            "header": {
                "seq": 0,
                "stamp": {
                    "secs": 1687318003,
                    "nsecs": 739579978
                },
                "frame_id": "ra_base"
            },
            "child_frame_id": "ra_tool0_controller",
            "transform": {
                "translation": {
                    "x": -0.6760762308395813,
                    "y": -0.09153865580969801,
                    "z": 0.6376390719349723
                },
                "rotation": {
                    "x": -0.5028043180654788,
                    "y": -0.505324243476193,
                    "z": 0.4962374199665065,
                    "w": 0.49556397136485536
                }
            }
        }
    ]
}