{
    "transforms": [
        {
            "header": {
                "seq": 0,
                "stamp": {
                    "secs": 1687318016,
                    "nsecs": 329184906
                },
                "frame_id": "ra_base"
            },
            "child_frame_id": "ra_tool0_controller",
            "transform": {
                "translation": {
                    "x": -0.6728436143977979,
                    "y": -0.7293878157754186,
                    "z": 0.6299206453391955
                },
                "rotation": {
                    "x": -0.49073967926538353,
                    "y": -0.5021756110434039,
                    "z": 0.5049917669253743,
                    "w": 0.501973642938831
                }
            }
        }
    ]
}