{
    "transforms": [
        {
            "header": {
                "seq": 0,
                "stamp": {
                    "secs": 1687318003,
                    "nsecs": 743579978
                },
                "frame_id": "ra_base"
            },
            "child_frame_id": "ra_tool0_controller",
            "transform": {
                "translation": {
                    "x": -0.6760735862667524,
                    "y": -0.0915380764333972,
                    "z": 0.6376445687277847
                },
                "rotation": {
                    "x": -0.5028205745904376,
                    "y": -0.5053121427396589,
                    "z": 0.49624511168842667,
                    "w": 0.49555211360031354
                }
            }
        }
    ]
}