{
    "transforms": [
        {
            "header": {
                "seq": 0,
                "stamp": {
                    "secs": 1687318019,
                    "nsecs": 727184906
                },
                "frame_id": "ra_base"
            },
            "child_frame_id": "ra_tool0_controller",
            "transform": {
                "translation": {
                    "x": -0.6728466157108166,
                    "y": -0.7293974878647723,
                    "z": 0.6299332689857531
                },
                "rotation": {
                    "x": -0.49073634918555176,
                    "y": -0.5021581089781528,
                    "z": 0.5050207513779879,
                    "w": 0.5019652476547899
                }
            }
        }
    ]
}