{
    "transforms": [
        {
            "header": {
                "seq": 0,
                "stamp": {
                    "secs": 1687318011,
                    "nsecs": 697213954
                },
                "frame_id": "polhemus_base_0"
            },
            "child_frame_id": "polhemus_station_0",
            "transform": {
                "translation": {
                    "x": 0.0463201142847538,
                    "y": -0.07107064127922058,
                    "z": 0.1409892737865448
                },
                "rotation": {
                    "x": -0.2406703233718872,
                    "y": -0.58223956823349,
                    "z": -0.14905057847499847,
                    "w": 0.7621409893035889
                }
            }
        },
        {
            "header": {
                "seq": 0,
                "stamp": {
                    "secs": 1687318011,
                    "nsecs": 697213954
                },
                "frame_id": "polhemus_base_0"
            },
            "child_frame_id": "polhemus_station_1",
            "transform": {
                "translation": {
                    "x": 0.13560515642166138,
                    "y": -0.024200499057769775,
                    "z": 0.05074218288064003
                },
                "rotation": {
                    "x": 0.08807212114334106,
                    "y": -0.28580737113952637,
                    "z": 0.10202541202306747,
                    "w": 0.9487614035606384
                }
            }
        },
        {
            "header": {
                "seq": 0,
                "stamp": {
                    "secs": 1687318011,
                    "nsecs": 697213954
                },
                "frame_id": "polhemus_base_0"
            },
            "child_frame_id": "polhemus_station_2",
            "transform": {
                "translation": {
                    "x": 0.14412982761859894,
                    "y": -0.013490402139723301,
                    "z": 0.06138027086853981
                },
                "rotation": {
                    "x": 0.030833497643470764,
                    "y": -0.41263869404792786,
                    "z": -0.14049401879310608,
                    "w": 0.8994665741920471
                }
            }
        },
        {
            "header": {
                "seq": 0,
                "stamp": {
                    "secs": 1687318011,
                    "nsecs": 697213954
                },
                "frame_id": "polhemus_base_0"
            },
            "child_frame_id": "polhemus_station_3",
            "transform": {
                "translation": {
                    "x": 0.12308365851640701,
                    "y": 0.044482987374067307,
                    "z": 0.04081370308995247
                },
                "rotation": {
                    "x": -0.22057661414146423,
                    "y": -0.34760308265686035,
                    "z": -0.09545726329088211,
                    "w": 0.9063144326210022
                }
            }
        },
        {
            "header": {
                "seq": 0,
                "stamp": {
                    "secs": 1687318011,
                    "nsecs": 697213954
                },
                "frame_id": "polhemus_base_0"
            },
            "child_frame_id": "polhemus_station_4",
            "transform": {
                "translation": {
                    "x": 0.13779263198375702,
                    "y": 0.06162266060709953,
                    "z": 0.04594714939594269
                },
                "rotation": {
                    "x": 0.41387438774108887,
                    "y": 0.24574707448482513,
                    "z": 0.218659445643425,
                    "w": -0.8488252758979797
                }
            }
        },
        {
            "header": {
                "seq": 0,
                "stamp": {
                    "secs": 1687318011,
                    "nsecs": 697213954
                },
                "frame_id": "polhemus_base_0"
            },
            "child_frame_id": "polhemus_station_5",
            "transform": {
                "translation": {
                    "x": 0.1883362978696823,
                    "y": 0.0525582954287529,
                    "z": 0.009423434734344482
                },
                "rotation": {
                    "x": 0.27986466884613037,
                    "y": -0.3062024712562561,
                    "z": 0.0829215943813324,
                    "w": -0.9061124324798584
                }
            }
        }
    ]
}