{
    "transforms": [
        {
            "header": {
                "seq": 0,
                "stamp": {
                    "secs": 1687318013,
                    "nsecs": 672171211
                },
                "frame_id": "polhemus_base_0"
            },
            "child_frame_id": "polhemus_station_0",
            "transform": {
                "translation": {
                    "x": 0.04603632912039757,
                    "y": -0.07091696560382843,
                    "z": 0.14110177755355835
                },
                "rotation": {
                    "x": -0.24122488498687744,
                    "y": -0.5834819078445435,
                    "z": -0.14881956577301025,
                    "w": 0.7610598206520081
                }
            }
        },
        {
            "header": {
                "seq": 0,
                "stamp": {
                    "secs": 1687318013,
                    "nsecs": 672171211
                },
                "frame_id": "polhemus_base_0"
            },
            "child_frame_id": "polhemus_station_1",
            "transform": {
                "translation": {
                    "x": 0.1355840265750885,
                    "y": -0.02411247044801712,
                    "z": 0.050760701298713684
                },
                "rotation": {
                    "x": 0.08799856156110764,
                    "y": -0.2859033942222595,
                    "z": 0.1025664433836937,
                    "w": 0.9486808776855469
                }
            }
        },
        {
            "header": {
                "seq": 0,
                "stamp": {
                    "secs": 1687318013,
                    "nsecs": 672171211
                },
                "frame_id": "polhemus_base_0"
            },
            "child_frame_id": "polhemus_station_2",
            "transform": {
                "translation": {
                    "x": 0.14408700168132782,
                    "y": -0.013393129222095013,
                    "z": 0.06139460206031799
                },
                "rotation": {
                    "x": 0.030756713822484016,
                    "y": -0.4127015173435211,
                    "z": -0.13993310928344727,
                    "w": 0.8995277881622314
                }
            }
        },
        {
            "header": {
                "seq": 0,
                "stamp": {
                    "secs": 1687318013,
                    "nsecs": 672171211
                },
                "frame_id": "polhemus_base_0"
            },
            "child_frame_id": "polhemus_station_3",
            "transform": {
                "translation": {
                    "x": 0.12314709275960922,
                    "y": 0.04449589550495148,
                    "z": 0.0407056026160717
                },
                "rotation": {
                    "x": -0.22013109922409058,
                    "y": -0.34704694151878357,
                    "z": -0.09549029916524887,
                    "w": 0.906632125377655
                }
            }
        },
        {
            "header": {
                "seq": 0,
                "stamp": {
                    "secs": 1687318013,
                    "nsecs": 672171211
                },
                "frame_id": "polhemus_base_0"
            },
            "child_frame_id": "polhemus_station_4",
            "transform": {
                "translation": {
                    "x": 0.13789881765842438,
                    "y": 0.06155670806765556,
                    "z": 0.04580460116267204
                },
                "rotation": {
                    "x": 0.41503116488456726,
                    "y": 0.24548949301242828,
                    "z": 0.21893858909606934,
                    "w": -0.8482628464698792
                }
            }
        },
        {
            "header": {
                "seq": 0,
                "stamp": {
                    "secs": 1687318013,
                    "nsecs": 672171211
                },
                "frame_id": "polhemus_base_0"
            },
            "child_frame_id": "polhemus_station_5",
            "transform": {
                "translation": {
                    "x": 0.18833482265472412,
                    "y": 0.052396513521671295,
                    "z": 0.009355486370623112
                },
                "rotation": {
                    "x": 0.2804599106311798,
                    "y": -0.30621129274368286,
                    "z": 0.08391892910003662,
                    "w": -0.9058336019515991
                }
            }
        }
    ]
}