{
    "transforms": [
        {
            "header": {
                "seq": 0,
                "stamp": {
                    "secs": 1687318018,
                    "nsecs": 622121662
                },
                "frame_id": "polhemus_base_0"
            },
            "child_frame_id": "polhemus_station_0",
            "transform": {
                "translation": {
                    "x": 0.04594150930643082,
                    "y": -0.07050487399101257,
                    "z": 0.1413332223892212
                },
                "rotation": {
                    "x": -0.24333283305168152,
                    "y": -0.5838159322738647,
                    "z": -0.14830487966537476,
                    "w": 0.76023268699646
                }
            }
        },
        {
            "header": {
                "seq": 0,
                "stamp": {
                    "secs": 1687318018,
                    "nsecs": 622121662
                },
                "frame_id": "polhemus_base_0"
            },
            "child_frame_id": "polhemus_station_1",
            "transform": {
                "translation": {
                    "x": 0.13559947907924652,
                    "y": -0.024072904139757156,
                    "z": 0.05076650530099869
                },
                "rotation": {
                    "x": 0.0882105603814125,
                    "y": -0.28565073013305664,
                    "z": 0.10277320444583893,
                    "w": 0.9487150311470032
                }
            }
        },
        {
            "header": {
                "seq": 0,
                "stamp": {
                    "secs": 1687318018,
                    "nsecs": 622121662
                },
                "frame_id": "polhemus_base_0"
            },
            "child_frame_id": "polhemus_station_2",
            "transform": {
                "translation": {
                    "x": 0.14407509565353394,
                    "y": -0.01338723860681057,
                    "z": 0.0614282451570034
                },
                "rotation": {
                    "x": 0.030329303815960884,
                    "y": -0.412840336561203,
                    "z": -0.1397159993648529,
                    "w": 0.8995124101638794
                }
            }
        },
        {
            "header": {
                "seq": 0,
                "stamp": {
                    "secs": 1687318018,
                    "nsecs": 622121662
                },
                "frame_id": "polhemus_base_0"
            },
            "child_frame_id": "polhemus_station_3",
            "transform": {
                "translation": {
                    "x": 0.12327678501605988,
                    "y": 0.04446326941251755,
                    "z": 0.04051408916711807
                },
                "rotation": {
                    "x": -0.22019684314727783,
                    "y": -0.3459489047527313,
                    "z": -0.09621715545654297,
                    "w": 0.906959056854248
                }
            }
        },
        {
            "header": {
                "seq": 0,
                "stamp": {
                    "secs": 1687318018,
                    "nsecs": 622121662
                },
                "frame_id": "polhemus_base_0"
            },
            "child_frame_id": "polhemus_station_4",
            "transform": {
                "translation": {
                    "x": 0.13808482885360718,
                    "y": 0.06146223470568657,
                    "z": 0.04557192325592041
                },
                "rotation": {
                    "x": 0.41853252053260803,
                    "y": 0.2453950047492981,
                    "z": 0.21968838572502136,
                    "w": -0.8463739156723022
                }
            }
        },
        {
            "header": {
                "seq": 0,
                "stamp": {
                    "secs": 1687318018,
                    "nsecs": 622121662
                },
                "frame_id": "polhemus_base_0"
            },
            "child_frame_id": "polhemus_station_5",
            "transform": {
                "translation": {
                    "x": 0.1883135735988617,
                    "y": 0.05213981494307518,
                    "z": 0.009312065318226814
                },
                "rotation": {
                    "x": 0.2821201682090759,
                    "y": -0.3062063157558441,
                    "z": 0.0853758305311203,
                    "w": -0.9051833152770996
                }
            }
        }
    ]
}