{
    "transforms": [
        {
            "header": {
                "seq": 0,
                "stamp": {
                    "secs": 1687318008,
                    "nsecs": 451184906
                },
                "frame_id": "ra_base"
            },
            "child_frame_id": "ra_tool0_controller",
            "transform": {
                "translation": {
                    "x": -0.715440559240377,
                    "y": -0.1606373362385665,
                    "z": 0.6504023166686803
                },
                "rotation": {
                    "x": -0.5001158701133367,
                    "y": -0.5055972625271961,
                    "z": 0.49678534795799634,
                    "w": 0.49745335725074585
                }
            }
        }
    ]
}