{
    "transforms": [
        {
            "header": {
                "seq": 0,
                "stamp": {
                    "secs": 1687318023,
                    "nsecs": 731184906
                },
                "frame_id": "ra_base"
            },
            "child_frame_id": "ra_tool0_controller",
            "transform": {
                "translation": {
                    "x": -0.6728418441964309,
                    "y": -0.7293917457421109,
                    "z": 0.6299295832605522
                },
                "rotation": {
                    "x": -0.49072502549754476,
                    "y": -0.502176809579928,
                    "z": 0.5050137370192974,
                    "w": 0.501964666776819
                }
            }
        }
    ]
}