{
    "transforms": [
        {
            "header": {
                "seq": 0,
                "stamp": {
                    "secs": 1687318023,
                    "nsecs": 83184906
                },
                "frame_id": "ra_base"
            },
            "child_frame_id": "ra_tool0_controller",
            "transform": {
                "translation": {
                    "x": -0.6728359380271778,
                    "y": -0.729387161318496,
                    "z": 0.6299453085907899
                },
                "rotation": {
                    "x": -0.4907476596599453,
                    "y": -0.5021588920254055,
                    "z": 0.5050165563924145,
                    "w": 0.5019576271635394
                }
            }
        }
    ]
}