{
    "transforms": [
        {
            "header": {
                "seq": 0,
                "stamp": {
                    "secs": 1687318018,
                    "nsecs": 630465827
                },
                "frame_id": "polhemus_base_0"
            },
            "child_frame_id": "polhemus_station_0",
            "transform": {
                "translation": {
                    "x": 0.04592914506793022,
                    "y": -0.070493184030056,
                    "z": 0.14133654534816742
                },
                "rotation": {
                    "x": -0.24341312050819397,
                    "y": -0.5838736891746521,
                    "z": -0.14827635884284973,
                    "w": 0.7601680755615234
                }
            }
        },
        {
            "header": {
                "seq": 0,
                "stamp": {
                    "secs": 1687318018,
                    "nsecs": 630465827
                },
                "frame_id": "polhemus_base_0"
            },
            "child_frame_id": "polhemus_station_1",
            "transform": {
                "translation": {
                    "x": 0.13559825718402863,
                    "y": -0.02407592535018921,
                    "z": 0.05076974257826805
                },
                "rotation": {
                    "x": 0.0882081538438797,
                    "y": -0.28567153215408325,
                    "z": 0.10274723172187805,
                    "w": 0.9487116932868958
                }
            }
        },
        {
            "header": {
                "seq": 0,
                "stamp": {
                    "secs": 1687318018,
                    "nsecs": 630465827
                },
                "frame_id": "polhemus_base_0"
            },
            "child_frame_id": "polhemus_station_2",
            "transform": {
                "translation": {
                    "x": 0.14407669007778168,
                    "y": -0.01338758785277605,
                    "z": 0.061426207423210144
                },
                "rotation": {
                    "x": 0.030325569212436676,
                    "y": -0.4128239154815674,
                    "z": -0.13971221446990967,
                    "w": 0.8995206356048584
                }
            }
        },
        {
            "header": {
                "seq": 0,
                "stamp": {
                    "secs": 1687318018,
                    "nsecs": 630465827
                },
                "frame_id": "polhemus_base_0"
            },
            "child_frame_id": "polhemus_station_3",
            "transform": {
                "translation": {
                    "x": 0.12327712029218674,
                    "y": 0.0444645918905735,
                    "z": 0.04051320254802704
                },
                "rotation": {
                    "x": -0.2202111780643463,
                    "y": -0.3459497094154358,
                    "z": -0.0962100476026535,
                    "w": 0.9069560170173645
                }
            }
        },
        {
            "header": {
                "seq": 0,
                "stamp": {
                    "secs": 1687318018,
                    "nsecs": 630465827
                },
                "frame_id": "polhemus_base_0"
            },
            "child_frame_id": "polhemus_station_4",
            "transform": {
                "translation": {
                    "x": 0.13808517158031464,
                    "y": 0.06146044284105301,
                    "z": 0.045572374016046524
                },
                "rotation": {
                    "x": 0.418525367975235,
                    "y": 0.2453995943069458,
                    "z": 0.21972249448299408,
                    "w": -0.846367359161377
                }
            }
        },
        {
            "header": {
                "seq": 0,
                "stamp": {
                    "secs": 1687318018,
                    "nsecs": 630465827
                },
                "frame_id": "polhemus_base_0"
            },
            "child_frame_id": "polhemus_station_5",
            "transform": {
                "translation": {
                    "x": 0.18831321597099304,
                    "y": 0.05214439332485199,
                    "z": 0.009314712136983871
                },
                "rotation": {
                    "x": 0.2821215093135834,
                    "y": -0.3062041103839874,
                    "z": 0.08534792065620422,
                    "w": -0.9051862359046936
                }
            }
        }
    ]
}