{
    "transforms": [
        {
            "header": {
                "seq": 0,
                "stamp": {
                    "secs": 1687318010,
                    "nsecs": 397184906
                },
                "frame_id": "ra_base"
            },
            "child_frame_id": "ra_tool0_controller",
            "transform": {
                "translation": {
                    "x": -0.7616701647904116,
                    "y": -0.46396173614133707,
                    "z": 0.6586328185385047
                },
                "rotation": {
                    "x": -0.49310097569546907,
                    "y": -0.504337852586661,
                    "z": 0.5008078126066009,
                    "w": 0.5016834590143904
                }
            }
        }
    ]
}