{
    "transforms": [
        {
            "header": {
                "seq": 0,
                "stamp": {
                    "secs": 1687318001,
                    "nsecs": 639579978
                },
                "frame_id": "ra_base"
            },
            "child_frame_id": "ra_tool0_controller",
            "transform": {
                "translation": {
                    "x": -0.6760673191723465,
                    "y": -0.0915571743667942,
                    "z": 0.6376529184879397
                },
                "rotation": {
                    "x": -0.5027930393206003,
                    "y": -0.5053203261999386,
                    "z": 0.49626376356216845,
                    "w": 0.4955530289636552
                }
            }
        }
    ]
}