{
    "transforms": [
        {
            "header": {
                "seq": 0,
                "stamp": {
                    "secs": 1687318022,
                    "nsecs": 822103669
                },
                "frame_id": "polhemus_base_0"
            },
            "child_frame_id": "polhemus_station_0",
            "transform": {
                "translation": {
                    "x": 0.04537582769989967,
                    "y": -0.07013805210590363,
                    "z": 0.14152996242046356
                },
                "rotation": {
                    "x": -0.24503450095653534,
                    "y": -0.5860870480537415,
                    "z": -0.14786362648010254,
                    "w": 0.7580212354660034
                }
            }
        },
        {
            "header": {
                "seq": 0,
                "stamp": {
                    "secs": 1687318022,
                    "nsecs": 822103669
                },
                "frame_id": "polhemus_base_0"
            },
            "child_frame_id": "polhemus_station_1",
            "transform": {
                "translation": {
                    "x": 0.13558553159236908,
                    "y": -0.023975279182195663,
                    "z": 0.05083489045500755
                },
                "rotation": {
                    "x": 0.08829383552074432,
                    "y": -0.2857411801815033,
                    "z": 0.10334751754999161,
                    "w": 0.9486176371574402
                }
            }
        },
        {
            "header": {
                "seq": 0,
                "stamp": {
                    "secs": 1687318022,
                    "nsecs": 822103669
                },
                "frame_id": "polhemus_base_0"
            },
            "child_frame_id": "polhemus_station_2",
            "transform": {
                "translation": {
                    "x": 0.14404134452342987,
                    "y": -0.013259821571409702,
                    "z": 0.06149803102016449
                },
                "rotation": {
                    "x": 0.0306270569562912,
                    "y": -0.41305339336395264,
                    "z": -0.13853760063648224,
                    "w": 0.8995867371559143
                }
            }
        },
        {
            "header": {
                "seq": 0,
                "stamp": {
                    "secs": 1687318022,
                    "nsecs": 822103669
                },
                "frame_id": "polhemus_base_0"
            },
            "child_frame_id": "polhemus_station_3",
            "transform": {
                "translation": {
                    "x": 0.12337049096822739,
                    "y": 0.044513996690511703,
                    "z": 0.04042308032512665
                },
                "rotation": {
                    "x": -0.22194114327430725,
                    "y": -0.34548571705818176,
                    "z": -0.09690549969673157,
                    "w": 0.9066370725631714
                }
            }
        },
        {
            "header": {
                "seq": 0,
                "stamp": {
                    "secs": 1687318022,
                    "nsecs": 822103669
                },
                "frame_id": "polhemus_base_0"
            },
            "child_frame_id": "polhemus_station_4",
            "transform": {
                "translation": {
                    "x": 0.13824698328971863,
                    "y": 0.0614851638674736,
                    "z": 0.04540639743208885
                },
                "rotation": {
                    "x": 0.4217173159122467,
                    "y": 0.24525922536849976,
                    "z": 0.22017915546894073,
                    "w": -0.844703197479248
                }
            }
        },
        {
            "header": {
                "seq": 0,
                "stamp": {
                    "secs": 1687318022,
                    "nsecs": 822103669
                },
                "frame_id": "polhemus_base_0"
            },
            "child_frame_id": "polhemus_station_5",
            "transform": {
                "translation": {
                    "x": 0.18831700086593628,
                    "y": 0.05195602774620056,
                    "z": 0.009238248690962791
                },
                "rotation": {
                    "x": 0.2830589711666107,
                    "y": -0.3062117397785187,
                    "z": 0.0864136666059494,
                    "w": -0.9047898650169373
                }
            }
        }
    ]
}