{
    "transforms": [
        {
            "header": {
                "seq": 0,
                "stamp": {
                    "secs": 1687318013,
                    "nsecs": 413785550
                },
                "frame_id": "polhemus_base_0"
            },
            "child_frame_id": "polhemus_station_0",
            "transform": {
                "translation": {
                    "x": 0.046039026230573654,
                    "y": -0.07092508673667908,
                    "z": 0.14110243320465088
                },
                "rotation": {
                    "x": -0.2410580962896347,
                    "y": -0.5835244655609131,
                    "z": -0.14881761372089386,
                    "w": 0.7610805034637451
                }
            }
        },
        {
            "header": {
                "seq": 0,
                "stamp": {
                    "secs": 1687318013,
                    "nsecs": 413785550
                },
                "frame_id": "polhemus_base_0"
            },
            "child_frame_id": "polhemus_station_1",
            "transform": {
                "translation": {
                    "x": 0.13558365404605865,
                    "y": -0.02410351112484932,
                    "z": 0.05076051130890846
                },
                "rotation": {
                    "x": 0.087982177734375,
                    "y": -0.2859180271625519,
                    "z": 0.10262835025787354,
                    "w": 0.9486714601516724
                }
            }
        },
        {
            "header": {
                "seq": 0,
                "stamp": {
                    "secs": 1687318013,
                    "nsecs": 413785550
                },
                "frame_id": "polhemus_base_0"
            },
            "child_frame_id": "polhemus_station_2",
            "transform": {
                "translation": {
                    "x": 0.1440752148628235,
                    "y": -0.013410300016403198,
                    "z": 0.06141326576471329
                },
                "rotation": {
                    "x": 0.030697505921125412,
                    "y": -0.4129883944988251,
                    "z": -0.1400880515575409,
                    "w": 0.8993740081787109
                }
            }
        },
        {
            "header": {
                "seq": 0,
                "stamp": {
                    "secs": 1687318013,
                    "nsecs": 413785550
                },
                "frame_id": "polhemus_base_0"
            },
            "child_frame_id": "polhemus_station_3",
            "transform": {
                "translation": {
                    "x": 0.12312617897987366,
                    "y": 0.04451332241296768,
                    "z": 0.04073689132928848
                },
                "rotation": {
                    "x": -0.22009629011154175,
                    "y": -0.34724587202072144,
                    "z": -0.09540465474128723,
                    "w": 0.9065735936164856
                }
            }
        },
        {
            "header": {
                "seq": 0,
                "stamp": {
                    "secs": 1687318013,
                    "nsecs": 413785550
                },
                "frame_id": "polhemus_base_0"
            },
            "child_frame_id": "polhemus_station_4",
            "transform": {
                "translation": {
                    "x": 0.13789106905460358,
                    "y": 0.06156374514102936,
                    "z": 0.04580860212445259
                },
                "rotation": {
                    "x": 0.41488760709762573,
                    "y": 0.24540287256240845,
                    "z": 0.21888509392738342,
                    "w": -0.8483719825744629
                }
            }
        },
        {
            "header": {
                "seq": 0,
                "stamp": {
                    "secs": 1687318013,
                    "nsecs": 413785550
                },
                "frame_id": "polhemus_base_0"
            },
            "child_frame_id": "polhemus_station_5",
            "transform": {
                "translation": {
                    "x": 0.18835091590881348,
                    "y": 0.05236760154366493,
                    "z": 0.009382846765220165
                },
                "rotation": {
                    "x": 0.2801923155784607,
                    "y": -0.3062632381916046,
                    "z": 0.08392715454101562,
                    "w": -0.9058981537818909
                }
            }
        }
    ]
}