{
    "transforms": [
        {
            "header": {
                "seq": 0,
                "stamp": {
                    "secs": 1687318009,
                    "nsecs": 993184906
                },
                "frame_id": "ra_base"
            },
            "child_frame_id": "ra_tool0_controller",
            "transform": {
                "translation": {
                    "x": -0.7655645403991124,
                    "y": -0.3946713059691822,
                    "z": 0.661227342323544
                },
                "rotation": {
                    "x": -0.4941974434602317,
                    "y": -0.5048291524612989,
                    "z": 0.4997958484103978,
                    "w": 0.5011192708470792
                }
            }
        }
    ]
}