{
    "transforms": [
        {
            "header": {
                "seq": 0,
                "stamp": {
                    "secs": 1687318022,
                    "nsecs": 665184906
                },
                "frame_id": "ra_base"
            },
            "child_frame_id": "ra_tool0_controller",
            "transform": {
                "translation": {
                    "x": -0.6728424411774524,
                    "y": -0.7293895249893967,
                    "z": 0.6299446191365656
                },
                "rotation": {
                    "x": -0.49073342583304674,
                    "y": -0.5021624089642795,
                    "z": 0.5050163878933516,
                    "w": 0.5019681939650212
                }
            }
        }
    ]
}