{
    "transforms": [
        {
            "header": {
                "seq": 0,
                "stamp": {
                    "secs": 1687318008,
                    "nsecs": 967184906
                },
                "frame_id": "ra_base"
            },
            "child_frame_id": "ra_tool0_controller",
            "transform": {
                "translation": {
                    "x": -0.742683162836413,
                    "y": -0.23302500745152133,
                    "z": 0.657879774050228
                },
                "rotation": {
                    "x": -0.49780125422845595,
                    "y": -0.5056028273737792,
                    "z": 0.4976068138688728,
                    "w": 0.49894604020022615
                }
            }
        }
    ]
}