{
    "transforms": [
        {
            "header": {
                "seq": 0,
                "stamp": {
                    "secs": 1687318000,
                    "nsecs": 863897382
                },
                "frame_id": "polhemus_base_0"
            },
            "child_frame_id": "polhemus_station_0",
            "transform": {
                "translation": {
                    "x": 0.04720284417271614,
                    "y": -0.0719676986336708,
                    "z": 0.1404188573360443
                },
                "rotation": {
                    "x": -0.23501378297805786,
                    "y": -0.5792028307914734,
                    "z": -0.14933660626411438,
                    "w": 0.7661534547805786
                }
            }
        },
        {
            "header": {
                "seq": 0,
                "stamp": {
                    "secs": 1687318000,
                    "nsecs": 863897382
                },
                "frame_id": "polhemus_base_0"
            },
            "child_frame_id": "polhemus_station_1",
            "transform": {
                "translation": {
                    "x": 0.13542070984840393,
                    "y": -0.023859795182943344,
                    "z": 0.05095848813652992
                },
                "rotation": {
                    "x": 0.08597809076309204,
                    "y": -0.28725308179855347,
                    "z": 0.10350023955106735,
                    "w": 0.9483569860458374
                }
            }
        },
        {
            "header": {
                "seq": 0,
                "stamp": {
                    "secs": 1687318000,
                    "nsecs": 863897382
                },
                "frame_id": "polhemus_base_0"
            },
            "child_frame_id": "polhemus_station_2",
            "transform": {
                "translation": {
                    "x": 0.14389441907405853,
                    "y": -0.013102790340781212,
                    "z": 0.0615607388317585
                },
                "rotation": {
                    "x": 0.029876530170440674,
                    "y": -0.41443705558776855,
                    "z": -0.13915279507637024,
                    "w": 0.8988803029060364
                }
            }
        },
        {
            "header": {
                "seq": 0,
                "stamp": {
                    "secs": 1687318000,
                    "nsecs": 863897382
                },
                "frame_id": "polhemus_base_0"
            },
            "child_frame_id": "polhemus_station_3",
            "transform": {
                "translation": {
                    "x": 0.12256467342376709,
                    "y": 0.04503154009580612,
                    "z": 0.04199560359120369
                },
                "rotation": {
                    "x": -0.22260995209217072,
                    "y": -0.35294121503829956,
                    "z": -0.09367433935403824,
                    "w": 0.903937041759491
                }
            }
        },
        {
            "header": {
                "seq": 0,
                "stamp": {
                    "secs": 1687318000,
                    "nsecs": 863897382
                },
                "frame_id": "polhemus_base_0"
            },
            "child_frame_id": "polhemus_station_4",
            "transform": {
                "translation": {
                    "x": 0.13668695092201233,
                    "y": 0.06256376951932907,
                    "z": 0.04699263349175453
                },
                "rotation": {
                    "x": 0.4031837582588196,
                    "y": 0.25091466307640076,
                    "z": 0.21210165321826935,
                    "w": -0.8541063070297241
                }
            }
        },
        {
            "header": {
                "seq": 0,
                "stamp": {
                    "secs": 1687318000,
                    "nsecs": 863897382
                },
                "frame_id": "polhemus_base_0"
            },
            "child_frame_id": "polhemus_station_5",
            "transform": {
                "translation": {
                    "x": 0.1884126216173172,
                    "y": 0.05362650379538536,
                    "z": 0.009596818126738071
                },
                "rotation": {
                    "x": 0.2762439250946045,
                    "y": -0.30566346645355225,
                    "z": 0.07759195566177368,
                    "w": -0.9078758955001831
                }
            }
        }
    ]
}