{
    "transforms": [
        {
            "header": {
                "seq": 0,
                "stamp": {
                    "secs": 1687318010,
                    "nsecs": 339184906
                },
                "frame_id": "ra_base"
            },
            "child_frame_id": "ra_tool0_controller",
            "transform": {
                "translation": {
                    "x": -0.7627437876827934,
                    "y": -0.4538278666360693,
                    "z": 0.6591488663013572
                },
                "rotation": {
                    "x": -0.4932717877386296,
                    "y": -0.5043656357066085,
                    "z": 0.500638991655508,
                    "w": 0.5016561062855324
                }
            }
        }
    ]
}