{
    "transforms": [
        {
            "header": {
                "seq": 0,
                "stamp": {
                    "secs": 1687318023,
                    "nsecs": 907184906
                },
                "frame_id": "ra_base"
            },
            "child_frame_id": "ra_tool0_controller",
            "transform": {
                "translation": {
                    "x": -0.6728446430572876,
                    "y": -0.7293877065390965,
                    "z": 0.6299561125701496
                },
                "rotation": {
                    "x": -0.49073127062169325,
                    "y": -0.5021629544759102,
                    "z": 0.5050180143930636,
                    "w": 0.5019681188327908
                }
            }
        }
    ]
}