{
    "transforms": [
        {
            "header": {
                "seq": 0,
                "stamp": {
                    "secs": 1687318000,
                    "nsecs": 711579978
                },
                "frame_id": "ra_base"
            },
            "child_frame_id": "ra_tool0_controller",
            "transform": {
                "translation": {
                    "x": -0.6760778550157844,
                    "y": -0.09153320180104138,
                    "z": 0.6376372535427652
                },
                "rotation": {
                    "x": -0.5027976689693106,
                    "y": -0.5053194498054776,
                    "z": 0.4962479129620038,
                    "w": 0.49556509825468187
                }
            }
        }
    ]
}