{
    "transforms": [
        {
            "header": {
                "seq": 0,
                "stamp": {
                    "secs": 1687318013,
                    "nsecs": 439184906
                },
                "frame_id": "ra_base"
            },
            "child_frame_id": "ra_tool0_controller",
            "transform": {
                "translation": {
                    "x": -0.6728265265840324,
                    "y": -0.7294132310915333,
                    "z": 0.6299549781564402
                },
                "rotation": {
                    "x": -0.49074035029816865,
                    "y": -0.5021496073820788,
                    "z": 0.5050329421743043,
                    "w": 0.501957575611745
                }
            }
        }
    ]
}