{
    "transforms": [
        {
            "header": {
                "seq": 0,
                "stamp": {
                    "secs": 1687318014,
                    "nsecs": 451184906
                },
                "frame_id": "ra_base"
            },
            "child_frame_id": "ra_tool0_controller",
            "transform": {
                "translation": {
                    "x": -0.6728468743623239,
                    "y": -0.7293915693247105,
                    "z": 0.6299334737754877
                },
                "rotation": {
                    "x": -0.4907383757320631,
                    "y": -0.5021705244044421,
                    "z": 0.505000329665271,
                    "w": 0.5019713916561298
                }
            }
        }
    ]
}