{
    "transforms": [
        {
            "header": {
                "seq": 0,
                "stamp": {
                    "secs": 1687318025,
                    "nsecs": 777471683
                },
                "frame_id": "polhemus_base_0"
            },
            "child_frame_id": "rh_user_forearm",
            "transform": {
                "translation": {
                    "x": -0.18833835422992706,
                    "y": 0.05183504521846771,
                    "z": 0.009315546602010727
                },
                "rotation": {
                    "x": -0.28350272887543454,
                    "y": -0.30567035200673226,
                    "z": 0.08742187952030439,
                    "w": 0.9047371185075804
                }
            }
        }
    ]
}