{
    "transforms": [
        {
            "header": {
                "seq": 0,
                "stamp": {
                    "secs": 1687318003,
                    "nsecs": 497114592
                },
                "frame_id": "polhemus_base_0"
            },
            "child_frame_id": "polhemus_station_0",
            "transform": {
                "translation": {
                    "x": 0.04687444120645523,
                    "y": -0.07169792801141739,
                    "z": 0.1406204253435135
                },
                "rotation": {
                    "x": -0.23758670687675476,
                    "y": -0.580050528049469,
                    "z": -0.14967584609985352,
                    "w": 0.7646508812904358
                }
            }
        },
        {
            "header": {
                "seq": 0,
                "stamp": {
                    "secs": 1687318003,
                    "nsecs": 497114592
                },
                "frame_id": "polhemus_base_0"
            },
            "child_frame_id": "polhemus_station_1",
            "transform": {
                "translation": {
                    "x": 0.13556207716464996,
                    "y": -0.02415994368493557,
                    "z": 0.0507810041308403
                },
                "rotation": {
                    "x": 0.08763592690229416,
                    "y": -0.2861925959587097,
                    "z": 0.10220193862915039,
                    "w": 0.9486666321754456
                }
            }
        },
        {
            "header": {
                "seq": 0,
                "stamp": {
                    "secs": 1687318003,
                    "nsecs": 497114592
                },
                "frame_id": "polhemus_base_0"
            },
            "child_frame_id": "polhemus_station_2",
            "transform": {
                "translation": {
                    "x": 0.14406147599220276,
                    "y": -0.01347224973142147,
                    "z": 0.06144227087497711
                },
                "rotation": {
                    "x": 0.03126206248998642,
                    "y": -0.4132283329963684,
                    "z": -0.14089015126228333,
                    "w": 0.8991190195083618
                }
            }
        },
        {
            "header": {
                "seq": 0,
                "stamp": {
                    "secs": 1687318003,
                    "nsecs": 497114592
                },
                "frame_id": "polhemus_base_0"
            },
            "child_frame_id": "polhemus_station_3",
            "transform": {
                "translation": {
                    "x": 0.12285778671503067,
                    "y": 0.044555775821208954,
                    "z": 0.04127116501331329
                },
                "rotation": {
                    "x": -0.22173289954662323,
                    "y": -0.35010021924972534,
                    "z": -0.09535171836614609,
                    "w": 0.9050813317298889
                }
            }
        },
        {
            "header": {
                "seq": 0,
                "stamp": {
                    "secs": 1687318003,
                    "nsecs": 497114592
                },
                "frame_id": "polhemus_base_0"
            },
            "child_frame_id": "polhemus_station_4",
            "transform": {
                "translation": {
                    "x": 0.13739338517189026,
                    "y": 0.061852049082517624,
                    "z": 0.04641164839267731
                },
                "rotation": {
                    "x": 0.408710777759552,
                    "y": 0.24685902893543243,
                    "z": 0.2167607694864273,
                    "w": -0.8514874577522278
                }
            }
        },
        {
            "header": {
                "seq": 0,
                "stamp": {
                    "secs": 1687318003,
                    "nsecs": 497114592
                },
                "frame_id": "polhemus_base_0"
            },
            "child_frame_id": "polhemus_station_5",
            "transform": {
                "translation": {
                    "x": 0.18835976719856262,
                    "y": 0.05295185744762421,
                    "z": 0.009579778648912907
                },
                "rotation": {
                    "x": 0.27742767333984375,
                    "y": -0.3060959577560425,
                    "z": 0.08059799671173096,
                    "w": -0.9071070551872253
                }
            }
        }
    ]
}