{
    "transforms": [
        {
            "header": {
                "seq": 0,
                "stamp": {
                    "secs": 1687318024,
                    "nsecs": 305184906
                },
                "frame_id": "ra_base"
            },
            "child_frame_id": "ra_tool0_controller",
            "transform": {
                "translation": {
                    "x": -0.6728448154428301,
                    "y": -0.7293893441813711,
                    "z": 0.6299588594245917
                },
                "rotation": {
                    "x": -0.4907416135317022,
                    "y": -0.5021412860941925,
                    "z": 0.505027644856572,
                    "w": 0.5019699945998726
                }
            }
        }
    ]
}