{
    "transforms": [
        {
            "header": {
                "seq": 0,
                "stamp": {
                    "secs": 1687318024,
                    "nsecs": 529184906
                },
                "frame_id": "ra_base"
            },
            "child_frame_id": "ra_tool0_controller",
            "transform": {
                "translation": {
                    "x": -0.6728409389257272,
                    "y": -0.7293858678545069,
                    "z": 0.6299433639115575
                },
                "rotation": {
                    "x": -0.4907394900701694,
                    "y": -0.5021579323452485,
                    "z": 0.5050110799591312,
                    "w": 0.5019720838721283
                }
            }
        }
    ]
}