{
    "transforms": [
        {
            "header": {
                "seq": 0,
                "stamp": {
                    "secs": 1687318019,
                    "nsecs": 972143584
                },
                "frame_id": "polhemus_base_0"
            },
            "child_frame_id": "polhemus_station_0",
            "transform": {
                "translation": {
                    "x": 0.04553975164890289,
                    "y": -0.0703553706407547,
                    "z": 0.1414179652929306
                },
                "rotation": {
                    "x": -0.2440093606710434,
                    "y": -0.5855568051338196,
                    "z": -0.14820966124534607,
                    "w": 0.7586939930915833
                }
            }
        },
        {
            "header": {
                "seq": 0,
                "stamp": {
                    "secs": 1687318019,
                    "nsecs": 972143584
                },
                "frame_id": "polhemus_base_0"
            },
            "child_frame_id": "polhemus_station_1",
            "transform": {
                "translation": {
                    "x": 0.13559895753860474,
                    "y": -0.024039095267653465,
                    "z": 0.050793539732694626
                },
                "rotation": {
                    "x": 0.0882110744714737,
                    "y": -0.28565603494644165,
                    "z": 0.10295829176902771,
                    "w": 0.9486933350563049
                }
            }
        },
        {
            "header": {
                "seq": 0,
                "stamp": {
                    "secs": 1687318019,
                    "nsecs": 972143584
                },
                "frame_id": "polhemus_base_0"
            },
            "child_frame_id": "polhemus_station_2",
            "transform": {
                "translation": {
                    "x": 0.14406318962574005,
                    "y": -0.01333682332187891,
                    "z": 0.0614674910902977
                },
                "rotation": {
                    "x": 0.030478769913315773,
                    "y": -0.4129939675331116,
                    "z": -0.1392572820186615,
                    "w": 0.8995078802108765
                }
            }
        },
        {
            "header": {
                "seq": 0,
                "stamp": {
                    "secs": 1687318019,
                    "nsecs": 972143584
                },
                "frame_id": "polhemus_base_0"
            },
            "child_frame_id": "polhemus_station_3",
            "transform": {
                "translation": {
                    "x": 0.12330401688814163,
                    "y": 0.04448915272951126,
                    "z": 0.04046657308936119
                },
                "rotation": {
                    "x": -0.22068794071674347,
                    "y": -0.34580758213996887,
                    "z": -0.09636356681585312,
                    "w": 0.9068780541419983
                }
            }
        },
        {
            "header": {
                "seq": 0,
                "stamp": {
                    "secs": 1687318019,
                    "nsecs": 972143584
                },
                "frame_id": "polhemus_base_0"
            },
            "child_frame_id": "polhemus_station_4",
            "transform": {
                "translation": {
                    "x": 0.1381344348192215,
                    "y": 0.0614810585975647,
                    "z": 0.04549136385321617
                },
                "rotation": {
                    "x": 0.4195072650909424,
                    "y": 0.24549996852874756,
                    "z": 0.21945306658744812,
                    "w": -0.8459218144416809
                }
            }
        },
        {
            "header": {
                "seq": 0,
                "stamp": {
                    "secs": 1687318019,
                    "nsecs": 972143584
                },
                "frame_id": "polhemus_base_0"
            },
            "child_frame_id": "polhemus_station_5",
            "transform": {
                "translation": {
                    "x": 0.18831315636634827,
                    "y": 0.052075330168008804,
                    "z": 0.009362234733998775
                },
                "rotation": {
                    "x": 0.2824118435382843,
                    "y": -0.30563440918922424,
                    "z": 0.08613643050193787,
                    "w": -0.9052135348320007
                }
            }
        }
    ]
}