{
    "transforms": [
        {
            "header": {
                "seq": 0,
                "stamp": {
                    "secs": 1687318017,
                    "nsecs": 221184906
                },
                "frame_id": "ra_base"
            },
            "child_frame_id": "ra_tool0_controller",
            "transform": {
                "translation": {
                    "x": -0.6728516919100552,
                    "y": -0.7293755722773752,
                    "z": 0.6299521912841815
                },
                "rotation": {
                    "x": -0.49074665903415843,
                    "y": -0.5021552894221409,
                    "z": 0.505007848667133,
                    "w": 0.5019709700139756
                }
            }
        }
    ]
}