{
    "transforms": [
        {
            "header": {
                "seq": 0,
                "stamp": {
                    "secs": 1687318017,
                    "nsecs": 757184906
                },
                "frame_id": "ra_base"
            },
            "child_frame_id": "ra_tool0_controller",
            "transform": {
                "translation": {
                    "x": -0.6728400668957144,
                    "y": -0.7293932540440833,
                    "z": 0.6299757704841207
                },
                "rotation": {
                    "x": -0.49072243804191973,
                    "y": -0.5021642069505515,
                    "z": 0.5050216278869699,
                    "w": 0.5019718651740481
                }
            }
        }
    ]
}