{
    "transforms": [
        {
            "header": {
                "seq": 0,
                "stamp": {
                    "secs": 1687318027,
                    "nsecs": 391184906
                },
                "frame_id": "ra_base"
            },
            "child_frame_id": "ra_tool0_controller",
            "transform": {
                "translation": {
                    "x": -0.6728490127462944,
                    "y": -0.7293824568827485,
                    "z": 0.6299506792071644
                },
                "rotation": {
                    "x": -0.49074288226445645,
                    "y": -0.5021459322842879,
                    "z": 0.5050136006484925,
                    "w": 0.5019782359397288
                }
            }
        }
    ]
}