{
    "transforms": [
        {
            "header": {
                "seq": 0,
                "stamp": {
                    "secs": 1687318000,
                    "nsecs": 869154076
                },
                "frame_id": "polhemus_base_0"
            },
            "child_frame_id": "rh_user_forearm",
            "transform": {
                "translation": {
                    "x": -0.18841612339019775,
                    "y": 0.05362243205308914,
                    "z": 0.009603654965758324
                },
                "rotation": {
                    "x": -0.27616542287952506,
                    "y": -0.30563649214462996,
                    "z": 0.07763592817379306,
                    "w": 0.9079050922491251
                }
            }
        }
    ]
}