{
    "transforms": [
        {
            "header": {
                "seq": 0,
                "stamp": {
                    "secs": 1687318014,
                    "nsecs": 607184906
                },
                "frame_id": "ra_base"
            },
            "child_frame_id": "ra_tool0_controller",
            "transform": {
                "translation": {
                    "x": -0.6728468023519112,
                    "y": -0.7293933882928567,
                    "z": 0.6299427807688327
                },
                "rotation": {
                    "x": -0.49074614167491204,
                    "y": -0.502150342802294,
                    "z": 0.5050286179920138,
                    "w": 0.5019555285718074
                }
            }
        }
    ]
}