{
    "transforms": [
        {
            "header": {
                "seq": 0,
                "stamp": {
                    "secs": 1687318002,
                    "nsecs": 461579978
                },
                "frame_id": "ra_base"
            },
            "child_frame_id": "ra_tool0_controller",
            "transform": {
                "translation": {
                    "x": -0.6760640978108511,
                    "y": -0.0915412898329966,
                    "z": 0.6376359568965031
                },
                "rotation": {
                    "x": -0.5028150506520412,
                    "y": -0.5053154199736846,
                    "z": 0.4962418294755174,
                    "w": 0.49555766349981467
                }
            }
        }
    ]
}