{
    "transforms": [
        {
            "header": {
                "seq": 0,
                "stamp": {
                    "secs": 1687318025,
                    "nsecs": 25184906
                },
                "frame_id": "ra_base"
            },
            "child_frame_id": "ra_tool0_controller",
            "transform": {
                "translation": {
                    "x": -0.6728291652057061,
                    "y": -0.7293936095486372,
                    "z": 0.6299471526835854
                },
                "rotation": {
                    "x": -0.4907400492484548,
                    "y": -0.5021635472750743,
                    "z": 0.5050035692614656,
                    "w": 0.5019734762763054
                }
            }
        }
    ]
}