{
    "transforms": [
        {
            "header": {
                "seq": 0,
                "stamp": {
                    "secs": 1687318012,
                    "nsecs": 560820189
                },
                "frame_id": "polhemus_base_0"
            },
            "child_frame_id": "rh_user_forearm",
            "transform": {
                "translation": {
                    "x": -0.18835194408893585,
                    "y": 0.052456196397542953,
                    "z": 0.009446692653000355
                },
                "rotation": {
                    "x": -0.2802047905891934,
                    "y": -0.3058555291456174,
                    "z": 0.08361285561988141,
                    "w": 0.9060610139482934
                }
            }
        }
    ]
}