{
    "transforms": [
        {
            "header": {
                "seq": 0,
                "stamp": {
                    "secs": 1687318020,
                    "nsecs": 421184906
                },
                "frame_id": "ra_base"
            },
            "child_frame_id": "ra_tool0_controller",
            "transform": {
                "translation": {
                    "x": -0.6728444514703564,
                    "y": -0.7293904638574589,
                    "z": 0.6299466386819448
                },
                "rotation": {
                    "x": -0.4907339035002887,
                    "y": -0.5021534413267164,
                    "z": 0.5050216112885815,
                    "w": 0.5019714428636259
                }
            }
        }
    ]
}