{
    "transforms": [
        {
            "header": {
                "seq": 0,
                "stamp": {
                    "secs": 1687318022,
                    "nsecs": 94159431
                },
                "frame_id": "polhemus_base_0"
            },
            "child_frame_id": "rh_user_forearm",
            "transform": {
                "translation": {
                    "x": -0.18829946219921112,
                    "y": 0.052011486142873764,
                    "z": 0.009226988069713116
                },
                "rotation": {
                    "x": -0.28356399639817853,
                    "y": -0.3062877899870774,
                    "z": 0.08620983212508934,
                    "w": 0.9046254000946964
                }
            }
        }
    ]
}