{
    "transforms": [
        {
            "header": {
                "seq": 0,
                "stamp": {
                    "secs": 1687318010,
                    "nsecs": 603184906
                },
                "frame_id": "ra_base"
            },
            "child_frame_id": "ra_tool0_controller",
            "transform": {
                "translation": {
                    "x": -0.7565771140486768,
                    "y": -0.5000423224550807,
                    "z": 0.6564842608358887
                },
                "rotation": {
                    "x": -0.49260920447769796,
                    "y": -0.5040217824032528,
                    "z": 0.5013707718402519,
                    "w": 0.501921870086578
                }
            }
        }
    ]
}