{
    "transforms": [
        {
            "header": {
                "seq": 0,
                "stamp": {
                    "secs": 1687318013,
                    "nsecs": 751184906
                },
                "frame_id": "ra_base"
            },
            "child_frame_id": "ra_tool0_controller",
            "transform": {
                "translation": {
                    "x": -0.6728445303831341,
                    "y": -0.7293864546165463,
                    "z": 0.6299584490121656
                },
                "rotation": {
                    "x": -0.49073393821532296,
                    "y": -0.5021546711279254,
                    "z": 0.5050204316797715,
                    "w": 0.5019713654523155
                }
            }
        }
    ]
}