{
    "transforms": [
        {
            "header": {
                "seq": 0,
                "stamp": {
                    "secs": 1687318001,
                    "nsecs": 497134871
                },
                "frame_id": "polhemus_base_0"
            },
            "child_frame_id": "polhemus_station_0",
            "transform": {
                "translation": {
                    "x": 0.047202982008457184,
                    "y": -0.0719539001584053,
                    "z": 0.1404278576374054
                },
                "rotation": {
                    "x": -0.23522749543190002,
                    "y": -0.5791240334510803,
                    "z": -0.1493612825870514,
                    "w": 0.7661426067352295
                }
            }
        },
        {
            "header": {
                "seq": 0,
                "stamp": {
                    "secs": 1687318001,
                    "nsecs": 497134871
                },
                "frame_id": "polhemus_base_0"
            },
            "child_frame_id": "polhemus_station_1",
            "transform": {
                "translation": {
                    "x": 0.13542576134204865,
                    "y": -0.023901062086224556,
                    "z": 0.05095214769244194
                },
                "rotation": {
                    "x": 0.08616974949836731,
                    "y": -0.28716880083084106,
                    "z": 0.10329510271549225,
                    "w": 0.9483875036239624
                }
            }
        },
        {
            "header": {
                "seq": 0,
                "stamp": {
                    "secs": 1687318001,
                    "nsecs": 497134871
                },
                "frame_id": "polhemus_base_0"
            },
            "child_frame_id": "polhemus_station_2",
            "transform": {
                "translation": {
                    "x": 0.14389528334140778,
                    "y": -0.013129588216543198,
                    "z": 0.06156710535287857
                },
                "rotation": {
                    "x": 0.02991933375597,
                    "y": -0.4144241511821747,
                    "z": -0.13927499949932098,
                    "w": 0.8988659977912903
                }
            }
        },
        {
            "header": {
                "seq": 0,
                "stamp": {
                    "secs": 1687318001,
                    "nsecs": 497134871
                },
                "frame_id": "polhemus_base_0"
            },
            "child_frame_id": "polhemus_station_3",
            "transform": {
                "translation": {
                    "x": 0.12258609384298325,
                    "y": 0.04499930515885353,
                    "z": 0.04197424650192261
                },
                "rotation": {
                    "x": -0.22264494001865387,
                    "y": -0.3528285026550293,
                    "z": -0.09395280480384827,
                    "w": 0.903943657875061
                }
            }
        },
        {
            "header": {
                "seq": 0,
                "stamp": {
                    "secs": 1687318001,
                    "nsecs": 497134871
                },
                "frame_id": "polhemus_base_0"
            },
            "child_frame_id": "polhemus_station_4",
            "transform": {
                "translation": {
                    "x": 0.13673058152198792,
                    "y": 0.0625302642583847,
                    "z": 0.04694756492972374
                },
                "rotation": {
                    "x": 0.4036136269569397,
                    "y": 0.25073882937431335,
                    "z": 0.21227702498435974,
                    "w": -0.853911280632019
                }
            }
        },
        {
            "header": {
                "seq": 0,
                "stamp": {
                    "secs": 1687318001,
                    "nsecs": 497134871
                },
                "frame_id": "polhemus_base_0"
            },
            "child_frame_id": "polhemus_station_5",
            "transform": {
                "translation": {
                    "x": 0.18841536343097687,
                    "y": 0.05358510836958885,
                    "z": 0.00961508322507143
                },
                "rotation": {
                    "x": 0.2762845754623413,
                    "y": -0.3054952025413513,
                    "z": 0.07797951996326447,
                    "w": -0.9078869223594666
                }
            }
        }
    ]
}