{
    "transforms": [
        {
            "header": {
                "seq": 0,
                "stamp": {
                    "secs": 1687318001,
                    "nsecs": 727472261
                },
                "frame_id": "polhemus_base_0"
            },
            "child_frame_id": "rh_user_forearm",
            "transform": {
                "translation": {
                    "x": -0.1884443312883377,
                    "y": 0.053453341126441956,
                    "z": 0.009770514443516731
                },
                "rotation": {
                    "x": -0.2753986129310005,
                    "y": -0.30510589581061226,
                    "z": 0.07867920424670159,
                    "w": 0.9082266122264809
                }
            }
        }
    ]
}