{
    "transforms": [
        {
            "header": {
                "seq": 0,
                "stamp": {
                    "secs": 1687318021,
                    "nsecs": 230493711
                },
                "frame_id": "polhemus_base_0"
            },
            "child_frame_id": "polhemus_station_0",
            "transform": {
                "translation": {
                    "x": 0.04547324776649475,
                    "y": -0.07027589529752731,
                    "z": 0.1414521336555481
                },
                "rotation": {
                    "x": -0.24429793655872345,
                    "y": -0.5857564806938171,
                    "z": -0.14810355007648468,
                    "w": 0.7584676742553711
                }
            }
        },
        {
            "header": {
                "seq": 0,
                "stamp": {
                    "secs": 1687318021,
                    "nsecs": 230493711
                },
                "frame_id": "polhemus_base_0"
            },
            "child_frame_id": "polhemus_station_1",
            "transform": {
                "translation": {
                    "x": 0.13556741178035736,
                    "y": -0.02398800104856491,
                    "z": 0.050849296152591705
                },
                "rotation": {
                    "x": 0.08823728561401367,
                    "y": -0.2859441637992859,
                    "z": 0.10320103168487549,
                    "w": 0.9485775828361511
                }
            }
        },
        {
            "header": {
                "seq": 0,
                "stamp": {
                    "secs": 1687318021,
                    "nsecs": 230493711
                },
                "frame_id": "polhemus_base_0"
            },
            "child_frame_id": "polhemus_station_2",
            "transform": {
                "translation": {
                    "x": 0.14404217898845673,
                    "y": -0.013270637020468712,
                    "z": 0.06148797646164894
                },
                "rotation": {
                    "x": 0.0305996872484684,
                    "y": -0.413002073764801,
                    "z": -0.13872040808200836,
                    "w": 0.8995830416679382
                }
            }
        },
        {
            "header": {
                "seq": 0,
                "stamp": {
                    "secs": 1687318021,
                    "nsecs": 230493711
                },
                "frame_id": "polhemus_base_0"
            },
            "child_frame_id": "polhemus_station_3",
            "transform": {
                "translation": {
                    "x": 0.12332360446453094,
                    "y": 0.04448584094643593,
                    "z": 0.04044142737984657
                },
                "rotation": {
                    "x": -0.22091339528560638,
                    "y": -0.3457258939743042,
                    "z": -0.09644455462694168,
                    "w": 0.9068456292152405
                }
            }
        },
        {
            "header": {
                "seq": 0,
                "stamp": {
                    "secs": 1687318021,
                    "nsecs": 230493711
                },
                "frame_id": "polhemus_base_0"
            },
            "child_frame_id": "polhemus_station_4",
            "transform": {
                "translation": {
                    "x": 0.13815562427043915,
                    "y": 0.06148260831832886,
                    "z": 0.045462723821401596
                },
                "rotation": {
                    "x": 0.4201984405517578,
                    "y": 0.24574795365333557,
                    "z": 0.21954122185707092,
                    "w": -0.8454837799072266
                }
            }
        },
        {
            "header": {
                "seq": 0,
                "stamp": {
                    "secs": 1687318021,
                    "nsecs": 230493711
                },
                "frame_id": "polhemus_base_0"
            },
            "child_frame_id": "polhemus_station_5",
            "transform": {
                "translation": {
                    "x": 0.1883247196674347,
                    "y": 0.05201686546206474,
                    "z": 0.009256524965167046
                },
                "rotation": {
                    "x": 0.2831130623817444,
                    "y": -0.3062584400177002,
                    "z": 0.08609619736671448,
                    "w": -0.9047874212265015
                }
            }
        }
    ]
}