{
    "transforms": [
        {
            "header": {
                "seq": 0,
                "stamp": {
                    "secs": 1687318009,
                    "nsecs": 893184906
                },
                "frame_id": "ra_base"
            },
            "child_frame_id": "ra_tool0_controller",
            "transform": {
                "translation": {
                    "x": -0.7653198070971141,
                    "y": -0.37785239779399493,
                    "z": 0.6615279355546232
                },
                "rotation": {
                    "x": -0.4945346331380415,
                    "y": -0.5049030470106345,
                    "z": 0.499507329741635,
                    "w": 0.5009998376055439
                }
            }
        }
    ]
}