{
    "transforms": [
        {
            "header": {
                "seq": 0,
                "stamp": {
                    "secs": 1687318027,
                    "nsecs": 57184906
                },
                "frame_id": "ra_base"
            },
            "child_frame_id": "ra_tool0_controller",
            "transform": {
                "translation": {
                    "x": -0.6728380983703405,
                    "y": -0.7293874195676995,
                    "z": 0.6299399959101815
                },
                "rotation": {
                    "x": -0.4907294250889728,
                    "y": -0.5021796590559044,
                    "z": 0.5050067869224607,
                    "w": 0.501964507255836
                }
            }
        }
    ]
}