{
    "transforms": [
        {
            "header": {
                "seq": 0,
                "stamp": {
                    "secs": 1687317998,
                    "nsecs": 493579978
                },
                "frame_id": "ra_base"
            },
            "child_frame_id": "ra_tool0_controller",
            "transform": {
                "translation": {
                    "x": -0.676082260394697,
                    "y": -0.09154257064648982,
                    "z": 0.637620349142204
                },
                "rotation": {
                    "x": -0.502810813944281,
                    "y": -0.5053266423903646,
                    "z": 0.4962399410184278,
                    "w": 0.4955524097501671
                }
            }
        }
    ]
}