{
    "transforms": [
        {
            "header": {
                "seq": 0,
                "stamp": {
                    "secs": 1687318001,
                    "nsecs": 885832452
                },
                "frame_id": "polhemus_base_0"
            },
            "child_frame_id": "rh_user_forearm",
            "transform": {
                "translation": {
                    "x": -0.18842747807502747,
                    "y": 0.05346304923295975,
                    "z": 0.00969951506704092
                },
                "rotation": {
                    "x": -0.2755768008879545,
                    "y": -0.30542451229712786,
                    "z": 0.07848310492795078,
                    "w": 0.9080824281645861
                }
            }
        }
    ]
}