{
    "transforms": [
        {
            "header": {
                "seq": 0,
                "stamp": {
                    "secs": 1687318007,
                    "nsecs": 638807361
                },
                "frame_id": "polhemus_base_0"
            },
            "child_frame_id": "polhemus_station_0",
            "transform": {
                "translation": {
                    "x": 0.04664125293493271,
                    "y": -0.07140662521123886,
                    "z": 0.14078298211097717
                },
                "rotation": {
                    "x": -0.23860715329647064,
                    "y": -0.5811866521835327,
                    "z": -0.14903022348880768,
                    "w": 0.7635958194732666
                }
            }
        },
        {
            "header": {
                "seq": 0,
                "stamp": {
                    "secs": 1687318007,
                    "nsecs": 638807361
                },
                "frame_id": "polhemus_base_0"
            },
            "child_frame_id": "polhemus_station_1",
            "transform": {
                "translation": {
                    "x": 0.13557472825050354,
                    "y": -0.02414005808532238,
                    "z": 0.050761930644512177
                },
                "rotation": {
                    "x": 0.08774306625127792,
                    "y": -0.2859746217727661,
                    "z": 0.10234976559877396,
                    "w": 0.9487065076828003
                }
            }
        },
        {
            "header": {
                "seq": 0,
                "stamp": {
                    "secs": 1687318007,
                    "nsecs": 638807361
                },
                "frame_id": "polhemus_base_0"
            },
            "child_frame_id": "polhemus_station_2",
            "transform": {
                "translation": {
                    "x": 0.14407706260681152,
                    "y": -0.013448016718029976,
                    "z": 0.0614117830991745
                },
                "rotation": {
                    "x": 0.03139925375580788,
                    "y": -0.4130585789680481,
                    "z": -0.14065584540367126,
                    "w": 0.8992289304733276
                }
            }
        },
        {
            "header": {
                "seq": 0,
                "stamp": {
                    "secs": 1687318007,
                    "nsecs": 638807361
                },
                "frame_id": "polhemus_base_0"
            },
            "child_frame_id": "polhemus_station_3",
            "transform": {
                "translation": {
                    "x": 0.12294672429561615,
                    "y": 0.04447333887219429,
                    "z": 0.0410926453769207
                },
                "rotation": {
                    "x": -0.22222718596458435,
                    "y": -0.3493979275226593,
                    "z": -0.09601074457168579,
                    "w": 0.9051617980003357
                }
            }
        },
        {
            "header": {
                "seq": 0,
                "stamp": {
                    "secs": 1687318007,
                    "nsecs": 638807361
                },
                "frame_id": "polhemus_base_0"
            },
            "child_frame_id": "polhemus_station_4",
            "transform": {
                "translation": {
                    "x": 0.13756787776947021,
                    "y": 0.06172223761677742,
                    "z": 0.0461946539580822
                },
                "rotation": {
                    "x": 0.4109221398830414,
                    "y": 0.24616053700447083,
                    "z": 0.2181050032377243,
                    "w": -0.8502812385559082
                }
            }
        },
        {
            "header": {
                "seq": 0,
                "stamp": {
                    "secs": 1687318007,
                    "nsecs": 638807361
                },
                "frame_id": "polhemus_base_0"
            },
            "child_frame_id": "polhemus_station_5",
            "transform": {
                "translation": {
                    "x": 0.1883464753627777,
                    "y": 0.05277121439576149,
                    "z": 0.009541042149066925
                },
                "rotation": {
                    "x": 0.2786223888397217,
                    "y": -0.3058907985687256,
                    "z": 0.08201615512371063,
                    "w": -0.9066828489303589
                }
            }
        }
    ]
}