{
    "transforms": [
        {
            "header": {
                "seq": 0,
                "stamp": {
                    "secs": 1687318026,
                    "nsecs": 663811610
                },
                "frame_id": "polhemus_base_0"
            },
            "child_frame_id": "polhemus_station_0",
            "transform": {
                "translation": {
                    "x": 0.04526403546333313,
                    "y": -0.06997919827699661,
                    "z": 0.14164049923419952
                },
                "rotation": {
                    "x": -0.24596616625785828,
                    "y": -0.5864503383636475,
                    "z": -0.14797261357307434,
                    "w": 0.7574171423912048
                }
            }
        },
        {
            "header": {
                "seq": 0,
                "stamp": {
                    "secs": 1687318026,
                    "nsecs": 663811610
                },
                "frame_id": "polhemus_base_0"
            },
            "child_frame_id": "polhemus_station_1",
            "transform": {
                "translation": {
                    "x": 0.13558639585971832,
                    "y": -0.023990308865904808,
                    "z": 0.050862472504377365
                },
                "rotation": {
                    "x": 0.08843935281038284,
                    "y": -0.28574883937835693,
                    "z": 0.1032356470823288,
                    "w": 0.9486138820648193
                }
            }
        },
        {
            "header": {
                "seq": 0,
                "stamp": {
                    "secs": 1687318026,
                    "nsecs": 663811610
                },
                "frame_id": "polhemus_base_0"
            },
            "child_frame_id": "polhemus_station_2",
            "transform": {
                "translation": {
                    "x": 0.1440645456314087,
                    "y": -0.013265798799693584,
                    "z": 0.061501674354076385
                },
                "rotation": {
                    "x": 0.030139444395899773,
                    "y": -0.41288134455680847,
                    "z": -0.13852807879447937,
                    "w": 0.8996835947036743
                }
            }
        },
        {
            "header": {
                "seq": 0,
                "stamp": {
                    "secs": 1687318026,
                    "nsecs": 663811610
                },
                "frame_id": "polhemus_base_0"
            },
            "child_frame_id": "polhemus_station_3",
            "transform": {
                "translation": {
                    "x": 0.1234283521771431,
                    "y": 0.044500697404146194,
                    "z": 0.040344953536987305
                },
                "rotation": {
                    "x": -0.22223637998104095,
                    "y": -0.34504786133766174,
                    "z": -0.09721256047487259,
                    "w": 0.9066986441612244
                }
            }
        },
        {
            "header": {
                "seq": 0,
                "stamp": {
                    "secs": 1687318026,
                    "nsecs": 663811610
                },
                "frame_id": "polhemus_base_0"
            },
            "child_frame_id": "polhemus_station_4",
            "transform": {
                "translation": {
                    "x": 0.13830476999282837,
                    "y": 0.0614735372364521,
                    "z": 0.04533795267343521
                },
                "rotation": {
                    "x": 0.42316576838493347,
                    "y": 0.24558120965957642,
                    "z": 0.22036509215831757,
                    "w": -0.84383624792099
                }
            }
        },
        {
            "header": {
                "seq": 0,
                "stamp": {
                    "secs": 1687318026,
                    "nsecs": 663811610
                },
                "frame_id": "polhemus_base_0"
            },
            "child_frame_id": "polhemus_station_5",
            "transform": {
                "translation": {
                    "x": 0.18832628428936005,
                    "y": 0.05187306925654411,
                    "z": 0.009277659468352795
                },
                "rotation": {
                    "x": 0.2838420867919922,
                    "y": -0.3057645261287689,
                    "z": 0.08704651892185211,
                    "w": -0.9046350717544556
                }
            }
        }
    ]
}