{
    "transforms": [
        {
            "header": {
                "seq": 0,
                "stamp": {
                    "secs": 1687318023,
                    "nsecs": 353184906
                },
                "frame_id": "ra_base"
            },
            "child_frame_id": "ra_tool0_controller",
            "transform": {
                "translation": {
                    "x": -0.6728401279271857,
                    "y": -0.7293822894722367,
                    "z": 0.6299370399784255
                },
                "rotation": {
                    "x": -0.4907353576241866,
                    "y": -0.5021771707251287,
                    "z": 0.5049981833955846,
                    "w": 0.5019698524285361
                }
            }
        }
    ]
}