{
    "transforms": [
        {
            "header": {
                "seq": 0,
                "stamp": {
                    "secs": 1687318013,
                    "nsecs": 485184906
                },
                "frame_id": "ra_base"
            },
            "child_frame_id": "ra_tool0_controller",
            "transform": {
                "translation": {
                    "x": -0.6728464052317125,
                    "y": -0.7293907515632736,
                    "z": 0.6299614572074866
                },
                "rotation": {
                    "x": -0.4907383661667342,
                    "y": -0.5021546964273678,
                    "z": 0.5050141850981111,
                    "w": 0.5019732957813924
                }
            }
        }
    ]
}