{
    "transforms": [
        {
            "header": {
                "seq": 0,
                "stamp": {
                    "secs": 1687318004,
                    "nsecs": 977184906
                },
                "frame_id": "ra_base"
            },
            "child_frame_id": "ra_tool0_controller",
            "transform": {
                "translation": {
                    "x": -0.6760799343129728,
                    "y": -0.09153892669372918,
                    "z": 0.6376592820448543
                },
                "rotation": {
                    "x": -0.5028031723031198,
                    "y": -0.5053045052606616,
                    "z": 0.4962527997724607,
                    "w": 0.4955698594579693
                }
            }
        }
    ]
}