{
    "transforms": [
        {
            "header": {
                "seq": 0,
                "stamp": {
                    "secs": 1687318026,
                    "nsecs": 2470927
                },
                "frame_id": "polhemus_base_0"
            },
            "child_frame_id": "rh_user_forearm",
            "transform": {
                "translation": {
                    "x": -0.18832896649837494,
                    "y": 0.05187748372554779,
                    "z": 0.009271667338907719
                },
                "rotation": {
                    "x": -0.28374868086624855,
                    "y": -0.3058898115451413,
                    "z": 0.08713991197851602,
                    "w": 0.9046130360767074
                }
            }
        }
    ]
}