{
    "transforms": [
        {
            "header": {
                "seq": 0,
                "stamp": {
                    "secs": 1687318003,
                    "nsecs": 259579978
                },
                "frame_id": "ra_base"
            },
            "child_frame_id": "ra_tool0_controller",
            "transform": {
                "translation": {
                    "x": -0.6760703421183674,
                    "y": -0.09154399872671086,
                    "z": 0.637654152828788
                },
                "rotation": {
                    "x": -0.5028003998455124,
                    "y": -0.5053076362792794,
                    "z": 0.49626537566863177,
                    "w": 0.49555688628603684
                }
            }
        }
    ]
}