{
    "transforms": [
        {
            "header": {
                "seq": 0,
                "stamp": {
                    "secs": 1687318026,
                    "nsecs": 65184906
                },
                "frame_id": "ra_base"
            },
            "child_frame_id": "ra_tool0_controller",
            "transform": {
                "translation": {
                    "x": -0.6728624579886052,
                    "y": -0.729366065730475,
                    "z": 0.6299614912308722
                },
                "rotation": {
                    "x": -0.49074253028646525,
                    "y": -0.5021590027700208,
                    "z": 0.5050025378160148,
                    "w": 0.5019766346200193
                }
            }
        }
    ]
}