{
    "transforms": [
        {
            "header": {
                "seq": 0,
                "stamp": {
                    "secs": 1687318004,
                    "nsecs": 285579978
                },
                "frame_id": "ra_base"
            },
            "child_frame_id": "ra_tool0_controller",
            "transform": {
                "translation": {
                    "x": -0.6760719311628148,
                    "y": -0.09154115440984613,
                    "z": 0.6376594696382841
                },
                "rotation": {
                    "x": -0.5027938961357882,
                    "y": -0.505309908036194,
                    "z": 0.49625982441300015,
                    "w": 0.49556672761861825
                }
            }
        }
    ]
}