{
    "transforms": [
        {
            "header": {
                "seq": 0,
                "stamp": {
                    "secs": 1687318010,
                    "nsecs": 593184906
                },
                "frame_id": "ra_base"
            },
            "child_frame_id": "ra_tool0_controller",
            "transform": {
                "translation": {
                    "x": -0.7568587515455343,
                    "y": -0.49831078350621666,
                    "z": 0.6565973360797545
                },
                "rotation": {
                    "x": -0.49260540801440716,
                    "y": -0.5040719859574548,
                    "z": 0.5013562733126303,
                    "w": 0.5018896613578906
                }
            }
        }
    ]
}