{
    "transforms": [
        {
            "header": {
                "seq": 0,
                "stamp": {
                    "secs": 1687318025,
                    "nsecs": 644137527
                },
                "frame_id": "polhemus_base_0"
            },
            "child_frame_id": "rh_user_forearm",
            "transform": {
                "translation": {
                    "x": -0.18833176791667938,
                    "y": 0.05183393508195877,
                    "z": 0.009346898645162582
                },
                "rotation": {
                    "x": -0.28362624795259744,
                    "y": -0.3054409510924524,
                    "z": 0.0876497743112986,
                    "w": 0.9047538305700883
                }
            }
        }
    ]
}