{
    "transforms": [
        {
            "header": {
                "seq": 0,
                "stamp": {
                    "secs": 1687318001,
                    "nsecs": 55579978
                },
                "frame_id": "ra_base"
            },
            "child_frame_id": "ra_tool0_controller",
            "transform": {
                "translation": {
                    "x": -0.6760730430781732,
                    "y": -0.09153951267030719,
                    "z": 0.6376337704800854
                },
                "rotation": {
                    "x": -0.5028134740060806,
                    "y": -0.505318865989352,
                    "z": 0.49624432527118845,
                    "w": 0.49555325008450385
                }
            }
        }
    ]
}