{
    "transforms": [
        {
            "header": {
                "seq": 0,
                "stamp": {
                    "secs": 1687317999,
                    "nsecs": 89579978
                },
                "frame_id": "ra_base"
            },
            "child_frame_id": "ra_tool0_controller",
            "transform": {
                "translation": {
                    "x": -0.676081753341964,
                    "y": -0.0915491863006784,
                    "z": 0.637672300424243
                },
                "rotation": {
                    "x": -0.5027930935248349,
                    "y": -0.5053052242655103,
                    "z": 0.4962694014686996,
                    "w": 0.49556272720979305
                }
            }
        }
    ]
}