{
    "transforms": [
        {
            "header": {
                "seq": 0,
                "stamp": {
                    "secs": 1687318023,
                    "nsecs": 113807974
                },
                "frame_id": "polhemus_base_0"
            },
            "child_frame_id": "polhemus_station_0",
            "transform": {
                "translation": {
                    "x": 0.04528926685452461,
                    "y": -0.07014935463666916,
                    "z": 0.14153705537319183
                },
                "rotation": {
                    "x": -0.24506083130836487,
                    "y": -0.5864273905754089,
                    "z": -0.14818698167800903,
                    "w": 0.7576864361763
                }
            }
        },
        {
            "header": {
                "seq": 0,
                "stamp": {
                    "secs": 1687318023,
                    "nsecs": 113807974
                },
                "frame_id": "polhemus_base_0"
            },
            "child_frame_id": "polhemus_station_1",
            "transform": {
                "translation": {
                    "x": 0.13558471202850342,
                    "y": -0.023977631703019142,
                    "z": 0.05083800107240677
                },
                "rotation": {
                    "x": 0.08835426717996597,
                    "y": -0.28575578331947327,
                    "z": 0.10331381857395172,
                    "w": 0.9486111998558044
                }
            }
        },
        {
            "header": {
                "seq": 0,
                "stamp": {
                    "secs": 1687318023,
                    "nsecs": 113807974
                },
                "frame_id": "polhemus_base_0"
            },
            "child_frame_id": "polhemus_station_2",
            "transform": {
                "translation": {
                    "x": 0.14404122531414032,
                    "y": -0.013253016397356987,
                    "z": 0.061500970274209976
                },
                "rotation": {
                    "x": 0.030573081225156784,
                    "y": -0.41305050253868103,
                    "z": -0.1384897232055664,
                    "w": 0.8995972275733948
                }
            }
        },
        {
            "header": {
                "seq": 0,
                "stamp": {
                    "secs": 1687318023,
                    "nsecs": 113807974
                },
                "frame_id": "polhemus_base_0"
            },
            "child_frame_id": "polhemus_station_3",
            "transform": {
                "translation": {
                    "x": 0.12337891012430191,
                    "y": 0.0445157028734684,
                    "z": 0.04041343554854393
                },
                "rotation": {
                    "x": -0.22199590504169464,
                    "y": -0.3454134166240692,
                    "z": -0.09695076197385788,
                    "w": 0.9066463708877563
                }
            }
        },
        {
            "header": {
                "seq": 0,
                "stamp": {
                    "secs": 1687318023,
                    "nsecs": 113807974
                },
                "frame_id": "polhemus_base_0"
            },
            "child_frame_id": "polhemus_station_4",
            "transform": {
                "translation": {
                    "x": 0.1382429301738739,
                    "y": 0.06149418279528618,
                    "z": 0.04540903493762016
                },
                "rotation": {
                    "x": 0.4218335747718811,
                    "y": 0.2455039769411087,
                    "z": 0.2201956808567047,
                    "w": -0.8445698022842407
                }
            }
        },
        {
            "header": {
                "seq": 0,
                "stamp": {
                    "secs": 1687318023,
                    "nsecs": 113807974
                },
                "frame_id": "polhemus_base_0"
            },
            "child_frame_id": "polhemus_station_5",
            "transform": {
                "translation": {
                    "x": 0.1883155256509781,
                    "y": 0.0519532673060894,
                    "z": 0.009221535176038742
                },
                "rotation": {
                    "x": 0.28295257687568665,
                    "y": -0.3063419759273529,
                    "z": 0.08641809225082397,
                    "w": -0.9047785401344299
                }
            }
        }
    ]
}