{
    "transforms": [
        {
            "header": {
                "seq": 0,
                "stamp": {
                    "secs": 1687318014,
                    "nsecs": 411184906
                },
                "frame_id": "ra_base"
            },
            "child_frame_id": "ra_tool0_controller",
            "transform": {
                "translation": {
                    "x": -0.6728370832514723,
                    "y": -0.7294041673885687,
                    "z": 0.6299567009478477
                },
                "rotation": {
                    "x": -0.4907272896805781,
                    "y": -0.502159275229632,
                    "z": 0.5050232648320736,
                    "w": 0.5019704089306041
                }
            }
        }
    ]
}