{
    "transforms": [
        {
            "header": {
                "seq": 0,
                "stamp": {
                    "secs": 1687318005,
                    "nsecs": 685184906
                },
                "frame_id": "ra_base"
            },
            "child_frame_id": "ra_tool0_controller",
            "transform": {
                "translation": {
                    "x": -0.6760690299017527,
                    "y": -0.09153664103511759,
                    "z": 0.6376499933230132
                },
                "rotation": {
                    "x": -0.5028055811955046,
                    "y": -0.5053099244881424,
                    "z": 0.4962474035183991,
                    "w": 0.4955672933454003
                }
            }
        }
    ]
}