{
    "transforms": [
        {
            "header": {
                "seq": 0,
                "stamp": {
                    "secs": 1687318011,
                    "nsecs": 581184906
                },
                "frame_id": "ra_base"
            },
            "child_frame_id": "ra_tool0_controller",
            "transform": {
                "translation": {
                    "x": -0.7040623244330613,
                    "y": -0.6690410931651628,
                    "z": 0.6392022199371242
                },
                "rotation": {
                    "x": -0.49101376577507616,
                    "y": -0.5026524664892753,
                    "z": 0.5040725354788819,
                    "w": 0.502152226647974
                }
            }
        }
    ]
}