{
    "transforms": [
        {
            "header": {
                "seq": 0,
                "stamp": {
                    "secs": 1687318004,
                    "nsecs": 393579978
                },
                "frame_id": "ra_base"
            },
            "child_frame_id": "ra_tool0_controller",
            "transform": {
                "translation": {
                    "x": -0.6760823890362366,
                    "y": -0.09154300747525315,
                    "z": 0.6376335621667544
                },
                "rotation": {
                    "x": -0.5028011221469125,
                    "y": -0.5053316403537257,
                    "z": 0.4962448529933408,
                    "w": 0.49555222802731497
                }
            }
        }
    ]
}