{
    "transforms": [
        {
            "header": {
                "seq": 0,
                "stamp": {
                    "secs": 1687318013,
                    "nsecs": 153184906
                },
                "frame_id": "ra_base"
            },
            "child_frame_id": "ra_tool0_controller",
            "transform": {
                "translation": {
                    "x": -0.672824434788449,
                    "y": -0.7294027100122676,
                    "z": 0.6299602050488925
                },
                "rotation": {
                    "x": -0.49073513208384384,
                    "y": -0.5021541078576505,
                    "z": 0.5050266709385198,
                    "w": 0.5019644845415814
                }
            }
        }
    ]
}