{
    "transforms": [
        {
            "header": {
                "seq": 0,
                "stamp": {
                    "secs": 1687318011,
                    "nsecs": 827184906
                },
                "frame_id": "ra_base"
            },
            "child_frame_id": "ra_tool0_controller",
            "transform": {
                "translation": {
                    "x": -0.6907041931825617,
                    "y": -0.6965846453739202,
                    "z": 0.6351938823270785
                },
                "rotation": {
                    "x": -0.49086437958560203,
                    "y": -0.502419765839135,
                    "z": 0.5045292227817646,
                    "w": 0.5020725078187606
                }
            }
        }
    ]
}