{
    "transforms": [
        {
            "header": {
                "seq": 0,
                "stamp": {
                    "secs": 1687318005,
                    "nsecs": 930488636
                },
                "frame_id": "polhemus_base_0"
            },
            "child_frame_id": "polhemus_station_0",
            "transform": {
                "translation": {
                    "x": 0.04660401865839958,
                    "y": -0.07150410115718842,
                    "z": 0.1407480388879776
                },
                "rotation": {
                    "x": -0.23817716538906097,
                    "y": -0.5813603401184082,
                    "z": -0.14932723343372345,
                    "w": 0.7635398507118225
                }
            }
        },
        {
            "header": {
                "seq": 0,
                "stamp": {
                    "secs": 1687318005,
                    "nsecs": 930488636
                },
                "frame_id": "polhemus_base_0"
            },
            "child_frame_id": "polhemus_station_1",
            "transform": {
                "translation": {
                    "x": 0.13557228446006775,
                    "y": -0.02413334511220455,
                    "z": 0.05075560137629509
                },
                "rotation": {
                    "x": 0.08766952902078629,
                    "y": -0.285974383354187,
                    "z": 0.10232005268335342,
                    "w": 0.9487166404724121
                }
            }
        },
        {
            "header": {
                "seq": 0,
                "stamp": {
                    "secs": 1687318005,
                    "nsecs": 930488636
                },
                "frame_id": "polhemus_base_0"
            },
            "child_frame_id": "polhemus_station_2",
            "transform": {
                "translation": {
                    "x": 0.14406168460845947,
                    "y": -0.013441205956041813,
                    "z": 0.06142476201057434
                },
                "rotation": {
                    "x": 0.031575560569763184,
                    "y": -0.4131678342819214,
                    "z": -0.14056777954101562,
                    "w": 0.8991863131523132
                }
            }
        },
        {
            "header": {
                "seq": 0,
                "stamp": {
                    "secs": 1687318005,
                    "nsecs": 930488636
                },
                "frame_id": "polhemus_base_0"
            },
            "child_frame_id": "polhemus_station_3",
            "transform": {
                "translation": {
                    "x": 0.12292446941137314,
                    "y": 0.044490400701761246,
                    "z": 0.0411355197429657
                },
                "rotation": {
                    "x": -0.222275972366333,
                    "y": -0.34955692291259766,
                    "z": -0.09586557000875473,
                    "w": 0.9051038026809692
                }
            }
        },
        {
            "header": {
                "seq": 0,
                "stamp": {
                    "secs": 1687318005,
                    "nsecs": 930488636
                },
                "frame_id": "polhemus_base_0"
            },
            "child_frame_id": "polhemus_station_4",
            "transform": {
                "translation": {
                    "x": 0.13754375278949738,
                    "y": 0.06174416095018387,
                    "z": 0.046225953847169876
                },
                "rotation": {
                    "x": 0.41025403141975403,
                    "y": 0.24604164063930511,
                    "z": 0.21772201359272003,
                    "w": -0.8507362604141235
                }
            }
        },
        {
            "header": {
                "seq": 0,
                "stamp": {
                    "secs": 1687318005,
                    "nsecs": 930488636
                },
                "frame_id": "polhemus_base_0"
            },
            "child_frame_id": "polhemus_station_5",
            "transform": {
                "translation": {
                    "x": 0.18836306035518646,
                    "y": 0.05277454853057861,
                    "z": 0.009530984796583652
                },
                "rotation": {
                    "x": 0.2778071463108063,
                    "y": -0.3062513470649719,
                    "z": 0.08171340823173523,
                    "w": -0.9068386554718018
                }
            }
        }
    ]
}