{
    "transforms": [
        {
            "header": {
                "seq": 0,
                "stamp": {
                    "secs": 1687318021,
                    "nsecs": 835184906
                },
                "frame_id": "ra_base"
            },
            "child_frame_id": "ra_tool0_controller",
            "transform": {
                "translation": {
                    "x": -0.6728378284453596,
                    "y": -0.7293826308558525,
                    "z": 0.6299396983689391
                },
                "rotation": {
                    "x": -0.4907451805094313,
                    "y": -0.5021657439826113,
                    "z": 0.5050015522598282,
                    "w": 0.5019682914212016
                }
            }
        }
    ]
}