{
    "transforms": [
        {
            "header": {
                "seq": 0,
                "stamp": {
                    "secs": 1687318022,
                    "nsecs": 817184906
                },
                "frame_id": "ra_base"
            },
            "child_frame_id": "ra_tool0_controller",
            "transform": {
                "translation": {
                    "x": -0.6728422166711266,
                    "y": -0.7293889059902495,
                    "z": 0.6299467008236664
                },
                "rotation": {
                    "x": -0.4907304202813059,
                    "y": -0.5021657195453861,
                    "z": 0.5050112076606357,
                    "w": 0.5019730320058476
                }
            }
        }
    ]
}