{
    "transforms": [
        {
            "header": {
                "seq": 0,
                "stamp": {
                    "secs": 1687318016,
                    "nsecs": 827471636
                },
                "frame_id": "polhemus_base_0"
            },
            "child_frame_id": "rh_user_forearm",
            "transform": {
                "translation": {
                    "x": -0.188335582613945,
                    "y": 0.05218483507633209,
                    "z": 0.009355953894555569
                },
                "rotation": {
                    "x": -0.2814119006135982,
                    "y": -0.30613131635569024,
                    "z": 0.08506303560031689,
                    "w": 0.9054585795682947
                }
            }
        }
    ]
}