{
    "transforms": [
        {
            "header": {
                "seq": 0,
                "stamp": {
                    "secs": 1687318027,
                    "nsecs": 145184906
                },
                "frame_id": "ra_base"
            },
            "child_frame_id": "ra_tool0_controller",
            "transform": {
                "translation": {
                    "x": -0.672839430430967,
                    "y": -0.7293881946888702,
                    "z": 0.6299369896333912
                },
                "rotation": {
                    "x": -0.4907300605090588,
                    "y": -0.5021745632174357,
                    "z": 0.5050100951228536,
                    "w": 0.5019656557914691
                }
            }
        }
    ]
}