{
    "transforms": [
        {
            "header": {
                "seq": 0,
                "stamp": {
                    "secs": 1687317998,
                    "nsecs": 613579978
                },
                "frame_id": "ra_base"
            },
            "child_frame_id": "ra_tool0_controller",
            "transform": {
                "translation": {
                    "x": -0.6760707361776517,
                    "y": -0.09155079739905929,
                    "z": 0.6376349790860856
                },
                "rotation": {
                    "x": -0.502807233987881,
                    "y": -0.5053292779404663,
                    "z": 0.49624514739504333,
                    "w": 0.4955481409434356
                }
            }
        }
    ]
}