{
    "transforms": [
        {
            "header": {
                "seq": 0,
                "stamp": {
                    "secs": 1687318024,
                    "nsecs": 31184906
                },
                "frame_id": "ra_base"
            },
            "child_frame_id": "ra_tool0_controller",
            "transform": {
                "translation": {
                    "x": -0.6728448315761577,
                    "y": -0.7293908065304797,
                    "z": 0.6299516620576637
                },
                "rotation": {
                    "x": -0.4907306826178301,
                    "y": -0.502153714922707,
                    "z": 0.5050212325984018,
                    "w": 0.5019746989157464
                }
            }
        }
    ]
}