{
    "transforms": [
        {
            "header": {
                "seq": 0,
                "stamp": {
                    "secs": 1687318008,
                    "nsecs": 441184906
                },
                "frame_id": "ra_base"
            },
            "child_frame_id": "ra_tool0_controller",
            "transform": {
                "translation": {
                    "x": -0.7148109622013015,
                    "y": -0.15932699593596383,
                    "z": 0.6502251084908571
                },
                "rotation": {
                    "x": -0.5001253928634358,
                    "y": -0.5056192805001081,
                    "z": 0.4967809801542627,
                    "w": 0.49742576567435365
                }
            }
        }
    ]
}