{
    "transforms": [
        {
            "header": {
                "seq": 0,
                "stamp": {
                    "secs": 1687318012,
                    "nsecs": 960811729
                },
                "frame_id": "polhemus_base_0"
            },
            "child_frame_id": "rh_user_forearm",
            "transform": {
                "translation": {
                    "x": -0.18834288418293,
                    "y": 0.052433889359235764,
                    "z": 0.009365512058138847
                },
                "rotation": {
                    "x": -0.28017258665222877,
                    "y": -0.30636960291114185,
                    "z": 0.08359302586657685,
                    "w": 0.9058991081390567
                }
            }
        }
    ]
}