{
    "transforms": [
        {
            "header": {
                "seq": 0,
                "stamp": {
                    "secs": 1687318014,
                    "nsecs": 83184906
                },
                "frame_id": "ra_base"
            },
            "child_frame_id": "ra_tool0_controller",
            "transform": {
                "translation": {
                    "x": -0.6728372345203582,
                    "y": -0.7293979244328654,
                    "z": 0.6299369377116755
                },
                "rotation": {
                    "x": -0.49073160625222184,
                    "y": -0.5021647542670634,
                    "z": 0.5050082833290122,
                    "w": 0.5019757802584686
                }
            }
        }
    ]
}