{
    "transforms": [
        {
            "header": {
                "seq": 0,
                "stamp": {
                    "secs": 1687318005,
                    "nsecs": 380449918
                },
                "frame_id": "polhemus_base_0"
            },
            "child_frame_id": "polhemus_station_0",
            "transform": {
                "translation": {
                    "x": 0.04664253816008568,
                    "y": -0.07154714316129684,
                    "z": 0.140716090798378
                },
                "rotation": {
                    "x": -0.23794743418693542,
                    "y": -0.5811586380004883,
                    "z": -0.14933136105537415,
                    "w": 0.7637642025947571
                }
            }
        },
        {
            "header": {
                "seq": 0,
                "stamp": {
                    "secs": 1687318005,
                    "nsecs": 380449918
                },
                "frame_id": "polhemus_base_0"
            },
            "child_frame_id": "polhemus_station_1",
            "transform": {
                "translation": {
                    "x": 0.13556258380413055,
                    "y": -0.024139005690813065,
                    "z": 0.05077490210533142
                },
                "rotation": {
                    "x": 0.08766581863164902,
                    "y": -0.2861478924751282,
                    "z": 0.1023058071732521,
                    "w": 0.9486661553382874
                }
            }
        },
        {
            "header": {
                "seq": 0,
                "stamp": {
                    "secs": 1687318005,
                    "nsecs": 380449918
                },
                "frame_id": "polhemus_base_0"
            },
            "child_frame_id": "polhemus_station_2",
            "transform": {
                "translation": {
                    "x": 0.1440601795911789,
                    "y": -0.013432345353066921,
                    "z": 0.061429888010025024
                },
                "rotation": {
                    "x": 0.03156561404466629,
                    "y": -0.41320550441741943,
                    "z": -0.14050881564617157,
                    "w": 0.8991786241531372
                }
            }
        },
        {
            "header": {
                "seq": 0,
                "stamp": {
                    "secs": 1687318005,
                    "nsecs": 380449918
                },
                "frame_id": "polhemus_base_0"
            },
            "child_frame_id": "polhemus_station_3",
            "transform": {
                "translation": {
                    "x": 0.1229202002286911,
                    "y": 0.044488273561000824,
                    "z": 0.041149627417325974
                },
                "rotation": {
                    "x": -0.222176194190979,
                    "y": -0.3496001362800598,
                    "z": -0.09589045494794846,
                    "w": 0.9051089882850647
                }
            }
        },
        {
            "header": {
                "seq": 0,
                "stamp": {
                    "secs": 1687318005,
                    "nsecs": 380449918
                },
                "frame_id": "polhemus_base_0"
            },
            "child_frame_id": "polhemus_station_4",
            "transform": {
                "translation": {
                    "x": 0.13750885426998138,
                    "y": 0.06178751587867737,
                    "z": 0.04626990109682083
                },
                "rotation": {
                    "x": 0.41000527143478394,
                    "y": 0.24637633562088013,
                    "z": 0.21755187213420868,
                    "w": -0.8508028388023376
                }
            }
        },
        {
            "header": {
                "seq": 0,
                "stamp": {
                    "secs": 1687318005,
                    "nsecs": 380449918
                },
                "frame_id": "polhemus_base_0"
            },
            "child_frame_id": "polhemus_station_5",
            "transform": {
                "translation": {
                    "x": 0.188371479511261,
                    "y": 0.05278920754790306,
                    "z": 0.009554732590913773
                },
                "rotation": {
                    "x": 0.27782052755355835,
                    "y": -0.30608564615249634,
                    "z": 0.08162814378738403,
                    "w": -0.9068980813026428
                }
            }
        }
    ]
}