{
    "transforms": [
        {
            "header": {
                "seq": 0,
                "stamp": {
                    "secs": 1687318010,
                    "nsecs": 169184906
                },
                "frame_id": "ra_base"
            },
            "child_frame_id": "ra_tool0_controller",
            "transform": {
                "translation": {
                    "x": -0.7648296178469387,
                    "y": -0.424539060178452,
                    "z": 0.6603946617887272
                },
                "rotation": {
                    "x": -0.4937004774244853,
                    "y": -0.5045875641642258,
                    "z": 0.5002076233413266,
                    "w": 0.5014414843557223
                }
            }
        }
    ]
}