{
    "transforms": [
        {
            "header": {
                "seq": 0,
                "stamp": {
                    "secs": 1687318013,
                    "nsecs": 271184906
                },
                "frame_id": "ra_base"
            },
            "child_frame_id": "ra_tool0_controller",
            "transform": {
                "translation": {
                    "x": -0.6728464573586431,
                    "y": -0.7293880755576012,
                    "z": 0.6299497190885399
                },
                "rotation": {
                    "x": -0.4907319549473822,
                    "y": -0.5021738286457761,
                    "z": 0.5050012964497984,
                    "w": 0.5019733905305996
                }
            }
        }
    ]
}