{
    "transforms": [
        {
            "header": {
                "seq": 0,
                "stamp": {
                    "secs": 1687318024,
                    "nsecs": 431184906
                },
                "frame_id": "ra_base"
            },
            "child_frame_id": "ra_tool0_controller",
            "transform": {
                "translation": {
                    "x": -0.6728399097648111,
                    "y": -0.7294026312109207,
                    "z": 0.6299474677724278
                },
                "rotation": {
                    "x": -0.49073507032557945,
                    "y": -0.5021578306788284,
                    "z": 0.5050251545921047,
                    "w": 0.5019623462668317
                }
            }
        }
    ]
}