{
    "transforms": [
        {
            "header": {
                "seq": 0,
                "stamp": {
                    "secs": 1687318005,
                    "nsecs": 797169647
                },
                "frame_id": "polhemus_base_0"
            },
            "child_frame_id": "polhemus_station_0",
            "transform": {
                "translation": {
                    "x": 0.04662046954035759,
                    "y": -0.07151062041521072,
                    "z": 0.1407395750284195
                },
                "rotation": {
                    "x": -0.23813004791736603,
                    "y": -0.5812971591949463,
                    "z": -0.14926089346408844,
                    "w": 0.763615608215332
                }
            }
        },
        {
            "header": {
                "seq": 0,
                "stamp": {
                    "secs": 1687318005,
                    "nsecs": 797169647
                },
                "frame_id": "polhemus_base_0"
            },
            "child_frame_id": "polhemus_station_1",
            "transform": {
                "translation": {
                    "x": 0.13557370007038116,
                    "y": -0.024131817743182182,
                    "z": 0.05075386166572571
                },
                "rotation": {
                    "x": 0.08763856440782547,
                    "y": -0.28591251373291016,
                    "z": 0.10231450945138931,
                    "w": 0.948738694190979
                }
            }
        },
        {
            "header": {
                "seq": 0,
                "stamp": {
                    "secs": 1687318005,
                    "nsecs": 797169647
                },
                "frame_id": "polhemus_base_0"
            },
            "child_frame_id": "polhemus_station_2",
            "transform": {
                "translation": {
                    "x": 0.144065722823143,
                    "y": -0.013429345563054085,
                    "z": 0.061420656740665436
                },
                "rotation": {
                    "x": 0.03156860172748566,
                    "y": -0.4131353795528412,
                    "z": -0.14048418402671814,
                    "w": 0.8992145657539368
                }
            }
        },
        {
            "header": {
                "seq": 0,
                "stamp": {
                    "secs": 1687318005,
                    "nsecs": 797169647
                },
                "frame_id": "polhemus_base_0"
            },
            "child_frame_id": "polhemus_station_3",
            "transform": {
                "translation": {
                    "x": 0.12292434275150299,
                    "y": 0.04448949173092842,
                    "z": 0.04113529995083809
                },
                "rotation": {
                    "x": -0.22227951884269714,
                    "y": -0.3495323657989502,
                    "z": -0.095881387591362,
                    "w": 0.905110776424408
                }
            }
        },
        {
            "header": {
                "seq": 0,
                "stamp": {
                    "secs": 1687318005,
                    "nsecs": 797169647
                },
                "frame_id": "polhemus_base_0"
            },
            "child_frame_id": "polhemus_station_4",
            "transform": {
                "translation": {
                    "x": 0.1375340074300766,
                    "y": 0.06173579394817352,
                    "z": 0.0462547242641449
                },
                "rotation": {
                    "x": 0.41021373867988586,
                    "y": 0.2461235076189041,
                    "z": 0.21790079772472382,
                    "w": -0.8506863117218018
                }
            }
        },
        {
            "header": {
                "seq": 0,
                "stamp": {
                    "secs": 1687318005,
                    "nsecs": 797169647
                },
                "frame_id": "polhemus_base_0"
            },
            "child_frame_id": "polhemus_station_5",
            "transform": {
                "translation": {
                    "x": 0.18835432827472687,
                    "y": 0.05280284956097603,
                    "z": 0.009530783630907536
                },
                "rotation": {
                    "x": 0.277732789516449,
                    "y": -0.3062715530395508,
                    "z": 0.08150361478328705,
                    "w": -0.9068735241889954
                }
            }
        }
    ]
}