{
    "transforms": [
        {
            "header": {
                "seq": 0,
                "stamp": {
                    "secs": 1687318006,
                    "nsecs": 299184906
                },
                "frame_id": "ra_base"
            },
            "child_frame_id": "ra_tool0_controller",
            "transform": {
                "translation": {
                    "x": -0.6760742824515298,
                    "y": -0.09154197900751951,
                    "z": 0.6376290407096813
                },
                "rotation": {
                    "x": -0.5028041648496173,
                    "y": -0.5053203191358002,
                    "z": 0.4962465405795446,
                    "w": 0.4955589953186264
                }
            }
        }
    ]
}