{
    "transforms": [
        {
            "header": {
                "seq": 0,
                "stamp": {
                    "secs": 1687318020,
                    "nsecs": 760802501
                },
                "frame_id": "polhemus_base_0"
            },
            "child_frame_id": "rh_user_forearm",
            "transform": {
                "translation": {
                    "x": -0.18832288682460785,
                    "y": 0.05203797295689583,
                    "z": 0.009214821271598339
                },
                "rotation": {
                    "x": -0.2831551607710157,
                    "y": -0.30642213087225334,
                    "z": 0.08592824264860278,
                    "w": 0.9047347510490414
                }
            }
        }
    ]
}