{
    "transforms": [
        {
            "header": {
                "seq": 0,
                "stamp": {
                    "secs": 1687318014,
                    "nsecs": 425184906
                },
                "frame_id": "ra_base"
            },
            "child_frame_id": "ra_tool0_controller",
            "transform": {
                "translation": {
                    "x": -0.6728394455613271,
                    "y": -0.7294021875617694,
                    "z": 0.6299490253217
                },
                "rotation": {
                    "x": -0.4907304345571946,
                    "y": -0.502163798472161,
                    "z": 0.5050189630962947,
                    "w": 0.5019671373869619
                }
            }
        }
    ]
}