{
    "transforms": [
        {
            "header": {
                "seq": 0,
                "stamp": {
                    "secs": 1687318000,
                    "nsecs": 605579978
                },
                "frame_id": "ra_base"
            },
            "child_frame_id": "ra_tool0_controller",
            "transform": {
                "translation": {
                    "x": -0.6760818757778261,
                    "y": -0.09155278470691648,
                    "z": 0.6376361638975209
                },
                "rotation": {
                    "x": -0.5027991760646573,
                    "y": -0.505331723019782,
                    "z": 0.49625844206225467,
                    "w": 0.495540509888449
                }
            }
        }
    ]
}