{
    "transforms": [
        {
            "header": {
                "seq": 0,
                "stamp": {
                    "secs": 1687318025,
                    "nsecs": 697130997
                },
                "frame_id": "polhemus_base_0"
            },
            "child_frame_id": "polhemus_station_0",
            "transform": {
                "translation": {
                    "x": 0.04525916650891304,
                    "y": -0.07003924250602722,
                    "z": 0.14160794019699097
                },
                "rotation": {
                    "x": -0.2456817924976349,
                    "y": -0.586445152759552,
                    "z": -0.14809834957122803,
                    "w": 0.7574888467788696
                }
            }
        },
        {
            "header": {
                "seq": 0,
                "stamp": {
                    "secs": 1687318025,
                    "nsecs": 697130997
                },
                "frame_id": "polhemus_base_0"
            },
            "child_frame_id": "polhemus_station_1",
            "transform": {
                "translation": {
                    "x": 0.13559074699878693,
                    "y": -0.02399151399731636,
                    "z": 0.05084652081131935
                },
                "rotation": {
                    "x": 0.08845353126525879,
                    "y": -0.2856954336166382,
                    "z": 0.10320550203323364,
                    "w": 0.9486319422721863
                }
            }
        },
        {
            "header": {
                "seq": 0,
                "stamp": {
                    "secs": 1687318025,
                    "nsecs": 697130997
                },
                "frame_id": "polhemus_base_0"
            },
            "child_frame_id": "polhemus_station_2",
            "transform": {
                "translation": {
                    "x": 0.1440609097480774,
                    "y": -0.013264586217701435,
                    "z": 0.06150028109550476
                },
                "rotation": {
                    "x": 0.03022756800055504,
                    "y": -0.4128647446632385,
                    "z": -0.13860805332660675,
                    "w": 0.8996759057044983
                }
            }
        },
        {
            "header": {
                "seq": 0,
                "stamp": {
                    "secs": 1687318025,
                    "nsecs": 697130997
                },
                "frame_id": "polhemus_base_0"
            },
            "child_frame_id": "polhemus_station_3",
            "transform": {
                "translation": {
                    "x": 0.12341233342885971,
                    "y": 0.04452512040734291,
                    "z": 0.04035047069191933
                },
                "rotation": {
                    "x": -0.22217749059200287,
                    "y": -0.3451250195503235,
                    "z": -0.09700579196214676,
                    "w": 0.9067057967185974
                }
            }
        },
        {
            "header": {
                "seq": 0,
                "stamp": {
                    "secs": 1687318025,
                    "nsecs": 697130997
                },
                "frame_id": "polhemus_base_0"
            },
            "child_frame_id": "polhemus_station_4",
            "transform": {
                "translation": {
                    "x": 0.13828158378601074,
                    "y": 0.06150292232632637,
                    "z": 0.04535240679979324
                },
                "rotation": {
                    "x": 0.42289361357688904,
                    "y": 0.2456234246492386,
                    "z": 0.2202274650335312,
                    "w": -0.8439964652061462
                }
            }
        },
        {
            "header": {
                "seq": 0,
                "stamp": {
                    "secs": 1687318025,
                    "nsecs": 697130997
                },
                "frame_id": "polhemus_base_0"
            },
            "child_frame_id": "polhemus_station_5",
            "transform": {
                "translation": {
                    "x": 0.18833565711975098,
                    "y": 0.05185770243406296,
                    "z": 0.009303608909249306
                },
                "rotation": {
                    "x": 0.2835945785045624,
                    "y": -0.3056734502315521,
                    "z": 0.08733488619327545,
                    "w": -0.9047155976295471
                }
            }
        }
    ]
}