{
    "transforms": [
        {
            "header": {
                "seq": 0,
                "stamp": {
                    "secs": 1687318005,
                    "nsecs": 345184906
                },
                "frame_id": "ra_base"
            },
            "child_frame_id": "ra_tool0_controller",
            "transform": {
                "translation": {
                    "x": -0.6760696563278313,
                    "y": -0.09154407713512176,
                    "z": 0.6376370611528189
                },
                "rotation": {
                    "x": -0.5028041091668194,
                    "y": -0.5053323354634465,
                    "z": 0.49624058895732337,
                    "w": 0.49555275845394
                }
            }
        }
    ]
}