{
    "transforms": [
        {
            "header": {
                "seq": 0,
                "stamp": {
                    "secs": 1687318015,
                    "nsecs": 751184906
                },
                "frame_id": "ra_base"
            },
            "child_frame_id": "ra_tool0_controller",
            "transform": {
                "translation": {
                    "x": -0.6728571635629743,
                    "y": -0.7293795553535658,
                    "z": 0.6299377318460597
                },
                "rotation": {
                    "x": -0.49074424440840964,
                    "y": -0.5021674217189935,
                    "z": 0.5049922470217283,
                    "w": 0.5019768894999684
                }
            }
        }
    ]
}