{
    "transforms": [
        {
            "header": {
                "seq": 0,
                "stamp": {
                    "secs": 1687318003,
                    "nsecs": 537579978
                },
                "frame_id": "ra_base"
            },
            "child_frame_id": "ra_tool0_controller",
            "transform": {
                "translation": {
                    "x": -0.6760910233761036,
                    "y": -0.09153911997550288,
                    "z": 0.6376249063381667
                },
                "rotation": {
                    "x": -0.5028058581432326,
                    "y": -0.5053285574408891,
                    "z": 0.4962445380559136,
                    "w": 0.49555088184890805
                }
            }
        }
    ]
}