{
    "transforms": [
        {
            "header": {
                "seq": 0,
                "stamp": {
                    "secs": 1687318004,
                    "nsecs": 613812967
                },
                "frame_id": "polhemus_base_0"
            },
            "child_frame_id": "polhemus_station_0",
            "transform": {
                "translation": {
                    "x": 0.04667042940855026,
                    "y": -0.07160000503063202,
                    "z": 0.14069610834121704
                },
                "rotation": {
                    "x": -0.23790468275547028,
                    "y": -0.5810304880142212,
                    "z": -0.14961078763008118,
                    "w": 0.7638202905654907
                }
            }
        },
        {
            "header": {
                "seq": 0,
                "stamp": {
                    "secs": 1687318004,
                    "nsecs": 613812967
                },
                "frame_id": "polhemus_base_0"
            },
            "child_frame_id": "polhemus_station_1",
            "transform": {
                "translation": {
                    "x": 0.13555185496807098,
                    "y": -0.02414083294570446,
                    "z": 0.050781331956386566
                },
                "rotation": {
                    "x": 0.08758928626775742,
                    "y": -0.2862706184387207,
                    "z": 0.10222186148166656,
                    "w": 0.948645293712616
                }
            }
        },
        {
            "header": {
                "seq": 0,
                "stamp": {
                    "secs": 1687318004,
                    "nsecs": 613812967
                },
                "frame_id": "polhemus_base_0"
            },
            "child_frame_id": "polhemus_station_2",
            "transform": {
                "translation": {
                    "x": 0.1440582424402237,
                    "y": -0.013437195681035519,
                    "z": 0.0614207498729229
                },
                "rotation": {
                    "x": 0.0315043143928051,
                    "y": -0.4131730794906616,
                    "z": -0.14055155217647552,
                    "w": 0.8991889953613281
                }
            }
        },
        {
            "header": {
                "seq": 0,
                "stamp": {
                    "secs": 1687318004,
                    "nsecs": 613812967
                },
                "frame_id": "polhemus_base_0"
            },
            "child_frame_id": "polhemus_station_3",
            "transform": {
                "translation": {
                    "x": 0.12290464341640472,
                    "y": 0.04451384022831917,
                    "z": 0.04116278141736984
                },
                "rotation": {
                    "x": -0.22216477990150452,
                    "y": -0.34964245557785034,
                    "z": -0.0956188216805458,
                    "w": 0.9051241278648376
                }
            }
        },
        {
            "header": {
                "seq": 0,
                "stamp": {
                    "secs": 1687318004,
                    "nsecs": 613812967
                },
                "frame_id": "polhemus_base_0"
            },
            "child_frame_id": "polhemus_station_4",
            "transform": {
                "translation": {
                    "x": 0.13751401007175446,
                    "y": 0.06177668273448944,
                    "z": 0.0462598018348217
                },
                "rotation": {
                    "x": 0.4099884033203125,
                    "y": 0.24608972668647766,
                    "z": 0.2173011600971222,
                    "w": -0.8509580492973328
                }
            }
        },
        {
            "header": {
                "seq": 0,
                "stamp": {
                    "secs": 1687318004,
                    "nsecs": 613812967
                },
                "frame_id": "polhemus_base_0"
            },
            "child_frame_id": "polhemus_station_5",
            "transform": {
                "translation": {
                    "x": 0.18836577236652374,
                    "y": 0.052857451140880585,
                    "z": 0.009499131701886654
                },
                "rotation": {
                    "x": 0.27834534645080566,
                    "y": -0.30651581287384033,
                    "z": 0.08125995099544525,
                    "w": -0.9066249132156372
                }
            }
        }
    ]
}