{
    "transforms": [
        {
            "header": {
                "seq": 0,
                "stamp": {
                    "secs": 1687318004,
                    "nsecs": 23579978
                },
                "frame_id": "ra_base"
            },
            "child_frame_id": "ra_tool0_controller",
            "transform": {
                "translation": {
                    "x": -0.676074939772677,
                    "y": -0.09154190187594088,
                    "z": 0.6376437819441612
                },
                "rotation": {
                    "x": -0.5028062394364832,
                    "y": -0.505320369532412,
                    "z": 0.49625436943831214,
                    "w": 0.49554899912395306
                }
            }
        }
    ]
}