{
    "transforms": [
        {
            "header": {
                "seq": 0,
                "stamp": {
                    "secs": 1687318020,
                    "nsecs": 38796816
                },
                "frame_id": "polhemus_base_0"
            },
            "child_frame_id": "polhemus_station_0",
            "transform": {
                "translation": {
                    "x": 0.04554252326488495,
                    "y": -0.07034489512443542,
                    "z": 0.1414177417755127
                },
                "rotation": {
                    "x": -0.24400795996189117,
                    "y": -0.5855624675750732,
                    "z": -0.1481522023677826,
                    "w": 0.7587012052536011
                }
            }
        },
        {
            "header": {
                "seq": 0,
                "stamp": {
                    "secs": 1687318020,
                    "nsecs": 38796816
                },
                "frame_id": "polhemus_base_0"
            },
            "child_frame_id": "polhemus_station_1",
            "transform": {
                "translation": {
                    "x": 0.13559621572494507,
                    "y": -0.024041712284088135,
                    "z": 0.0507979616522789
                },
                "rotation": {
                    "x": 0.08819130808115005,
                    "y": -0.285675048828125,
                    "z": 0.10293146222829819,
                    "w": 0.948692262172699
                }
            }
        },
        {
            "header": {
                "seq": 0,
                "stamp": {
                    "secs": 1687318020,
                    "nsecs": 38796816
                },
                "frame_id": "polhemus_base_0"
            },
            "child_frame_id": "polhemus_station_2",
            "transform": {
                "translation": {
                    "x": 0.14406082034111023,
                    "y": -0.013329189270734787,
                    "z": 0.06146974861621857
                },
                "rotation": {
                    "x": 0.030440662056207657,
                    "y": -0.41300028562545776,
                    "z": -0.139214426279068,
                    "w": 0.8995130062103271
                }
            }
        },
        {
            "header": {
                "seq": 0,
                "stamp": {
                    "secs": 1687318020,
                    "nsecs": 38796816
                },
                "frame_id": "polhemus_base_0"
            },
            "child_frame_id": "polhemus_station_3",
            "transform": {
                "translation": {
                    "x": 0.12330647557973862,
                    "y": 0.04448043927550316,
                    "z": 0.040471430867910385
                },
                "rotation": {
                    "x": -0.220703586935997,
                    "y": -0.345836877822876,
                    "z": -0.09640879929065704,
                    "w": 0.9068581461906433
                }
            }
        },
        {
            "header": {
                "seq": 0,
                "stamp": {
                    "secs": 1687318020,
                    "nsecs": 38796816
                },
                "frame_id": "polhemus_base_0"
            },
            "child_frame_id": "polhemus_station_4",
            "transform": {
                "translation": {
                    "x": 0.13812986016273499,
                    "y": 0.06148257851600647,
                    "z": 0.045500122010707855
                },
                "rotation": {
                    "x": 0.4194694757461548,
                    "y": 0.2456052005290985,
                    "z": 0.21947552263736725,
                    "w": -0.8459042310714722
                }
            }
        },
        {
            "header": {
                "seq": 0,
                "stamp": {
                    "secs": 1687318020,
                    "nsecs": 38796816
                },
                "frame_id": "polhemus_base_0"
            },
            "child_frame_id": "polhemus_station_5",
            "transform": {
                "translation": {
                    "x": 0.1883164495229721,
                    "y": 0.05207653343677521,
                    "z": 0.009402147494256496
                },
                "rotation": {
                    "x": 0.2822798490524292,
                    "y": -0.30549708008766174,
                    "z": 0.08614760637283325,
                    "w": -0.9053001403808594
                }
            }
        }
    ]
}