{
    "transforms": [
        {
            "header": {
                "seq": 0,
                "stamp": {
                    "secs": 1687318000,
                    "nsecs": 935579978
                },
                "frame_id": "ra_base"
            },
            "child_frame_id": "ra_tool0_controller",
            "transform": {
                "translation": {
                    "x": -0.6760708103242362,
                    "y": -0.09155224081653646,
                    "z": 0.63762501581076
                },
                "rotation": {
                    "x": -0.5028082069021605,
                    "y": -0.5053255198552506,
                    "z": 0.49625514583350544,
                    "w": 0.4955409733701353
                }
            }
        }
    ]
}