{
    "transforms": [
        {
            "header": {
                "seq": 0,
                "stamp": {
                    "secs": 1687318023,
                    "nsecs": 15184906
                },
                "frame_id": "ra_base"
            },
            "child_frame_id": "ra_tool0_controller",
            "transform": {
                "translation": {
                    "x": -0.6728562921473976,
                    "y": -0.7293809758976648,
                    "z": 0.6299782095494998
                },
                "rotation": {
                    "x": -0.4907322638473608,
                    "y": -0.502144338885697,
                    "z": 0.5050246368232204,
                    "w": 0.5019791074794498
                }
            }
        }
    ]
}