{
    "transforms": [
        {
            "header": {
                "seq": 0,
                "stamp": {
                    "secs": 1687318021,
                    "nsecs": 295184906
                },
                "frame_id": "ra_base"
            },
            "child_frame_id": "ra_tool0_controller",
            "transform": {
                "translation": {
                    "x": -0.6728441505814063,
                    "y": -0.7293891262697944,
                    "z": 0.6299165393679135
                },
                "rotation": {
                    "x": -0.49074287231192704,
                    "y": -0.5021764805196802,
                    "z": 0.5049945904882759,
                    "w": 0.5019668109202893
                }
            }
        }
    ]
}