{
    "transforms": [
        {
            "header": {
                "seq": 0,
                "stamp": {
                    "secs": 1687318014,
                    "nsecs": 817184906
                },
                "frame_id": "ra_base"
            },
            "child_frame_id": "ra_tool0_controller",
            "transform": {
                "translation": {
                    "x": -0.6728451351363266,
                    "y": -0.7293888102749161,
                    "z": 0.6299591035794503
                },
                "rotation": {
                    "x": -0.49072673708573067,
                    "y": -0.5021589514799997,
                    "z": 0.5050237556528028,
                    "w": 0.50197077921333
                }
            }
        }
    ]
}