{
    "transforms": [
        {
            "header": {
                "seq": 0,
                "stamp": {
                    "secs": 1687318002,
                    "nsecs": 127579978
                },
                "frame_id": "ra_base"
            },
            "child_frame_id": "ra_tool0_controller",
            "transform": {
                "translation": {
                    "x": -0.6760778584910256,
                    "y": -0.0915269281149071,
                    "z": 0.6376416017112434
                },
                "rotation": {
                    "x": -0.5028166605020948,
                    "y": -0.5053116039012445,
                    "z": 0.4962364036833071,
                    "w": 0.49556535446268896
                }
            }
        }
    ]
}