{
    "transforms": [
        {
            "header": {
                "seq": 0,
                "stamp": {
                    "secs": 1687318013,
                    "nsecs": 205184906
                },
                "frame_id": "ra_base"
            },
            "child_frame_id": "ra_tool0_controller",
            "transform": {
                "translation": {
                    "x": -0.6728321994499994,
                    "y": -0.7294152271677171,
                    "z": 0.6299305092523134
                },
                "rotation": {
                    "x": -0.4907269419038197,
                    "y": -0.502178803702799,
                    "z": 0.5050081212974542,
                    "w": 0.50196644810681
                }
            }
        }
    ]
}