{
    "transforms": [
        {
            "header": {
                "seq": 0,
                "stamp": {
                    "secs": 1687318025,
                    "nsecs": 379184906
                },
                "frame_id": "ra_base"
            },
            "child_frame_id": "ra_tool0_controller",
            "transform": {
                "translation": {
                    "x": -0.6728475045113509,
                    "y": -0.7293876594459984,
                    "z": 0.6299456679078076
                },
                "rotation": {
                    "x": -0.49074638852459174,
                    "y": -0.5021470890650129,
                    "z": 0.5050045628996559,
                    "w": 0.5019827432732444
                }
            }
        }
    ]
}