{
    "transforms": [
        {
            "header": {
                "seq": 0,
                "stamp": {
                    "secs": 1687318007,
                    "nsecs": 425184906
                },
                "frame_id": "ra_base"
            },
            "child_frame_id": "ra_tool0_controller",
            "transform": {
                "translation": {
                    "x": -0.6761804835061174,
                    "y": -0.09176275421612753,
                    "z": 0.6377172576268861
                },
                "rotation": {
                    "x": -0.502759975297539,
                    "y": -0.5053147558258011,
                    "z": 0.4962745327872818,
                    "w": 0.49558146947832316
                }
            }
        }
    ]
}