{
    "transforms": [
        {
            "header": {
                "seq": 0,
                "stamp": {
                    "secs": 1687318020,
                    "nsecs": 537184906
                },
                "frame_id": "ra_base"
            },
            "child_frame_id": "ra_tool0_controller",
            "transform": {
                "translation": {
                    "x": -0.6728441641913966,
                    "y": -0.7293906585175463,
                    "z": 0.6299634594045729
                },
                "rotation": {
                    "x": -0.49073454075204315,
                    "y": -0.5021493889579076,
                    "z": 0.5050275089054608,
                    "w": 0.5019689402052939
                }
            }
        }
    ]
}