{
    "transforms": [
        {
            "header": {
                "seq": 0,
                "stamp": {
                    "secs": 1687317999,
                    "nsecs": 989579978
                },
                "frame_id": "ra_base"
            },
            "child_frame_id": "ra_tool0_controller",
            "transform": {
                "translation": {
                    "x": -0.6760778617564559,
                    "y": -0.0915493508858427,
                    "z": 0.6376498763111025
                },
                "rotation": {
                    "x": -0.5027934432093727,
                    "y": -0.5053160649308149,
                    "z": 0.49625682998377735,
                    "w": 0.49556390776866704
                }
            }
        }
    ]
}