{
    "transforms": [
        {
            "header": {
                "seq": 0,
                "stamp": {
                    "secs": 1687318014,
                    "nsecs": 449184906
                },
                "frame_id": "ra_base"
            },
            "child_frame_id": "ra_tool0_controller",
            "transform": {
                "translation": {
                    "x": -0.6728368342030304,
                    "y": -0.7294007483344586,
                    "z": 0.629925113471011
                },
                "rotation": {
                    "x": -0.4907359283217541,
                    "y": -0.5021604680034628,
                    "z": 0.5050084627777185,
                    "w": 0.5019756623100518
                }
            }
        }
    ]
}