{
    "transforms": [
        {
            "header": {
                "seq": 0,
                "stamp": {
                    "secs": 1687318021,
                    "nsecs": 755184906
                },
                "frame_id": "ra_base"
            },
            "child_frame_id": "ra_tool0_controller",
            "transform": {
                "translation": {
                    "x": -0.6728388274785932,
                    "y": -0.7293858975896196,
                    "z": 0.6299637589208388
                },
                "rotation": {
                    "x": -0.4907365589781913,
                    "y": -0.5021462713464343,
                    "z": 0.5050306780554819,
                    "w": 0.5019668973925844
                }
            }
        }
    ]
}