{
    "transforms": [
        {
            "header": {
                "seq": 0,
                "stamp": {
                    "secs": 1687318002,
                    "nsecs": 147579978
                },
                "frame_id": "ra_base"
            },
            "child_frame_id": "ra_tool0_controller",
            "transform": {
                "translation": {
                    "x": -0.676075557771008,
                    "y": -0.09153819386261104,
                    "z": 0.6376325236838826
                },
                "rotation": {
                    "x": -0.5028110839757913,
                    "y": -0.5053187895032838,
                    "z": 0.49624037584282704,
                    "w": 0.49555970799631743
                }
            }
        }
    ]
}