{
    "transforms": [
        {
            "header": {
                "seq": 0,
                "stamp": {
                    "secs": 1687318004,
                    "nsecs": 347579978
                },
                "frame_id": "ra_base"
            },
            "child_frame_id": "ra_tool0_controller",
            "transform": {
                "translation": {
                    "x": -0.6760705613366703,
                    "y": -0.09154032678094784,
                    "z": 0.637625557545992
                },
                "rotation": {
                    "x": -0.502818557526279,
                    "y": -0.5053211411580226,
                    "z": 0.4962360731951648,
                    "w": 0.4955540355660409
                }
            }
        }
    ]
}