{
    "transforms": [
        {
            "header": {
                "seq": 0,
                "stamp": {
                    "secs": 1687317999,
                    "nsecs": 755480800
                },
                "frame_id": "polhemus_base_0"
            },
            "child_frame_id": "polhemus_station_0",
            "transform": {
                "translation": {
                    "x": 0.04722888022661209,
                    "y": -0.07205044478178024,
                    "z": 0.14038003981113434
                },
                "rotation": {
                    "x": -0.23465204238891602,
                    "y": -0.5789738893508911,
                    "z": -0.14957687258720398,
                    "w": 0.7663904428482056
                }
            }
        },
        {
            "header": {
                "seq": 0,
                "stamp": {
                    "secs": 1687317999,
                    "nsecs": 755480800
                },
                "frame_id": "polhemus_base_0"
            },
            "child_frame_id": "polhemus_station_1",
            "transform": {
                "translation": {
                    "x": 0.13541007041931152,
                    "y": -0.02387692965567112,
                    "z": 0.0509694442152977
                },
                "rotation": {
                    "x": 0.08597436547279358,
                    "y": -0.28735053539276123,
                    "z": 0.10340635478496552,
                    "w": 0.9483381509780884
                }
            }
        },
        {
            "header": {
                "seq": 0,
                "stamp": {
                    "secs": 1687317999,
                    "nsecs": 755480800
                },
                "frame_id": "polhemus_base_0"
            },
            "child_frame_id": "polhemus_station_2",
            "transform": {
                "translation": {
                    "x": 0.14388497173786163,
                    "y": -0.013120532035827637,
                    "z": 0.061569347977638245
                },
                "rotation": {
                    "x": 0.029576579108834267,
                    "y": -0.41440239548683167,
                    "z": -0.13939635455608368,
                    "w": 0.8988685011863708
                }
            }
        },
        {
            "header": {
                "seq": 0,
                "stamp": {
                    "secs": 1687317999,
                    "nsecs": 755480800
                },
                "frame_id": "polhemus_base_0"
            },
            "child_frame_id": "polhemus_station_3",
            "transform": {
                "translation": {
                    "x": 0.12254025787115097,
                    "y": 0.04507444426417351,
                    "z": 0.04204091057181358
                },
                "rotation": {
                    "x": -0.22251799702644348,
                    "y": -0.3532717227935791,
                    "z": -0.09329474717378616,
                    "w": 0.9038698673248291
                }
            }
        },
        {
            "header": {
                "seq": 0,
                "stamp": {
                    "secs": 1687317999,
                    "nsecs": 755480800
                },
                "frame_id": "polhemus_base_0"
            },
            "child_frame_id": "polhemus_station_4",
            "transform": {
                "translation": {
                    "x": 0.13666769862174988,
                    "y": 0.06258554756641388,
                    "z": 0.04700804874300957
                },
                "rotation": {
                    "x": 0.4028380811214447,
                    "y": 0.25085392594337463,
                    "z": 0.2118798941373825,
                    "w": -0.8543422818183899
                }
            }
        },
        {
            "header": {
                "seq": 0,
                "stamp": {
                    "secs": 1687317999,
                    "nsecs": 755480800
                },
                "frame_id": "polhemus_base_0"
            },
            "child_frame_id": "polhemus_station_5",
            "transform": {
                "translation": {
                    "x": 0.18841759860515594,
                    "y": 0.05366692319512367,
                    "z": 0.009559509344398975
                },
                "rotation": {
                    "x": 0.2763090431690216,
                    "y": -0.30574774742126465,
                    "z": 0.07743290066719055,
                    "w": -0.9078413248062134
                }
            }
        }
    ]
}