{
    "transforms": [
        {
            "header": {
                "seq": 0,
                "stamp": {
                    "secs": 1687318002,
                    "nsecs": 688856210
                },
                "frame_id": "polhemus_base_0"
            },
            "child_frame_id": "polhemus_station_0",
            "transform": {
                "translation": {
                    "x": 0.04718587175011635,
                    "y": -0.07188504189252853,
                    "z": 0.14047333598136902
                },
                "rotation": {
                    "x": -0.23635762929916382,
                    "y": -0.5788925886154175,
                    "z": -0.14967209100723267,
                    "w": 0.7659090161323547
                }
            }
        },
        {
            "header": {
                "seq": 0,
                "stamp": {
                    "secs": 1687318002,
                    "nsecs": 688856210
                },
                "frame_id": "polhemus_base_0"
            },
            "child_frame_id": "polhemus_station_1",
            "transform": {
                "translation": {
                    "x": 0.1354951411485672,
                    "y": -0.024019107222557068,
                    "z": 0.05089150741696358
                },
                "rotation": {
                    "x": 0.08684556931257248,
                    "y": -0.2867284417152405,
                    "z": 0.10271834582090378,
                    "w": 0.9485216736793518
                }
            }
        },
        {
            "header": {
                "seq": 0,
                "stamp": {
                    "secs": 1687318002,
                    "nsecs": 688856210
                },
                "frame_id": "polhemus_base_0"
            },
            "child_frame_id": "polhemus_station_2",
            "transform": {
                "translation": {
                    "x": 0.1439831256866455,
                    "y": -0.013313857838511467,
                    "z": 0.06152318790555
                },
                "rotation": {
                    "x": 0.03046576678752899,
                    "y": -0.41379326581954956,
                    "z": -0.14017893373966217,
                    "w": 0.8989977836608887
                }
            }
        },
        {
            "header": {
                "seq": 0,
                "stamp": {
                    "secs": 1687318002,
                    "nsecs": 688856210
                },
                "frame_id": "polhemus_base_0"
            },
            "child_frame_id": "polhemus_station_3",
            "transform": {
                "translation": {
                    "x": 0.1227286085486412,
                    "y": 0.044664934277534485,
                    "z": 0.04170837253332138
                },
                "rotation": {
                    "x": -0.22316625714302063,
                    "y": -0.35178178548812866,
                    "z": -0.09620468318462372,
                    "w": 0.9039860367774963
                }
            }
        },
        {
            "header": {
                "seq": 0,
                "stamp": {
                    "secs": 1687318002,
                    "nsecs": 688856210
                },
                "frame_id": "polhemus_base_0"
            },
            "child_frame_id": "polhemus_station_4",
            "transform": {
                "translation": {
                    "x": 0.1369824856519699,
                    "y": 0.06214846298098564,
                    "z": 0.04671483114361763
                },
                "rotation": {
                    "x": 0.40558990836143494,
                    "y": 0.24944090843200684,
                    "z": 0.214451864361763,
                    "w": -0.852810800075531
                }
            }
        },
        {
            "header": {
                "seq": 0,
                "stamp": {
                    "secs": 1687318002,
                    "nsecs": 688856210
                },
                "frame_id": "polhemus_base_0"
            },
            "child_frame_id": "polhemus_station_5",
            "transform": {
                "translation": {
                    "x": 0.1883779615163803,
                    "y": 0.05338409170508385,
                    "z": 0.009635266847908497
                },
                "rotation": {
                    "x": 0.2765366733074188,
                    "y": -0.30565428733825684,
                    "z": 0.07876087725162506,
                    "w": -0.907689094543457
                }
            }
        }
    ]
}