{
    "transforms": [
        {
            "header": {
                "seq": 0,
                "stamp": {
                    "secs": 1687318025,
                    "nsecs": 122160658
                },
                "frame_id": "polhemus_base_0"
            },
            "child_frame_id": "polhemus_station_0",
            "transform": {
                "translation": {
                    "x": 0.045277081429958344,
                    "y": -0.07004908472299576,
                    "z": 0.14159730076789856
                },
                "rotation": {
                    "x": -0.24553662538528442,
                    "y": -0.5864700675010681,
                    "z": -0.14792829751968384,
                    "w": 0.7575499415397644
                }
            }
        },
        {
            "header": {
                "seq": 0,
                "stamp": {
                    "secs": 1687318025,
                    "nsecs": 122160658
                },
                "frame_id": "polhemus_base_0"
            },
            "child_frame_id": "polhemus_station_1",
            "transform": {
                "translation": {
                    "x": 0.13559147715568542,
                    "y": -0.023987067863345146,
                    "z": 0.05083617940545082
                },
                "rotation": {
                    "x": 0.08841033279895782,
                    "y": -0.2857092022895813,
                    "z": 0.10324519872665405,
                    "w": 0.9486275911331177
                }
            }
        },
        {
            "header": {
                "seq": 0,
                "stamp": {
                    "secs": 1687318025,
                    "nsecs": 122160658
                },
                "frame_id": "polhemus_base_0"
            },
            "child_frame_id": "polhemus_station_2",
            "transform": {
                "translation": {
                    "x": 0.14406628906726837,
                    "y": -0.013242047280073166,
                    "z": 0.06148430332541466
                },
                "rotation": {
                    "x": 0.03024570271372795,
                    "y": -0.41282525658607483,
                    "z": -0.1384424865245819,
                    "w": 0.8997190594673157
                }
            }
        },
        {
            "header": {
                "seq": 0,
                "stamp": {
                    "secs": 1687318025,
                    "nsecs": 122160658
                },
                "frame_id": "polhemus_base_0"
            },
            "child_frame_id": "polhemus_station_3",
            "transform": {
                "translation": {
                    "x": 0.1234055757522583,
                    "y": 0.044513311237096786,
                    "z": 0.040374454110860825
                },
                "rotation": {
                    "x": -0.22210846841335297,
                    "y": -0.34517258405685425,
                    "z": -0.09703543782234192,
                    "w": 0.9067014455795288
                }
            }
        },
        {
            "header": {
                "seq": 0,
                "stamp": {
                    "secs": 1687318025,
                    "nsecs": 122160658
                },
                "frame_id": "polhemus_base_0"
            },
            "child_frame_id": "polhemus_station_4",
            "transform": {
                "translation": {
                    "x": 0.1382768303155899,
                    "y": 0.06149909645318985,
                    "z": 0.045364465564489365
                },
                "rotation": {
                    "x": 0.42268285155296326,
                    "y": 0.24561244249343872,
                    "z": 0.2202250212430954,
                    "w": -0.8441057801246643
                }
            }
        },
        {
            "header": {
                "seq": 0,
                "stamp": {
                    "secs": 1687318025,
                    "nsecs": 122160658
                },
                "frame_id": "polhemus_base_0"
            },
            "child_frame_id": "polhemus_station_5",
            "transform": {
                "translation": {
                    "x": 0.1883324384689331,
                    "y": 0.0518939383327961,
                    "z": 0.009245774708688259
                },
                "rotation": {
                    "x": 0.28339651226997375,
                    "y": -0.306006520986557,
                    "z": 0.08697684109210968,
                    "w": -0.9046996235847473
                }
            }
        }
    ]
}