{
    "transforms": [
        {
            "header": {
                "seq": 0,
                "stamp": {
                    "secs": 1687318017,
                    "nsecs": 447184906
                },
                "frame_id": "ra_base"
            },
            "child_frame_id": "ra_tool0_controller",
            "transform": {
                "translation": {
                    "x": -0.6728396106196773,
                    "y": -0.7294004600481798,
                    "z": 0.6299303094307358
                },
                "rotation": {
                    "x": -0.4907464539617988,
                    "y": -0.5021526999190105,
                    "z": 0.5050224971236489,
                    "w": 0.5019590235138349
                }
            }
        }
    ]
}