{
    "transforms": [
        {
            "header": {
                "seq": 0,
                "stamp": {
                    "secs": 1687318002,
                    "nsecs": 405493968
                },
                "frame_id": "polhemus_base_0"
            },
            "child_frame_id": "polhemus_station_0",
            "transform": {
                "translation": {
                    "x": 0.04718974605202675,
                    "y": -0.07189717143774033,
                    "z": 0.140466570854187
                },
                "rotation": {
                    "x": -0.23600874841213226,
                    "y": -0.5789971351623535,
                    "z": -0.14958105981349945,
                    "w": 0.76595538854599
                }
            }
        },
        {
            "header": {
                "seq": 0,
                "stamp": {
                    "secs": 1687318002,
                    "nsecs": 405493968
                },
                "frame_id": "polhemus_base_0"
            },
            "child_frame_id": "polhemus_station_1",
            "transform": {
                "translation": {
                    "x": 0.1354759931564331,
                    "y": -0.024003518745303154,
                    "z": 0.050907641649246216
                },
                "rotation": {
                    "x": 0.08657334744930267,
                    "y": -0.2868701219558716,
                    "z": 0.10280230641365051,
                    "w": 0.9484947323799133
                }
            }
        },
        {
            "header": {
                "seq": 0,
                "stamp": {
                    "secs": 1687318002,
                    "nsecs": 405493968
                },
                "frame_id": "polhemus_base_0"
            },
            "child_frame_id": "polhemus_station_2",
            "transform": {
                "translation": {
                    "x": 0.14397090673446655,
                    "y": -0.013257864862680435,
                    "z": 0.061518143862485886
                },
                "rotation": {
                    "x": 0.030255205929279327,
                    "y": -0.41391634941101074,
                    "z": -0.13995258510112762,
                    "w": 0.8989834785461426
                }
            }
        },
        {
            "header": {
                "seq": 0,
                "stamp": {
                    "secs": 1687318002,
                    "nsecs": 405493968
                },
                "frame_id": "polhemus_base_0"
            },
            "child_frame_id": "polhemus_station_3",
            "transform": {
                "translation": {
                    "x": 0.12268108129501343,
                    "y": 0.04477629065513611,
                    "z": 0.041833072900772095
                },
                "rotation": {
                    "x": -0.22333724796772003,
                    "y": -0.3522331118583679,
                    "z": -0.09574989974498749,
                    "w": 0.9038163423538208
                }
            }
        },
        {
            "header": {
                "seq": 0,
                "stamp": {
                    "secs": 1687318002,
                    "nsecs": 405493968
                },
                "frame_id": "polhemus_base_0"
            },
            "child_frame_id": "polhemus_station_4",
            "transform": {
                "translation": {
                    "x": 0.1368938535451889,
                    "y": 0.06225655600428581,
                    "z": 0.04683550447225571
                },
                "rotation": {
                    "x": 0.40452054142951965,
                    "y": 0.24994927644729614,
                    "z": 0.21387891471385956,
                    "w": -0.8533137440681458
                }
            }
        },
        {
            "header": {
                "seq": 0,
                "stamp": {
                    "secs": 1687318002,
                    "nsecs": 405493968
                },
                "frame_id": "polhemus_base_0"
            },
            "child_frame_id": "polhemus_station_5",
            "transform": {
                "translation": {
                    "x": 0.1884160339832306,
                    "y": 0.05340326577425003,
                    "z": 0.009665597230196
                },
                "rotation": {
                    "x": 0.27634498476982117,
                    "y": -0.30545589327812195,
                    "z": 0.07884098589420319,
                    "w": -0.907807469367981
                }
            }
        }
    ]
}