{
    "transforms": [
        {
            "header": {
                "seq": 0,
                "stamp": {
                    "secs": 1687318005,
                    "nsecs": 209184906
                },
                "frame_id": "ra_base"
            },
            "child_frame_id": "ra_tool0_controller",
            "transform": {
                "translation": {
                    "x": -0.6760694041325477,
                    "y": -0.09153707359041141,
                    "z": 0.6376257712493777
                },
                "rotation": {
                    "x": -0.502813915397324,
                    "y": -0.5053255556303776,
                    "z": 0.49624501740950244,
                    "w": 0.49554528754282934
                }
            }
        }
    ]
}