{
    "transforms": [
        {
            "header": {
                "seq": 0,
                "stamp": {
                    "secs": 1687318020,
                    "nsecs": 105184906
                },
                "frame_id": "ra_base"
            },
            "child_frame_id": "ra_tool0_controller",
            "transform": {
                "translation": {
                    "x": -0.6728267782004652,
                    "y": -0.7293937613392583,
                    "z": 0.6299702060600114
                },
                "rotation": {
                    "x": -0.4907260956901998,
                    "y": -0.5021579088142883,
                    "z": 0.5050184258657598,
                    "w": 0.5019778114219631
                }
            }
        }
    ]
}