{
    "transforms": [
        {
            "header": {
                "seq": 0,
                "stamp": {
                    "secs": 1687318020,
                    "nsecs": 91184906
                },
                "frame_id": "ra_base"
            },
            "child_frame_id": "ra_tool0_controller",
            "transform": {
                "translation": {
                    "x": -0.6728446729313226,
                    "y": -0.7293892129129169,
                    "z": 0.6299491493476707
                },
                "rotation": {
                    "x": -0.49074268968196794,
                    "y": -0.5021434232368129,
                    "z": 0.5050255854716812,
                    "w": 0.5019688765677695
                }
            }
        }
    ]
}