{
    "transforms": [
        {
            "header": {
                "seq": 0,
                "stamp": {
                    "secs": 1687318023,
                    "nsecs": 33184906
                },
                "frame_id": "ra_base"
            },
            "child_frame_id": "ra_tool0_controller",
            "transform": {
                "translation": {
                    "x": -0.6728432420226552,
                    "y": -0.729391639005857,
                    "z": 0.6299477819868781
                },
                "rotation": {
                    "x": -0.4907252639428335,
                    "y": -0.5021662057085231,
                    "z": 0.5050183622124526,
                    "w": 0.5019703885696785
                }
            }
        }
    ]
}