{
    "transforms": [
        {
            "header": {
                "seq": 0,
                "stamp": {
                    "secs": 1687318002,
                    "nsecs": 291579978
                },
                "frame_id": "ra_base"
            },
            "child_frame_id": "ra_tool0_controller",
            "transform": {
                "translation": {
                    "x": -0.6760759956589937,
                    "y": -0.09153201084878089,
                    "z": 0.6376355124748164
                },
                "rotation": {
                    "x": -0.5028112226540138,
                    "y": -0.5053135327948709,
                    "z": 0.4962473505646244,
                    "w": 0.4955579431359499
                }
            }
        }
    ]
}