{
    "transforms": [
        {
            "header": {
                "seq": 0,
                "stamp": {
                    "secs": 1687318013,
                    "nsecs": 73184906
                },
                "frame_id": "ra_base"
            },
            "child_frame_id": "ra_tool0_controller",
            "transform": {
                "translation": {
                    "x": -0.6728489509802452,
                    "y": -0.7293894669290601,
                    "z": 0.6299429226968961
                },
                "rotation": {
                    "x": -0.49073844551325013,
                    "y": -0.5021645299769741,
                    "z": 0.5050071623003538,
                    "w": 0.501970446294986
                }
            }
        }
    ]
}