{
    "transforms": [
        {
            "header": {
                "seq": 0,
                "stamp": {
                    "secs": 1687318005,
                    "nsecs": 885184906
                },
                "frame_id": "ra_base"
            },
            "child_frame_id": "ra_tool0_controller",
            "transform": {
                "translation": {
                    "x": -0.6760659947184793,
                    "y": -0.09154361020891923,
                    "z": 0.6376459684722647
                },
                "rotation": {
                    "x": -0.5028122411669488,
                    "y": -0.5053125199517875,
                    "z": 0.49625591829719823,
                    "w": 0.4955493626952304
                }
            }
        }
    ]
}