{
    "transforms": [
        {
            "header": {
                "seq": 0,
                "stamp": {
                    "secs": 1687318009,
                    "nsecs": 389184906
                },
                "frame_id": "ra_base"
            },
            "child_frame_id": "ra_tool0_controller",
            "transform": {
                "translation": {
                    "x": -0.7573441344416538,
                    "y": -0.2964592867204413,
                    "z": 0.660960332899516
                },
                "rotation": {
                    "x": -0.4962082643950084,
                    "y": -0.5054024554588871,
                    "z": 0.4983810681472882,
                    "w": 0.49996202583255195
                }
            }
        }
    ]
}