{
    "transforms": [
        {
            "header": {
                "seq": 0,
                "stamp": {
                    "secs": 1687318024,
                    "nsecs": 507184906
                },
                "frame_id": "ra_base"
            },
            "child_frame_id": "ra_tool0_controller",
            "transform": {
                "translation": {
                    "x": -0.6728488484326643,
                    "y": -0.7293743174987449,
                    "z": 0.6299557912019188
                },
                "rotation": {
                    "x": -0.4907417823688907,
                    "y": -0.5021484411096396,
                    "z": 0.5050209098937409,
                    "w": 0.5019694479733415
                }
            }
        }
    ]
}