{
    "transforms": [
        {
            "header": {
                "seq": 0,
                "stamp": {
                    "secs": 1687318001,
                    "nsecs": 272152141
                },
                "frame_id": "polhemus_base_0"
            },
            "child_frame_id": "polhemus_station_0",
            "transform": {
                "translation": {
                    "x": 0.047219689935445786,
                    "y": -0.07197356969118118,
                    "z": 0.14041534066200256
                },
                "rotation": {
                    "x": -0.23508578538894653,
                    "y": -0.5790348052978516,
                    "z": -0.14938366413116455,
                    "w": 0.7662491798400879
                }
            }
        },
        {
            "header": {
                "seq": 0,
                "stamp": {
                    "secs": 1687318001,
                    "nsecs": 272152141
                },
                "frame_id": "polhemus_base_0"
            },
            "child_frame_id": "polhemus_station_1",
            "transform": {
                "translation": {
                    "x": 0.1354256123304367,
                    "y": -0.023892180994153023,
                    "z": 0.050949349999427795
                },
                "rotation": {
                    "x": 0.0861475020647049,
                    "y": -0.2871878743171692,
                    "z": 0.1033196970820427,
                    "w": 0.9483811259269714
                }
            }
        },
        {
            "header": {
                "seq": 0,
                "stamp": {
                    "secs": 1687318001,
                    "nsecs": 272152141
                },
                "frame_id": "polhemus_base_0"
            },
            "child_frame_id": "polhemus_station_2",
            "transform": {
                "translation": {
                    "x": 0.14389801025390625,
                    "y": -0.01310971099883318,
                    "z": 0.061558302491903305
                },
                "rotation": {
                    "x": 0.029887031763792038,
                    "y": -0.4143792688846588,
                    "z": -0.1391749083995819,
                    "w": 0.8989033102989197
                }
            }
        },
        {
            "header": {
                "seq": 0,
                "stamp": {
                    "secs": 1687318001,
                    "nsecs": 272152141
                },
                "frame_id": "polhemus_base_0"
            },
            "child_frame_id": "polhemus_station_3",
            "transform": {
                "translation": {
                    "x": 0.12257751822471619,
                    "y": 0.04501079022884369,
                    "z": 0.04198126867413521
                },
                "rotation": {
                    "x": -0.22266767919063568,
                    "y": -0.35285133123397827,
                    "z": -0.09384629130363464,
                    "w": 0.9039400815963745
                }
            }
        },
        {
            "header": {
                "seq": 0,
                "stamp": {
                    "secs": 1687318001,
                    "nsecs": 272152141
                },
                "frame_id": "polhemus_base_0"
            },
            "child_frame_id": "polhemus_station_4",
            "transform": {
                "translation": {
                    "x": 0.13670702278614044,
                    "y": 0.06254597753286362,
                    "z": 0.04696863144636154
                },
                "rotation": {
                    "x": 0.40342429280281067,
                    "y": 0.25083306431770325,
                    "z": 0.21218961477279663,
                    "w": -0.8539947867393494
                }
            }
        },
        {
            "header": {
                "seq": 0,
                "stamp": {
                    "secs": 1687318001,
                    "nsecs": 272152141
                },
                "frame_id": "polhemus_base_0"
            },
            "child_frame_id": "polhemus_station_5",
            "transform": {
                "translation": {
                    "x": 0.18840041756629944,
                    "y": 0.053616464138031006,
                    "z": 0.009578035213053226
                },
                "rotation": {
                    "x": 0.2764478027820587,
                    "y": -0.3055742383003235,
                    "z": 0.07778987288475037,
                    "w": -0.9078269600868225
                }
            }
        }
    ]
}