{
    "transforms": [
        {
            "header": {
                "seq": 0,
                "stamp": {
                    "secs": 1687318026,
                    "nsecs": 295184906
                },
                "frame_id": "ra_base"
            },
            "child_frame_id": "ra_tool0_controller",
            "transform": {
                "translation": {
                    "x": -0.6728451846743166,
                    "y": -0.7293892604579384,
                    "z": 0.6299687901094742
                },
                "rotation": {
                    "x": -0.4907375076859693,
                    "y": -0.5021411815001942,
                    "z": 0.5050258036195405,
                    "w": 0.5019759656300186
                }
            }
        }
    ]
}