{
    "transforms": [
        {
            "header": {
                "seq": 0,
                "stamp": {
                    "secs": 1687318019,
                    "nsecs": 172114342
                },
                "frame_id": "polhemus_base_0"
            },
            "child_frame_id": "polhemus_station_0",
            "transform": {
                "translation": {
                    "x": 0.045623939484357834,
                    "y": -0.0704483836889267,
                    "z": 0.1413806527853012
                },
                "rotation": {
                    "x": -0.24372711777687073,
                    "y": -0.585138738155365,
                    "z": -0.1485622227191925,
                    "w": 0.7590381503105164
                }
            }
        },
        {
            "header": {
                "seq": 0,
                "stamp": {
                    "secs": 1687318019,
                    "nsecs": 172114342
                },
                "frame_id": "polhemus_base_0"
            },
            "child_frame_id": "polhemus_station_1",
            "transform": {
                "translation": {
                    "x": 0.1355908364057541,
                    "y": -0.02406197413802147,
                    "z": 0.05080322548747063
                },
                "rotation": {
                    "x": 0.088070809841156,
                    "y": -0.28577083349227905,
                    "z": 0.1027853786945343,
                    "w": 0.9486904144287109
                }
            }
        },
        {
            "header": {
                "seq": 0,
                "stamp": {
                    "secs": 1687318019,
                    "nsecs": 172114342
                },
                "frame_id": "polhemus_base_0"
            },
            "child_frame_id": "polhemus_station_2",
            "transform": {
                "translation": {
                    "x": 0.14407870173454285,
                    "y": -0.013371317647397518,
                    "z": 0.06144009903073311
                },
                "rotation": {
                    "x": 0.030244477093219757,
                    "y": -0.4128265678882599,
                    "z": -0.1395832598209381,
                    "w": 0.8995422124862671
                }
            }
        },
        {
            "header": {
                "seq": 0,
                "stamp": {
                    "secs": 1687318019,
                    "nsecs": 172114342
                },
                "frame_id": "polhemus_base_0"
            },
            "child_frame_id": "polhemus_station_3",
            "transform": {
                "translation": {
                    "x": 0.1232851892709732,
                    "y": 0.04445788264274597,
                    "z": 0.04050882160663605
                },
                "rotation": {
                    "x": -0.22032476961612701,
                    "y": -0.3459959626197815,
                    "z": -0.09630788117647171,
                    "w": 0.9069004058837891
                }
            }
        },
        {
            "header": {
                "seq": 0,
                "stamp": {
                    "secs": 1687318019,
                    "nsecs": 172114342
                },
                "frame_id": "polhemus_base_0"
            },
            "child_frame_id": "polhemus_station_4",
            "transform": {
                "translation": {
                    "x": 0.13809503614902496,
                    "y": 0.061481013894081116,
                    "z": 0.045528020709753036
                },
                "rotation": {
                    "x": 0.41888996958732605,
                    "y": 0.2454272210597992,
                    "z": 0.21957172453403473,
                    "w": -0.846217930316925
                }
            }
        },
        {
            "header": {
                "seq": 0,
                "stamp": {
                    "secs": 1687318019,
                    "nsecs": 172114342
                },
                "frame_id": "polhemus_base_0"
            },
            "child_frame_id": "polhemus_station_5",
            "transform": {
                "translation": {
                    "x": 0.1883206069469452,
                    "y": 0.05208005756139755,
                    "z": 0.00936447735875845
                },
                "rotation": {
                    "x": 0.2820667326450348,
                    "y": -0.30588528513908386,
                    "z": 0.08596773445606232,
                    "w": -0.9052523970603943
                }
            }
        }
    ]
}