{
    "transforms": [
        {
            "header": {
                "seq": 0,
                "stamp": {
                    "secs": 1687318012,
                    "nsecs": 849184906
                },
                "frame_id": "ra_base"
            },
            "child_frame_id": "ra_tool0_controller",
            "transform": {
                "translation": {
                    "x": -0.6728446053873971,
                    "y": -0.7293887646370657,
                    "z": 0.6299095598787707
                },
                "rotation": {
                    "x": -0.4907667837412489,
                    "y": -0.502156623210631,
                    "z": 0.5049858107121499,
                    "w": 0.5019721314190255
                }
            }
        }
    ]
}