{
    "transforms": [
        {
            "header": {
                "seq": 0,
                "stamp": {
                    "secs": 1687318006,
                    "nsecs": 169142069
                },
                "frame_id": "polhemus_base_0"
            },
            "child_frame_id": "rh_user_forearm",
            "transform": {
                "translation": {
                    "x": -0.188354954123497,
                    "y": 0.05279906094074249,
                    "z": 0.009574588388204575
                },
                "rotation": {
                    "x": -0.27776174729177683,
                    "y": -0.3060349114915167,
                    "z": 0.08164159657256333,
                    "w": 0.9069320230308783
                }
            }
        }
    ]
}