{
    "transforms": [
        {
            "header": {
                "seq": 0,
                "stamp": {
                    "secs": 1687318024,
                    "nsecs": 855518528
                },
                "frame_id": "polhemus_base_0"
            },
            "child_frame_id": "polhemus_station_0",
            "transform": {
                "translation": {
                    "x": 0.04527983069419861,
                    "y": -0.07006558775901794,
                    "z": 0.14158876240253448
                },
                "rotation": {
                    "x": -0.24546344578266144,
                    "y": -0.5864710211753845,
                    "z": -0.14800521731376648,
                    "w": 0.75755774974823
                }
            }
        },
        {
            "header": {
                "seq": 0,
                "stamp": {
                    "secs": 1687318024,
                    "nsecs": 855518528
                },
                "frame_id": "polhemus_base_0"
            },
            "child_frame_id": "polhemus_station_1",
            "transform": {
                "translation": {
                    "x": 0.13558529317378998,
                    "y": -0.02398431859910488,
                    "z": 0.05085265263915062
                },
                "rotation": {
                    "x": 0.08834032714366913,
                    "y": -0.28582823276519775,
                    "z": 0.10326387733221054,
                    "w": 0.9485961198806763
                }
            }
        },
        {
            "header": {
                "seq": 0,
                "stamp": {
                    "secs": 1687318024,
                    "nsecs": 855518528
                },
                "frame_id": "polhemus_base_0"
            },
            "child_frame_id": "polhemus_station_2",
            "transform": {
                "translation": {
                    "x": 0.14406095445156097,
                    "y": -0.013255137018859386,
                    "z": 0.06148838996887207
                },
                "rotation": {
                    "x": 0.03032873570919037,
                    "y": -0.4128555953502655,
                    "z": -0.13851729035377502,
                    "w": 0.8996908068656921
                }
            }
        },
        {
            "header": {
                "seq": 0,
                "stamp": {
                    "secs": 1687318024,
                    "nsecs": 855518528
                },
                "frame_id": "polhemus_base_0"
            },
            "child_frame_id": "polhemus_station_3",
            "transform": {
                "translation": {
                    "x": 0.12340495735406876,
                    "y": 0.04451672360301018,
                    "z": 0.040370672941207886
                },
                "rotation": {
                    "x": -0.2221420407295227,
                    "y": -0.34513819217681885,
                    "z": -0.09700316190719604,
                    "w": 0.9067098498344421
                }
            }
        },
        {
            "header": {
                "seq": 0,
                "stamp": {
                    "secs": 1687318024,
                    "nsecs": 855518528
                },
                "frame_id": "polhemus_base_0"
            },
            "child_frame_id": "polhemus_station_4",
            "transform": {
                "translation": {
                    "x": 0.13827714323997498,
                    "y": 0.06149023398756981,
                    "z": 0.04537016525864601
                },
                "rotation": {
                    "x": 0.42250844836235046,
                    "y": 0.24552735686302185,
                    "z": 0.22029419243335724,
                    "w": -0.8441997766494751
                }
            }
        },
        {
            "header": {
                "seq": 0,
                "stamp": {
                    "secs": 1687318024,
                    "nsecs": 855518528
                },
                "frame_id": "polhemus_base_0"
            },
            "child_frame_id": "polhemus_station_5",
            "transform": {
                "translation": {
                    "x": 0.1883196383714676,
                    "y": 0.0519060455262661,
                    "z": 0.009246015921235085
                },
                "rotation": {
                    "x": 0.28345823287963867,
                    "y": -0.305922269821167,
                    "z": 0.08694140613079071,
                    "w": -0.9047121405601501
                }
            }
        }
    ]
}