{
    "transforms": [
        {
            "header": {
                "seq": 0,
                "stamp": {
                    "secs": 1687318020,
                    "nsecs": 323184906
                },
                "frame_id": "ra_base"
            },
            "child_frame_id": "ra_tool0_controller",
            "transform": {
                "translation": {
                    "x": -0.6728465998182158,
                    "y": -0.7293952114158303,
                    "z": 0.6299381714949952
                },
                "rotation": {
                    "x": -0.490751047644734,
                    "y": -0.5021425230582722,
                    "z": 0.5050266162329212,
                    "w": 0.5019605688384243
                }
            }
        }
    ]
}