{
    "transforms": [
        {
            "header": {
                "seq": 0,
                "stamp": {
                    "secs": 1687318018,
                    "nsecs": 463791370
                },
                "frame_id": "polhemus_base_0"
            },
            "child_frame_id": "polhemus_station_0",
            "transform": {
                "translation": {
                    "x": 0.04595009237527847,
                    "y": -0.07054608315229416,
                    "z": 0.14132024347782135
                },
                "rotation": {
                    "x": -0.24318349361419678,
                    "y": -0.5836874842643738,
                    "z": -0.14860177040100098,
                    "w": 0.7603211402893066
                }
            }
        },
        {
            "header": {
                "seq": 0,
                "stamp": {
                    "secs": 1687318018,
                    "nsecs": 463791370
                },
                "frame_id": "polhemus_base_0"
            },
            "child_frame_id": "polhemus_station_1",
            "transform": {
                "translation": {
                    "x": 0.1355934590101242,
                    "y": -0.024081140756607056,
                    "z": 0.05077861621975899
                },
                "rotation": {
                    "x": 0.08822423964738846,
                    "y": -0.28575512766838074,
                    "z": 0.10270987451076508,
                    "w": 0.9486890435218811
                }
            }
        },
        {
            "header": {
                "seq": 0,
                "stamp": {
                    "secs": 1687318018,
                    "nsecs": 463791370
                },
                "frame_id": "polhemus_base_0"
            },
            "child_frame_id": "polhemus_station_2",
            "transform": {
                "translation": {
                    "x": 0.14408285915851593,
                    "y": -0.013371599838137627,
                    "z": 0.061421703547239304
                },
                "rotation": {
                    "x": 0.03033304214477539,
                    "y": -0.4127741754055023,
                    "z": -0.13954724371433258,
                    "w": 0.8995688557624817
                }
            }
        },
        {
            "header": {
                "seq": 0,
                "stamp": {
                    "secs": 1687318018,
                    "nsecs": 463791370
                },
                "frame_id": "polhemus_base_0"
            },
            "child_frame_id": "polhemus_station_3",
            "transform": {
                "translation": {
                    "x": 0.12328021973371506,
                    "y": 0.04444504901766777,
                    "z": 0.04052294045686722
                },
                "rotation": {
                    "x": -0.22011403739452362,
                    "y": -0.3459740877151489,
                    "z": -0.09632134437561035,
                    "w": 0.9069584608078003
                }
            }
        },
        {
            "header": {
                "seq": 0,
                "stamp": {
                    "secs": 1687318018,
                    "nsecs": 463791370
                },
                "frame_id": "polhemus_base_0"
            },
            "child_frame_id": "polhemus_station_4",
            "transform": {
                "translation": {
                    "x": 0.13808628916740417,
                    "y": 0.0614645853638649,
                    "z": 0.045569147914648056
                },
                "rotation": {
                    "x": 0.41837379336357117,
                    "y": 0.24526211619377136,
                    "z": 0.21962222456932068,
                    "w": -0.8465080857276917
                }
            }
        },
        {
            "header": {
                "seq": 0,
                "stamp": {
                    "secs": 1687318018,
                    "nsecs": 463791370
                },
                "frame_id": "polhemus_base_0"
            },
            "child_frame_id": "polhemus_station_5",
            "transform": {
                "translation": {
                    "x": 0.18831917643547058,
                    "y": 0.05211452767252922,
                    "z": 0.009337786585092545
                },
                "rotation": {
                    "x": 0.28177526593208313,
                    "y": -0.30602946877479553,
                    "z": 0.08560498058795929,
                    "w": -0.9053289294242859
                }
            }
        }
    ]
}