{
    "transforms": [
        {
            "header": {
                "seq": 0,
                "stamp": {
                    "secs": 1687318021,
                    "nsecs": 439184906
                },
                "frame_id": "ra_base"
            },
            "child_frame_id": "ra_tool0_controller",
            "transform": {
                "translation": {
                    "x": -0.6728444168469281,
                    "y": -0.7293904288528508,
                    "z": 0.6299515000684119
                },
                "rotation": {
                    "x": -0.49073804859720394,
                    "y": -0.5021533186115593,
                    "z": 0.5050218205279047,
                    "w": 0.5019673027768711
                }
            }
        }
    ]
}