{
    "transforms": [
        {
            "header": {
                "seq": 0,
                "stamp": {
                    "secs": 1687317998,
                    "nsecs": 815579978
                },
                "frame_id": "ra_base"
            },
            "child_frame_id": "ra_tool0_controller",
            "transform": {
                "translation": {
                    "x": -0.6760834102239397,
                    "y": -0.09154936159677857,
                    "z": 0.6376296430456607
                },
                "rotation": {
                    "x": -0.5028081363987928,
                    "y": -0.50531332752742,
                    "z": 0.4962551475482693,
                    "w": 0.49555347595005805
                }
            }
        }
    ]
}