{
    "transforms": [
        {
            "header": {
                "seq": 0,
                "stamp": {
                    "secs": 1687318021,
                    "nsecs": 547184906
                },
                "frame_id": "ra_base"
            },
            "child_frame_id": "ra_tool0_controller",
            "transform": {
                "translation": {
                    "x": -0.672851322659459,
                    "y": -0.7293975699621392,
                    "z": 0.6299422999897915
                },
                "rotation": {
                    "x": -0.4907366239337356,
                    "y": -0.5021519844049829,
                    "z": 0.5050273258684741,
                    "w": 0.5019644913879816
                }
            }
        }
    ]
}