{
    "transforms": [
        {
            "header": {
                "seq": 0,
                "stamp": {
                    "secs": 1687318010,
                    "nsecs": 971184906
                },
                "frame_id": "ra_base"
            },
            "child_frame_id": "ra_tool0_controller",
            "transform": {
                "translation": {
                    "x": -0.7420171083600688,
                    "y": -0.5652619493222285,
                    "z": 0.6512108219567355
                },
                "rotation": {
                    "x": -0.4918693880501466,
                    "y": -0.5034900117417042,
                    "z": 0.5024074940056306,
                    "w": 0.5021444245856914
                }
            }
        }
    ]
}