{
    "transforms": [
        {
            "header": {
                "seq": 0,
                "stamp": {
                    "secs": 1687318016,
                    "nsecs": 75184906
                },
                "frame_id": "ra_base"
            },
            "child_frame_id": "ra_tool0_controller",
            "transform": {
                "translation": {
                    "x": -0.6728451182813362,
                    "y": -0.7293721016515209,
                    "z": 0.6299873325540413
                },
                "rotation": {
                    "x": -0.49073646947124305,
                    "y": -0.5021493089650649,
                    "z": 0.5050239096586131,
                    "w": 0.5019707558313896
                }
            }
        }
    ]
}