{
    "transforms": [
        {
            "header": {
                "seq": 0,
                "stamp": {
                    "secs": 1687318022,
                    "nsecs": 509184906
                },
                "frame_id": "ra_base"
            },
            "child_frame_id": "ra_tool0_controller",
            "transform": {
                "translation": {
                    "x": -0.6728481196662172,
                    "y": -0.7293922755239468,
                    "z": 0.6299393962301245
                },
                "rotation": {
                    "x": -0.4907346332801858,
                    "y": -0.5021625447597692,
                    "z": 0.5050063593041887,
                    "w": 0.50197696700355
                }
            }
        }
    ]
}