{
    "transforms": [
        {
            "header": {
                "seq": 0,
                "stamp": {
                    "secs": 1687318021,
                    "nsecs": 983184906
                },
                "frame_id": "ra_base"
            },
            "child_frame_id": "ra_tool0_controller",
            "transform": {
                "translation": {
                    "x": -0.6728274395648071,
                    "y": -0.7293920662844873,
                    "z": 0.6299434044335989
                },
                "rotation": {
                    "x": -0.49074500293176243,
                    "y": -0.5021615125966318,
                    "z": 0.5050057449056329,
                    "w": 0.501968480062717
                }
            }
        }
    ]
}