{
    "transforms": [
        {
            "header": {
                "seq": 0,
                "stamp": {
                    "secs": 1687318016,
                    "nsecs": 817184906
                },
                "frame_id": "ra_base"
            },
            "child_frame_id": "ra_tool0_controller",
            "transform": {
                "translation": {
                    "x": -0.6728466386141438,
                    "y": -0.7293724661282562,
                    "z": 0.6299559561984907
                },
                "rotation": {
                    "x": -0.49074323431957995,
                    "y": -0.5021554640147862,
                    "z": 0.5050138947757559,
                    "w": 0.5019680607499591
                }
            }
        }
    ]
}