{
    "transforms": [
        {
            "header": {
                "seq": 0,
                "stamp": {
                    "secs": 1687318020,
                    "nsecs": 245184906
                },
                "frame_id": "ra_base"
            },
            "child_frame_id": "ra_tool0_controller",
            "transform": {
                "translation": {
                    "x": -0.6728370923714687,
                    "y": -0.7293819704738772,
                    "z": 0.6299389518286013
                },
                "rotation": {
                    "x": -0.49073789049776784,
                    "y": -0.5021760108796299,
                    "z": 0.5049911386677141,
                    "w": 0.501975623704885
                }
            }
        }
    ]
}