{
    "transforms": [
        {
            "header": {
                "seq": 0,
                "stamp": {
                    "secs": 1687317998,
                    "nsecs": 973579978
                },
                "frame_id": "ra_base"
            },
            "child_frame_id": "ra_tool0_controller",
            "transform": {
                "translation": {
                    "x": -0.6760692399273938,
                    "y": -0.09155059713781084,
                    "z": 0.637622288315543
                },
                "rotation": {
                    "x": -0.5028221246977531,
                    "y": -0.5053251117496801,
                    "z": 0.49623948065841,
                    "w": 0.49554295493476863
                }
            }
        }
    ]
}