{
    "transforms": [
        {
            "header": {
                "seq": 0,
                "stamp": {
                    "secs": 1687318022,
                    "nsecs": 519184906
                },
                "frame_id": "ra_base"
            },
            "child_frame_id": "ra_tool0_controller",
            "transform": {
                "translation": {
                    "x": -0.6728434746088772,
                    "y": -0.7293863281747448,
                    "z": 0.629957458256771
                },
                "rotation": {
                    "x": -0.49075373636973924,
                    "y": -0.5021353382206348,
                    "z": 0.5050261146275854,
                    "w": 0.5019656321834736
                }
            }
        }
    ]
}