{
    "transforms": [
        {
            "header": {
                "seq": 0,
                "stamp": {
                    "secs": 1687317999,
                    "nsecs": 837579978
                },
                "frame_id": "ra_base"
            },
            "child_frame_id": "ra_tool0_controller",
            "transform": {
                "translation": {
                    "x": -0.676079145302538,
                    "y": -0.09153683117539872,
                    "z": 0.637654398678398
                },
                "rotation": {
                    "x": -0.5028139253709586,
                    "y": -0.505297302797424,
                    "z": 0.4962582000356627,
                    "w": 0.4955608853976076
                }
            }
        }
    ]
}