{
    "transforms": [
        {
            "header": {
                "seq": 0,
                "stamp": {
                    "secs": 1687317999,
                    "nsecs": 88872418
                },
                "frame_id": "polhemus_base_0"
            },
            "child_frame_id": "polhemus_station_0",
            "transform": {
                "translation": {
                    "x": 0.0472082756459713,
                    "y": -0.07204599678516388,
                    "z": 0.14038293063640594
                },
                "rotation": {
                    "x": -0.23462149500846863,
                    "y": -0.5791109204292297,
                    "z": -0.1494867354631424,
                    "w": 0.7663138508796692
                }
            }
        },
        {
            "header": {
                "seq": 0,
                "stamp": {
                    "secs": 1687317999,
                    "nsecs": 88872418
                },
                "frame_id": "polhemus_base_0"
            },
            "child_frame_id": "polhemus_station_1",
            "transform": {
                "translation": {
                    "x": 0.13540363311767578,
                    "y": -0.023882819339632988,
                    "z": 0.05097843334078789
                },
                "rotation": {
                    "x": 0.08589127659797668,
                    "y": -0.28736796975135803,
                    "z": 0.10333871841430664,
                    "w": 0.9483477473258972
                }
            }
        },
        {
            "header": {
                "seq": 0,
                "stamp": {
                    "secs": 1687317999,
                    "nsecs": 88872418
                },
                "frame_id": "polhemus_base_0"
            },
            "child_frame_id": "polhemus_station_2",
            "transform": {
                "translation": {
                    "x": 0.1438719928264618,
                    "y": -0.013119135051965714,
                    "z": 0.061594098806381226
                },
                "rotation": {
                    "x": 0.029447298496961594,
                    "y": -0.4146653711795807,
                    "z": -0.1394059658050537,
                    "w": 0.8987501263618469
                }
            }
        },
        {
            "header": {
                "seq": 0,
                "stamp": {
                    "secs": 1687317999,
                    "nsecs": 88872418
                },
                "frame_id": "polhemus_base_0"
            },
            "child_frame_id": "polhemus_station_3",
            "transform": {
                "translation": {
                    "x": 0.12254166603088379,
                    "y": 0.045066311955451965,
                    "z": 0.0420658253133297
                },
                "rotation": {
                    "x": -0.22252914309501648,
                    "y": -0.3533060550689697,
                    "z": -0.09338261187076569,
                    "w": 0.9038445353507996
                }
            }
        },
        {
            "header": {
                "seq": 0,
                "stamp": {
                    "secs": 1687317999,
                    "nsecs": 88872418
                },
                "frame_id": "polhemus_base_0"
            },
            "child_frame_id": "polhemus_station_4",
            "transform": {
                "translation": {
                    "x": 0.13664057850837708,
                    "y": 0.06260517984628677,
                    "z": 0.04705416038632393
                },
                "rotation": {
                    "x": 0.4026050567626953,
                    "y": 0.2510019540786743,
                    "z": 0.21182632446289062,
                    "w": -0.854421854019165
                }
            }
        },
        {
            "header": {
                "seq": 0,
                "stamp": {
                    "secs": 1687317999,
                    "nsecs": 88872418
                },
                "frame_id": "polhemus_base_0"
            },
            "child_frame_id": "polhemus_station_5",
            "transform": {
                "translation": {
                    "x": 0.188436821103096,
                    "y": 0.05363128334283829,
                    "z": 0.009677373804152012
                },
                "rotation": {
                    "x": 0.2759476602077484,
                    "y": -0.3051542043685913,
                    "z": 0.07788415253162384,
                    "w": -0.9081123471260071
                }
            }
        }
    ]
}