{
    "transforms": [
        {
            "header": {
                "seq": 0,
                "stamp": {
                    "secs": 1687318005,
                    "nsecs": 641184906
                },
                "frame_id": "ra_base"
            },
            "child_frame_id": "ra_tool0_controller",
            "transform": {
                "translation": {
                    "x": -0.6760708516062995,
                    "y": -0.09155222741928827,
                    "z": 0.6376332880504735
                },
                "rotation": {
                    "x": -0.5027987602307417,
                    "y": -0.5053367856196481,
                    "z": 0.4962439753280501,
                    "w": 0.49555025654381885
                }
            }
        }
    ]
}