{
    "transforms": [
        {
            "header": {
                "seq": 0,
                "stamp": {
                    "secs": 1687318024,
                    "nsecs": 847184906
                },
                "frame_id": "ra_base"
            },
            "child_frame_id": "ra_tool0_controller",
            "transform": {
                "translation": {
                    "x": -0.6728380961282112,
                    "y": -0.7293968417091959,
                    "z": 0.6299122315819634
                },
                "rotation": {
                    "x": -0.4907536036528002,
                    "y": -0.502151741586627,
                    "z": 0.5050140232710224,
                    "w": 0.5019615176713479
                }
            }
        }
    ]
}