{
    "transforms": [
        {
            "header": {
                "seq": 0,
                "stamp": {
                    "secs": 1687318007,
                    "nsecs": 219184906
                },
                "frame_id": "ra_base"
            },
            "child_frame_id": "ra_tool0_controller",
            "transform": {
                "translation": {
                    "x": -0.6760724597080419,
                    "y": -0.09154223408291579,
                    "z": 0.6376355697136175
                },
                "rotation": {
                    "x": -0.5028066373287907,
                    "y": -0.5053273039385355,
                    "z": 0.4962394575957651,
                    "w": 0.4955564570030197
                }
            }
        }
    ]
}