{
    "transforms": [
        {
            "header": {
                "seq": 0,
                "stamp": {
                    "secs": 1687318017,
                    "nsecs": 153184906
                },
                "frame_id": "ra_base"
            },
            "child_frame_id": "ra_tool0_controller",
            "transform": {
                "translation": {
                    "x": -0.6728529519413836,
                    "y": -0.7293921031879494,
                    "z": 0.6299461321032053
                },
                "rotation": {
                    "x": -0.49073785806706166,
                    "y": -0.502148168184933,
                    "z": 0.505019027057689,
                    "w": 0.5019754517483639
                }
            }
        }
    ]
}