{
    "transforms": [
        {
            "header": {
                "seq": 0,
                "stamp": {
                    "secs": 1687318015,
                    "nsecs": 781184906
                },
                "frame_id": "ra_base"
            },
            "child_frame_id": "ra_tool0_controller",
            "transform": {
                "translation": {
                    "x": -0.6728453489081136,
                    "y": -0.7293912881527497,
                    "z": 0.6299852631196959
                },
                "rotation": {
                    "x": -0.4907375841250819,
                    "y": -0.5021307354438328,
                    "z": 0.5050441611548863,
                    "w": 0.5019678708175167
                }
            }
        }
    ]
}