{
    "transforms": [
        {
            "header": {
                "seq": 0,
                "stamp": {
                    "secs": 1687318021,
                    "nsecs": 73184906
                },
                "frame_id": "ra_base"
            },
            "child_frame_id": "ra_tool0_controller",
            "transform": {
                "translation": {
                    "x": -0.6728345983875257,
                    "y": -0.7293802118982188,
                    "z": 0.6299742093686336
                },
                "rotation": {
                    "x": -0.4907386307404529,
                    "y": -0.5021584991755167,
                    "z": 0.5050103750451337,
                    "w": 0.5019730661116704
                }
            }
        }
    ]
}