{
    "transforms": [
        {
            "header": {
                "seq": 0,
                "stamp": {
                    "secs": 1687318002,
                    "nsecs": 269579978
                },
                "frame_id": "ra_base"
            },
            "child_frame_id": "ra_tool0_controller",
            "transform": {
                "translation": {
                    "x": -0.6760772472568078,
                    "y": -0.09154118508822348,
                    "z": 0.6376816832111623
                },
                "rotation": {
                    "x": -0.5027830213046596,
                    "y": -0.5053033627482488,
                    "z": 0.4962699891365487,
                    "w": 0.495574255753343
                }
            }
        }
    ]
}