{
    "transforms": [
        {
            "header": {
                "seq": 0,
                "stamp": {
                    "secs": 1687318015,
                    "nsecs": 813184906
                },
                "frame_id": "ra_base"
            },
            "child_frame_id": "ra_tool0_controller",
            "transform": {
                "translation": {
                    "x": -0.6728444682024614,
                    "y": -0.7293950424618939,
                    "z": 0.6299500882403076
                },
                "rotation": {
                    "x": -0.49073489184668845,
                    "y": -0.502163879421101,
                    "z": 0.5050129523162137,
                    "w": 0.5019687461603868
                }
            }
        }
    ]
}