{
    "transforms": [
        {
            "header": {
                "seq": 0,
                "stamp": {
                    "secs": 1687318000,
                    "nsecs": 637579978
                },
                "frame_id": "ra_base"
            },
            "child_frame_id": "ra_tool0_controller",
            "transform": {
                "translation": {
                    "x": -0.676086078055832,
                    "y": -0.09153663702563791,
                    "z": 0.6376331239109765
                },
                "rotation": {
                    "x": -0.5028150443134054,
                    "y": -0.5053118178270839,
                    "z": 0.49624730966855135,
                    "w": 0.49555585520011886
                }
            }
        }
    ]
}