{
    "transforms": [
        {
            "header": {
                "seq": 0,
                "stamp": {
                    "secs": 1687318000,
                    "nsecs": 857579978
                },
                "frame_id": "ra_base"
            },
            "child_frame_id": "ra_tool0_controller",
            "transform": {
                "translation": {
                    "x": -0.6760806373975606,
                    "y": -0.09154327911251472,
                    "z": 0.6376257488561997
                },
                "rotation": {
                    "x": -0.502810045277031,
                    "y": -0.5053283576334539,
                    "z": 0.4962480763820566,
                    "w": 0.49554329379691414
                }
            }
        }
    ]
}