{
    "transforms": [
        {
            "header": {
                "seq": 0,
                "stamp": {
                    "secs": 1687318020,
                    "nsecs": 145184906
                },
                "frame_id": "ra_base"
            },
            "child_frame_id": "ra_tool0_controller",
            "transform": {
                "translation": {
                    "x": -0.6728348171785515,
                    "y": -0.729398056095586,
                    "z": 0.629925200727089
                },
                "rotation": {
                    "x": -0.49073186790986845,
                    "y": -0.5021873169075827,
                    "z": 0.5049958001275434,
                    "w": 0.5019655111742208
                }
            }
        }
    ]
}