{
    "transforms": [
        {
            "header": {
                "seq": 0,
                "stamp": {
                    "secs": 1687318021,
                    "nsecs": 772112117
                },
                "frame_id": "polhemus_base_0"
            },
            "child_frame_id": "polhemus_station_0",
            "transform": {
                "translation": {
                    "x": 0.045459866523742676,
                    "y": -0.07021313905715942,
                    "z": 0.1414857655763626
                },
                "rotation": {
                    "x": -0.24467310309410095,
                    "y": -0.5858178734779358,
                    "z": -0.1478990614414215,
                    "w": 0.7583392262458801
                }
            }
        },
        {
            "header": {
                "seq": 0,
                "stamp": {
                    "secs": 1687318021,
                    "nsecs": 772112117
                },
                "frame_id": "polhemus_base_0"
            },
            "child_frame_id": "polhemus_station_1",
            "transform": {
                "translation": {
                    "x": 0.13558639585971832,
                    "y": -0.023978445678949356,
                    "z": 0.05081623047590256
                },
                "rotation": {
                    "x": 0.08828497678041458,
                    "y": -0.2856859564781189,
                    "z": 0.10331276804208755,
                    "w": 0.9486387968063354
                }
            }
        },
        {
            "header": {
                "seq": 0,
                "stamp": {
                    "secs": 1687318021,
                    "nsecs": 772112117
                },
                "frame_id": "polhemus_base_0"
            },
            "child_frame_id": "polhemus_station_2",
            "transform": {
                "translation": {
                    "x": 0.1440504491329193,
                    "y": -0.013270272873342037,
                    "z": 0.06146887317299843
                },
                "rotation": {
                    "x": 0.030660342425107956,
                    "y": -0.4129084348678589,
                    "z": -0.13870379328727722,
                    "w": 0.8996265530586243
                }
            }
        },
        {
            "header": {
                "seq": 0,
                "stamp": {
                    "secs": 1687318021,
                    "nsecs": 772112117
                },
                "frame_id": "polhemus_base_0"
            },
            "child_frame_id": "polhemus_station_3",
            "transform": {
                "translation": {
                    "x": 0.12334484606981277,
                    "y": 0.04448876157402992,
                    "z": 0.04042821004986763
                },
                "rotation": {
                    "x": -0.22153419256210327,
                    "y": -0.3455677032470703,
                    "z": -0.0967719629406929,
                    "w": 0.9067196249961853
                }
            }
        },
        {
            "header": {
                "seq": 0,
                "stamp": {
                    "secs": 1687318021,
                    "nsecs": 772112117
                },
                "frame_id": "polhemus_base_0"
            },
            "child_frame_id": "polhemus_station_4",
            "transform": {
                "translation": {
                    "x": 0.13819143176078796,
                    "y": 0.061502497643232346,
                    "z": 0.0454251803457737
                },
                "rotation": {
                    "x": 0.4209718406200409,
                    "y": 0.2455367147922516,
                    "z": 0.21975745260715485,
                    "w": -0.8451040983200073
                }
            }
        },
        {
            "header": {
                "seq": 0,
                "stamp": {
                    "secs": 1687318021,
                    "nsecs": 772112117
                },
                "frame_id": "polhemus_base_0"
            },
            "child_frame_id": "polhemus_station_5",
            "transform": {
                "translation": {
                    "x": 0.18830755352973938,
                    "y": 0.05202759429812431,
                    "z": 0.009209709241986275
                },
                "rotation": {
                    "x": 0.2834019958972931,
                    "y": -0.30649200081825256,
                    "z": 0.08591191470623016,
                    "w": -0.9046353101730347
                }
            }
        }
    ]
}