{
    "transforms": [
        {
            "header": {
                "seq": 0,
                "stamp": {
                    "secs": 1687318018,
                    "nsecs": 455184906
                },
                "frame_id": "ra_base"
            },
            "child_frame_id": "ra_tool0_controller",
            "transform": {
                "translation": {
                    "x": -0.6728390113170314,
                    "y": -0.7293855873610232,
                    "z": 0.6299530050119915
                },
                "rotation": {
                    "x": -0.4907338976349444,
                    "y": -0.5021734705763728,
                    "z": 0.5050016405813441,
                    "w": 0.5019715033460045
                }
            }
        }
    ]
}