{
    "transforms": [
        {
            "header": {
                "seq": 0,
                "stamp": {
                    "secs": 1687318027,
                    "nsecs": 21184906
                },
                "frame_id": "ra_base"
            },
            "child_frame_id": "ra_tool0_controller",
            "transform": {
                "translation": {
                    "x": -0.6728437451086611,
                    "y": -0.729393044002872,
                    "z": 0.6299557066099205
                },
                "rotation": {
                    "x": -0.4907377315382073,
                    "y": -0.5021450578896991,
                    "z": 0.5050255615745535,
                    "w": 0.5019721126098462
                }
            }
        }
    ]
}