{
    "transforms": [
        {
            "header": {
                "seq": 0,
                "stamp": {
                    "secs": 1687318016,
                    "nsecs": 588791185
                },
                "frame_id": "polhemus_base_0"
            },
            "child_frame_id": "polhemus_station_0",
            "transform": {
                "translation": {
                    "x": 0.0459260456264019,
                    "y": -0.07059748470783234,
                    "z": 0.14128562808036804
                },
                "rotation": {
                    "x": -0.24272553622722626,
                    "y": -0.5840068459510803,
                    "z": -0.14844077825546265,
                    "w": 0.7602536082267761
                }
            }
        },
        {
            "header": {
                "seq": 0,
                "stamp": {
                    "secs": 1687318016,
                    "nsecs": 588791185
                },
                "frame_id": "polhemus_base_0"
            },
            "child_frame_id": "polhemus_station_1",
            "transform": {
                "translation": {
                    "x": 0.13556423783302307,
                    "y": -0.02408171445131302,
                    "z": 0.05080743879079819
                },
                "rotation": {
                    "x": 0.08800430595874786,
                    "y": -0.28598201274871826,
                    "z": 0.10275990515947342,
                    "w": 0.9486358165740967
                }
            }
        },
        {
            "header": {
                "seq": 0,
                "stamp": {
                    "secs": 1687318016,
                    "nsecs": 588791185
                },
                "frame_id": "polhemus_base_0"
            },
            "child_frame_id": "polhemus_station_2",
            "transform": {
                "translation": {
                    "x": 0.1440659463405609,
                    "y": -0.013377412222325802,
                    "z": 0.061428431421518326
                },
                "rotation": {
                    "x": 0.03038979321718216,
                    "y": -0.41292646527290344,
                    "z": -0.13972504436969757,
                    "w": 0.8994694352149963
                }
            }
        },
        {
            "header": {
                "seq": 0,
                "stamp": {
                    "secs": 1687318016,
                    "nsecs": 588791185
                },
                "frame_id": "polhemus_base_0"
            },
            "child_frame_id": "polhemus_station_3",
            "transform": {
                "translation": {
                    "x": 0.12322928756475449,
                    "y": 0.044455841183662415,
                    "z": 0.040601376444101334
                },
                "rotation": {
                    "x": -0.2199576050043106,
                    "y": -0.3464168906211853,
                    "z": -0.0961846336722374,
                    "w": 0.9068418741226196
                }
            }
        },
        {
            "header": {
                "seq": 0,
                "stamp": {
                    "secs": 1687318016,
                    "nsecs": 588791185
                },
                "frame_id": "polhemus_base_0"
            },
            "child_frame_id": "polhemus_station_4",
            "transform": {
                "translation": {
                    "x": 0.13802485167980194,
                    "y": 0.061501722782850266,
                    "z": 0.045644670724868774
                },
                "rotation": {
                    "x": 0.4171561896800995,
                    "y": 0.24536538124084473,
                    "z": 0.21925285458564758,
                    "w": -0.8471745252609253
                }
            }
        },
        {
            "header": {
                "seq": 0,
                "stamp": {
                    "secs": 1687318016,
                    "nsecs": 588791185
                },
                "frame_id": "polhemus_base_0"
            },
            "child_frame_id": "polhemus_station_5",
            "transform": {
                "translation": {
                    "x": 0.18835827708244324,
                    "y": 0.05220326408743858,
                    "z": 0.009332466870546341
                },
                "rotation": {
                    "x": 0.28141525387763977,
                    "y": -0.30615079402923584,
                    "z": 0.08492138981819153,
                    "w": -0.905464231967926
                }
            }
        }
    ]
}