{
    "transforms": [
        {
            "header": {
                "seq": 0,
                "stamp": {
                    "secs": 1687318010,
                    "nsecs": 49184906
                },
                "frame_id": "ra_base"
            },
            "child_frame_id": "ra_tool0_controller",
            "transform": {
                "translation": {
                    "x": -0.7655085305671785,
                    "y": -0.40406235253807926,
                    "z": 0.6609506580046417
                },
                "rotation": {
                    "x": -0.4940955520535733,
                    "y": -0.5047437098159463,
                    "z": 0.49985269378526004,
                    "w": 0.5012490971141291
                }
            }
        }
    ]
}