{
    "transforms": [
        {
            "header": {
                "seq": 0,
                "stamp": {
                    "secs": 1687318023,
                    "nsecs": 995184906
                },
                "frame_id": "ra_base"
            },
            "child_frame_id": "ra_tool0_controller",
            "transform": {
                "translation": {
                    "x": -0.6728579574133339,
                    "y": -0.7293800869305918,
                    "z": 0.6299378994992028
                },
                "rotation": {
                    "x": -0.4907486304082131,
                    "y": -0.5021551670951697,
                    "z": 0.5050043886743973,
                    "w": 0.5019726459994445
                }
            }
        }
    ]
}