{
    "transforms": [
        {
            "header": {
                "seq": 0,
                "stamp": {
                    "secs": 1687318005,
                    "nsecs": 588821927
                },
                "frame_id": "polhemus_base_0"
            },
            "child_frame_id": "polhemus_station_0",
            "transform": {
                "translation": {
                    "x": 0.046623148024082184,
                    "y": -0.07152295857667923,
                    "z": 0.14073307812213898
                },
                "rotation": {
                    "x": -0.23806466162204742,
                    "y": -0.5813018083572388,
                    "z": -0.14924900233745575,
                    "w": 0.7636348009109497
                }
            }
        },
        {
            "header": {
                "seq": 0,
                "stamp": {
                    "secs": 1687318005,
                    "nsecs": 588821927
                },
                "frame_id": "polhemus_base_0"
            },
            "child_frame_id": "polhemus_station_1",
            "transform": {
                "translation": {
                    "x": 0.13556984066963196,
                    "y": -0.02414628118276596,
                    "z": 0.05076069384813309
                },
                "rotation": {
                    "x": 0.08760851621627808,
                    "y": -0.28593283891677856,
                    "z": 0.10218364745378494,
                    "w": 0.9487494230270386
                }
            }
        },
        {
            "header": {
                "seq": 0,
                "stamp": {
                    "secs": 1687318005,
                    "nsecs": 588821927
                },
                "frame_id": "polhemus_base_0"
            },
            "child_frame_id": "polhemus_station_2",
            "transform": {
                "translation": {
                    "x": 0.1440630704164505,
                    "y": -0.013437791727483273,
                    "z": 0.061421237885951996
                },
                "rotation": {
                    "x": 0.0315842404961586,
                    "y": -0.4131295084953308,
                    "z": -0.14052614569664001,
                    "w": 0.8992100954055786
                }
            }
        },
        {
            "header": {
                "seq": 0,
                "stamp": {
                    "secs": 1687318005,
                    "nsecs": 588821927
                },
                "frame_id": "polhemus_base_0"
            },
            "child_frame_id": "polhemus_station_3",
            "transform": {
                "translation": {
                    "x": 0.12292458117008209,
                    "y": 0.044486045837402344,
                    "z": 0.041137367486953735
                },
                "rotation": {
                    "x": -0.22230710089206696,
                    "y": -0.3495124876499176,
                    "z": -0.09592793881893158,
                    "w": 0.9051066040992737
                }
            }
        },
        {
            "header": {
                "seq": 0,
                "stamp": {
                    "secs": 1687318005,
                    "nsecs": 588821927
                },
                "frame_id": "polhemus_base_0"
            },
            "child_frame_id": "polhemus_station_4",
            "transform": {
                "translation": {
                    "x": 0.13752415776252747,
                    "y": 0.061767615377902985,
                    "z": 0.04625079780817032
                },
                "rotation": {
                    "x": 0.41007092595100403,
                    "y": 0.24619826674461365,
                    "z": 0.21760466694831848,
                    "w": -0.8508092761039734
                }
            }
        },
        {
            "header": {
                "seq": 0,
                "stamp": {
                    "secs": 1687318005,
                    "nsecs": 588821927
                },
                "frame_id": "polhemus_base_0"
            },
            "child_frame_id": "polhemus_station_5",
            "transform": {
                "translation": {
                    "x": 0.1883680522441864,
                    "y": 0.052752088755369186,
                    "z": 0.009605000726878643
                },
                "rotation": {
                    "x": 0.2772310972213745,
                    "y": -0.3058859407901764,
                    "z": 0.08196794986724854,
                    "w": -0.9071151614189148
                }
            }
        }
    ]
}