{
    "transforms": [
        {
            "header": {
                "seq": 0,
                "stamp": {
                    "secs": 1687318000,
                    "nsecs": 544154629
                },
                "frame_id": "polhemus_base_0"
            },
            "child_frame_id": "rh_user_forearm",
            "transform": {
                "translation": {
                    "x": -0.18842355906963348,
                    "y": 0.05357958376407623,
                    "z": 0.009633813053369522
                },
                "rotation": {
                    "x": -0.276133450514758,
                    "y": -0.30541780881819036,
                    "z": 0.07796526029435949,
                    "w": 0.9079601851131698
                }
            }
        }
    ]
}