{
    "transforms": [
        {
            "header": {
                "seq": 0,
                "stamp": {
                    "secs": 1687318010,
                    "nsecs": 315184906
                },
                "frame_id": "ra_base"
            },
            "child_frame_id": "ra_tool0_controller",
            "transform": {
                "translation": {
                    "x": -0.7630986887856424,
                    "y": -0.4497087086345789,
                    "z": 0.6593141344808514
                },
                "rotation": {
                    "x": -0.493325795903627,
                    "y": -0.5044368431928833,
                    "z": 0.500575706533746,
                    "w": 0.5015945497649394
                }
            }
        }
    ]
}