{
    "transforms": [
        {
            "header": {
                "seq": 0,
                "stamp": {
                    "secs": 1687318018,
                    "nsecs": 775184906
                },
                "frame_id": "ra_base"
            },
            "child_frame_id": "ra_tool0_controller",
            "transform": {
                "translation": {
                    "x": -0.6728280020375178,
                    "y": -0.7294009450490364,
                    "z": 0.6299535863132
                },
                "rotation": {
                    "x": -0.49073056323350545,
                    "y": -0.5021651455954553,
                    "z": 0.5050193838548888,
                    "w": 0.5019652406177645
                }
            }
        }
    ]
}