{
    "transforms": [
        {
            "header": {
                "seq": 0,
                "stamp": {
                    "secs": 1687318025,
                    "nsecs": 587184906
                },
                "frame_id": "ra_base"
            },
            "child_frame_id": "ra_tool0_controller",
            "transform": {
                "translation": {
                    "x": -0.6728346242961412,
                    "y": -0.7293849547820122,
                    "z": 0.6299394251943592
                },
                "rotation": {
                    "x": -0.4907383459204679,
                    "y": -0.5021697362648094,
                    "z": 0.5050011100438018,
                    "w": 0.5019714241642675
                }
            }
        }
    ]
}