{
    "transforms": [
        {
            "header": {
                "seq": 0,
                "stamp": {
                    "secs": 1687318012,
                    "nsecs": 681184906
                },
                "frame_id": "ra_base"
            },
            "child_frame_id": "ra_tool0_controller",
            "transform": {
                "translation": {
                    "x": -0.6728045206099249,
                    "y": -0.7293561128533296,
                    "z": 0.629964971903948
                },
                "rotation": {
                    "x": -0.49077756447747,
                    "y": -0.5021326170869342,
                    "z": 0.5049873469285947,
                    "w": 0.5019840600108814
                }
            }
        }
    ]
}