{
    "transforms": [
        {
            "header": {
                "seq": 0,
                "stamp": {
                    "secs": 1687318025,
                    "nsecs": 463850410
                },
                "frame_id": "polhemus_base_0"
            },
            "child_frame_id": "polhemus_station_0",
            "transform": {
                "translation": {
                    "x": 0.04527611657977104,
                    "y": -0.07003634423017502,
                    "z": 0.14160415530204773
                },
                "rotation": {
                    "x": -0.24568481743335724,
                    "y": -0.5864203572273254,
                    "z": -0.1479826718568802,
                    "w": 0.7575296759605408
                }
            }
        },
        {
            "header": {
                "seq": 0,
                "stamp": {
                    "secs": 1687318025,
                    "nsecs": 463850410
                },
                "frame_id": "polhemus_base_0"
            },
            "child_frame_id": "polhemus_station_1",
            "transform": {
                "translation": {
                    "x": 0.13559028506278992,
                    "y": -0.023994363844394684,
                    "z": 0.05084104835987091
                },
                "rotation": {
                    "x": 0.08841131627559662,
                    "y": -0.2857031226158142,
                    "z": 0.10317938029766083,
                    "w": 0.9486364722251892
                }
            }
        },
        {
            "header": {
                "seq": 0,
                "stamp": {
                    "secs": 1687318025,
                    "nsecs": 463850410
                },
                "frame_id": "polhemus_base_0"
            },
            "child_frame_id": "polhemus_station_2",
            "transform": {
                "translation": {
                    "x": 0.14406314492225647,
                    "y": -0.013240768574178219,
                    "z": 0.061493247747421265
                },
                "rotation": {
                    "x": 0.030190439894795418,
                    "y": -0.41286271810531616,
                    "z": -0.13838885724544525,
                    "w": 0.8997119665145874
                }
            }
        },
        {
            "header": {
                "seq": 0,
                "stamp": {
                    "secs": 1687318025,
                    "nsecs": 463850410
                },
                "frame_id": "polhemus_base_0"
            },
            "child_frame_id": "polhemus_station_3",
            "transform": {
                "translation": {
                    "x": 0.12340877950191498,
                    "y": 0.04451354965567589,
                    "z": 0.0403694212436676
                },
                "rotation": {
                    "x": -0.22217634320259094,
                    "y": -0.34516048431396484,
                    "z": -0.09705036878585815,
                    "w": 0.9066877961158752
                }
            }
        },
        {
            "header": {
                "seq": 0,
                "stamp": {
                    "secs": 1687318025,
                    "nsecs": 463850410
                },
                "frame_id": "polhemus_base_0"
            },
            "child_frame_id": "polhemus_station_4",
            "transform": {
                "translation": {
                    "x": 0.13827773928642273,
                    "y": 0.06150219589471817,
                    "z": 0.04536478966474533
                },
                "rotation": {
                    "x": 0.42281877994537354,
                    "y": 0.24566388130187988,
                    "z": 0.22023417055606842,
                    "w": -0.844020426273346
                }
            }
        },
        {
            "header": {
                "seq": 0,
                "stamp": {
                    "secs": 1687318025,
                    "nsecs": 463850410
                },
                "frame_id": "polhemus_base_0"
            },
            "child_frame_id": "polhemus_station_5",
            "transform": {
                "translation": {
                    "x": 0.18832798302173615,
                    "y": 0.05185915157198906,
                    "z": 0.009296623058617115
                },
                "rotation": {
                    "x": 0.283438503742218,
                    "y": -0.3057958483695984,
                    "z": 0.08729438483715057,
                    "w": -0.9047271013259888
                }
            }
        }
    ]
}