{
    "transforms": [
        {
            "header": {
                "seq": 0,
                "stamp": {
                    "secs": 1687318010,
                    "nsecs": 413824848
                },
                "frame_id": "polhemus_base_0"
            },
            "child_frame_id": "polhemus_station_0",
            "transform": {
                "translation": {
                    "x": 0.04659368842840195,
                    "y": -0.07127393037080765,
                    "z": 0.14087288081645966
                },
                "rotation": {
                    "x": -0.23989351093769073,
                    "y": -0.5811953544616699,
                    "z": -0.14932963252067566,
                    "w": 0.7631275653839111
                }
            }
        },
        {
            "header": {
                "seq": 0,
                "stamp": {
                    "secs": 1687318010,
                    "nsecs": 413824848
                },
                "frame_id": "polhemus_base_0"
            },
            "child_frame_id": "polhemus_station_1",
            "transform": {
                "translation": {
                    "x": 0.13559697568416595,
                    "y": -0.024161124601960182,
                    "z": 0.05075335130095482
                },
                "rotation": {
                    "x": 0.08786103129386902,
                    "y": -0.28590357303619385,
                    "z": 0.10224948078393936,
                    "w": 0.9487278461456299
                }
            }
        },
        {
            "header": {
                "seq": 0,
                "stamp": {
                    "secs": 1687318010,
                    "nsecs": 413824848
                },
                "frame_id": "polhemus_base_0"
            },
            "child_frame_id": "polhemus_station_2",
            "transform": {
                "translation": {
                    "x": 0.14410893619060516,
                    "y": -0.013481240719556808,
                    "z": 0.061392027884721756
                },
                "rotation": {
                    "x": 0.031204592436552048,
                    "y": -0.41280582547187805,
                    "z": -0.14069566130638123,
                    "w": 0.8993455171585083
                }
            }
        },
        {
            "header": {
                "seq": 0,
                "stamp": {
                    "secs": 1687318010,
                    "nsecs": 413824848
                },
                "frame_id": "polhemus_base_0"
            },
            "child_frame_id": "polhemus_station_3",
            "transform": {
                "translation": {
                    "x": 0.12301786243915558,
                    "y": 0.04449097812175751,
                    "z": 0.0409306101500988
                },
                "rotation": {
                    "x": -0.22091886401176453,
                    "y": -0.3483092188835144,
                    "z": -0.09518799185752869,
                    "w": 0.9059880971908569
                }
            }
        },
        {
            "header": {
                "seq": 0,
                "stamp": {
                    "secs": 1687318010,
                    "nsecs": 413824848
                },
                "frame_id": "polhemus_base_0"
            },
            "child_frame_id": "polhemus_station_4",
            "transform": {
                "translation": {
                    "x": 0.13772861659526825,
                    "y": 0.061634961515665054,
                    "z": 0.04603462666273117
                },
                "rotation": {
                    "x": 0.4122786819934845,
                    "y": 0.24532760679721832,
                    "z": 0.21855591237545013,
                    "w": -0.8497493267059326
                }
            }
        },
        {
            "header": {
                "seq": 0,
                "stamp": {
                    "secs": 1687318010,
                    "nsecs": 413824848
                },
                "frame_id": "polhemus_base_0"
            },
            "child_frame_id": "polhemus_station_5",
            "transform": {
                "translation": {
                    "x": 0.18835677206516266,
                    "y": 0.05260026454925537,
                    "z": 0.00948408804833889
                },
                "rotation": {
                    "x": 0.2790493369102478,
                    "y": -0.30609896779060364,
                    "z": 0.08269312977790833,
                    "w": -0.9064196944236755
                }
            }
        }
    ]
}