{
    "transforms": [
        {
            "header": {
                "seq": 0,
                "stamp": {
                    "secs": 1687318018,
                    "nsecs": 671184906
                },
                "frame_id": "ra_base"
            },
            "child_frame_id": "ra_tool0_controller",
            "transform": {
                "translation": {
                    "x": -0.6728457100905081,
                    "y": -0.7293938317667928,
                    "z": 0.6299440239996331
                },
                "rotation": {
                    "x": -0.4907345239641792,
                    "y": -0.5021655980048799,
                    "z": 0.5050192187961645,
                    "w": 0.5019610819740544
                }
            }
        }
    ]
}