{
    "transforms": [
        {
            "header": {
                "seq": 0,
                "stamp": {
                    "secs": 1687318015,
                    "nsecs": 963768279
                },
                "frame_id": "polhemus_base_0"
            },
            "child_frame_id": "polhemus_station_0",
            "transform": {
                "translation": {
                    "x": 0.04598115012049675,
                    "y": -0.07066716253757477,
                    "z": 0.1412370502948761
                },
                "rotation": {
                    "x": -0.24240542948246002,
                    "y": -0.5836902856826782,
                    "z": -0.14849980175495148,
                    "w": 0.7605873346328735
                }
            }
        },
        {
            "header": {
                "seq": 0,
                "stamp": {
                    "secs": 1687318015,
                    "nsecs": 963768279
                },
                "frame_id": "polhemus_base_0"
            },
            "child_frame_id": "polhemus_station_1",
            "transform": {
                "translation": {
                    "x": 0.13558121025562286,
                    "y": -0.024078747257590294,
                    "z": 0.05076952651143074
                },
                "rotation": {
                    "x": 0.0881270170211792,
                    "y": -0.28579312562942505,
                    "z": 0.10275507718324661,
                    "w": 0.9486817717552185
                }
            }
        },
        {
            "header": {
                "seq": 0,
                "stamp": {
                    "secs": 1687318015,
                    "nsecs": 963768279
                },
                "frame_id": "polhemus_base_0"
            },
            "child_frame_id": "polhemus_station_2",
            "transform": {
                "translation": {
                    "x": 0.14405907690525055,
                    "y": -0.013379473239183426,
                    "z": 0.06142716482281685
                },
                "rotation": {
                    "x": 0.030665725469589233,
                    "y": -0.4130230247974396,
                    "z": -0.13972416520118713,
                    "w": 0.8994157910346985
                }
            }
        },
        {
            "header": {
                "seq": 0,
                "stamp": {
                    "secs": 1687318015,
                    "nsecs": 963768279
                },
                "frame_id": "polhemus_base_0"
            },
            "child_frame_id": "polhemus_station_3",
            "transform": {
                "translation": {
                    "x": 0.12322142720222473,
                    "y": 0.04447029158473015,
                    "z": 0.04059778153896332
                },
                "rotation": {
                    "x": -0.22002123296260834,
                    "y": -0.34638938307762146,
                    "z": -0.09601938724517822,
                    "w": 0.906854510307312
                }
            }
        },
        {
            "header": {
                "seq": 0,
                "stamp": {
                    "secs": 1687318015,
                    "nsecs": 963768279
                },
                "frame_id": "polhemus_base_0"
            },
            "child_frame_id": "polhemus_station_4",
            "transform": {
                "translation": {
                    "x": 0.1380116045475006,
                    "y": 0.06151267886161804,
                    "z": 0.045649848878383636
                },
                "rotation": {
                    "x": 0.4168912172317505,
                    "y": 0.2453196495771408,
                    "z": 0.2192782759666443,
                    "w": -0.8473116159439087
                }
            }
        },
        {
            "header": {
                "seq": 0,
                "stamp": {
                    "secs": 1687318015,
                    "nsecs": 963768279
                },
                "frame_id": "polhemus_base_0"
            },
            "child_frame_id": "polhemus_station_5",
            "transform": {
                "translation": {
                    "x": 0.18833404779434204,
                    "y": 0.052237991243600845,
                    "z": 0.009361300617456436
                },
                "rotation": {
                    "x": 0.28143468499183655,
                    "y": -0.3060707449913025,
                    "z": 0.08483085036277771,
                    "w": -0.9054937362670898
                }
            }
        }
    ]
}