{
    "transforms": [
        {
            "header": {
                "seq": 0,
                "stamp": {
                    "secs": 1687318014,
                    "nsecs": 79184906
                },
                "frame_id": "ra_base"
            },
            "child_frame_id": "ra_tool0_controller",
            "transform": {
                "translation": {
                    "x": -0.6728518953516943,
                    "y": -0.7293911644686356,
                    "z": 0.6299549468960962
                },
                "rotation": {
                    "x": -0.4907475492774207,
                    "y": -0.5021354407904804,
                    "z": 0.5050319237124052,
                    "w": 0.5019657339019294
                }
            }
        }
    ]
}