{
    "transforms": [
        {
            "header": {
                "seq": 0,
                "stamp": {
                    "secs": 1687318003,
                    "nsecs": 241579978
                },
                "frame_id": "ra_base"
            },
            "child_frame_id": "ra_tool0_controller",
            "transform": {
                "translation": {
                    "x": -0.6760653478892902,
                    "y": -0.09155479543472829,
                    "z": 0.6376258222280705
                },
                "rotation": {
                    "x": -0.5028066678055392,
                    "y": -0.5053408205524211,
                    "z": 0.49624737090706283,
                    "w": 0.49553471801834825
                }
            }
        }
    ]
}