{
    "transforms": [
        {
            "header": {
                "seq": 0,
                "stamp": {
                    "secs": 1687318004,
                    "nsecs": 425579978
                },
                "frame_id": "ra_base"
            },
            "child_frame_id": "ra_tool0_controller",
            "transform": {
                "translation": {
                    "x": -0.6760784110257925,
                    "y": -0.09153875199281768,
                    "z": 0.6376531942615474
                },
                "rotation": {
                    "x": -0.5027989678815921,
                    "y": -0.5053051434157276,
                    "z": 0.49625834358889553,
                    "w": 0.4955679230471061
                }
            }
        }
    ]
}