{
    "transforms": [
        {
            "header": {
                "seq": 0,
                "stamp": {
                    "secs": 1687318017,
                    "nsecs": 488856094
                },
                "frame_id": "polhemus_base_0"
            },
            "child_frame_id": "polhemus_station_0",
            "transform": {
                "translation": {
                    "x": 0.045966435223817825,
                    "y": -0.07058262825012207,
                    "z": 0.14129014313220978
                },
                "rotation": {
                    "x": -0.2429199516773224,
                    "y": -0.5837260484695435,
                    "z": -0.14850573241710663,
                    "w": 0.7603943943977356
                }
            }
        },
        {
            "header": {
                "seq": 0,
                "stamp": {
                    "secs": 1687318017,
                    "nsecs": 488856094
                },
                "frame_id": "polhemus_base_0"
            },
            "child_frame_id": "polhemus_station_1",
            "transform": {
                "translation": {
                    "x": 0.13559049367904663,
                    "y": -0.024077806621789932,
                    "z": 0.05077683553099632
                },
                "rotation": {
                    "x": 0.08818674087524414,
                    "y": -0.28581416606903076,
                    "z": 0.10275866836309433,
                    "w": 0.9486696124076843
                }
            }
        },
        {
            "header": {
                "seq": 0,
                "stamp": {
                    "secs": 1687318017,
                    "nsecs": 488856094
                },
                "frame_id": "polhemus_base_0"
            },
            "child_frame_id": "polhemus_station_2",
            "transform": {
                "translation": {
                    "x": 0.14407724142074585,
                    "y": -0.013380197808146477,
                    "z": 0.06141958385705948
                },
                "rotation": {
                    "x": 0.030413750559091568,
                    "y": -0.4128309190273285,
                    "z": -0.13969746232032776,
                    "w": 0.8995167016983032
                }
            }
        },
        {
            "header": {
                "seq": 0,
                "stamp": {
                    "secs": 1687318017,
                    "nsecs": 488856094
                },
                "frame_id": "polhemus_base_0"
            },
            "child_frame_id": "polhemus_station_3",
            "transform": {
                "translation": {
                    "x": 0.12324942648410797,
                    "y": 0.044463712722063065,
                    "z": 0.040564265102148056
                },
                "rotation": {
                    "x": -0.22002442181110382,
                    "y": -0.34620752930641174,
                    "z": -0.09617870301008224,
                    "w": 0.9069063067436218
                }
            }
        },
        {
            "header": {
                "seq": 0,
                "stamp": {
                    "secs": 1687318017,
                    "nsecs": 488856094
                },
                "frame_id": "polhemus_base_0"
            },
            "child_frame_id": "polhemus_station_4",
            "transform": {
                "translation": {
                    "x": 0.13806414604187012,
                    "y": 0.06144751235842705,
                    "z": 0.045605745166540146
                },
                "rotation": {
                    "x": 0.4178343415260315,
                    "y": 0.24518431723117828,
                    "z": 0.21975448727607727,
                    "w": -0.8467626571655273
                }
            }
        },
        {
            "header": {
                "seq": 0,
                "stamp": {
                    "secs": 1687318017,
                    "nsecs": 488856094
                },
                "frame_id": "polhemus_base_0"
            },
            "child_frame_id": "polhemus_station_5",
            "transform": {
                "translation": {
                    "x": 0.1883222460746765,
                    "y": 0.05219156667590141,
                    "z": 0.009324779734015465
                },
                "rotation": {
                    "x": 0.2818140983581543,
                    "y": -0.3062606453895569,
                    "z": 0.08500702679157257,
                    "w": -0.9052949547767639
                }
            }
        }
    ]
}