{
    "transforms": [
        {
            "header": {
                "seq": 0,
                "stamp": {
                    "secs": 1687318000,
                    "nsecs": 52483194
                },
                "frame_id": "polhemus_base_0"
            },
            "child_frame_id": "rh_user_forearm",
            "transform": {
                "translation": {
                    "x": -0.18841563165187836,
                    "y": 0.05363322049379349,
                    "z": 0.009644345380365849
                },
                "rotation": {
                    "x": -0.27613292604337414,
                    "y": -0.305432037766652,
                    "z": 0.07768063657915866,
                    "w": 0.907979953611913
                }
            }
        }
    ]
}