{
    "transforms": [
        {
            "header": {
                "seq": 0,
                "stamp": {
                    "secs": 1687318022,
                    "nsecs": 497142655
                },
                "frame_id": "polhemus_base_0"
            },
            "child_frame_id": "polhemus_station_0",
            "transform": {
                "translation": {
                    "x": 0.045429740101099014,
                    "y": -0.07019361108541489,
                    "z": 0.14150592684745789
                },
                "rotation": {
                    "x": -0.24491503834724426,
                    "y": -0.5858705043792725,
                    "z": -0.14809811115264893,
                    "w": 0.7581815719604492
                }
            }
        },
        {
            "header": {
                "seq": 0,
                "stamp": {
                    "secs": 1687318022,
                    "nsecs": 497142655
                },
                "frame_id": "polhemus_base_0"
            },
            "child_frame_id": "polhemus_station_1",
            "transform": {
                "translation": {
                    "x": 0.13557671010494232,
                    "y": -0.023994052782654762,
                    "z": 0.05083552002906799
                },
                "rotation": {
                    "x": 0.08832619339227676,
                    "y": -0.28577810525894165,
                    "z": 0.10322625935077667,
                    "w": 0.948616623878479
                }
            }
        },
        {
            "header": {
                "seq": 0,
                "stamp": {
                    "secs": 1687318022,
                    "nsecs": 497142655
                },
                "frame_id": "polhemus_base_0"
            },
            "child_frame_id": "polhemus_station_2",
            "transform": {
                "translation": {
                    "x": 0.14405201375484467,
                    "y": -0.013272193260490894,
                    "z": 0.061477936804294586
                },
                "rotation": {
                    "x": 0.030648265033960342,
                    "y": -0.4128996729850769,
                    "z": -0.13860151171684265,
                    "w": 0.8996466994285583
                }
            }
        },
        {
            "header": {
                "seq": 0,
                "stamp": {
                    "secs": 1687318022,
                    "nsecs": 497142655
                },
                "frame_id": "polhemus_base_0"
            },
            "child_frame_id": "polhemus_station_3",
            "transform": {
                "translation": {
                    "x": 0.12335722893476486,
                    "y": 0.044505536556243896,
                    "z": 0.040452275425195694
                },
                "rotation": {
                    "x": -0.22190332412719727,
                    "y": -0.3456456661224365,
                    "z": -0.09692737460136414,
                    "w": 0.9065830707550049
                }
            }
        },
        {
            "header": {
                "seq": 0,
                "stamp": {
                    "secs": 1687318022,
                    "nsecs": 497142655
                },
                "frame_id": "polhemus_base_0"
            },
            "child_frame_id": "polhemus_station_4",
            "transform": {
                "translation": {
                    "x": 0.13823072612285614,
                    "y": 0.061485495418310165,
                    "z": 0.04543153941631317
                },
                "rotation": {
                    "x": 0.42139673233032227,
                    "y": 0.2453099638223648,
                    "z": 0.22022755444049835,
                    "w": -0.8448358178138733
                }
            }
        },
        {
            "header": {
                "seq": 0,
                "stamp": {
                    "secs": 1687318022,
                    "nsecs": 497142655
                },
                "frame_id": "polhemus_base_0"
            },
            "child_frame_id": "polhemus_station_5",
            "transform": {
                "translation": {
                    "x": 0.18832209706306458,
                    "y": 0.05198538303375244,
                    "z": 0.009251922369003296
                },
                "rotation": {
                    "x": 0.283154159784317,
                    "y": -0.30616843700408936,
                    "z": 0.08638781309127808,
                    "w": -0.9047772288322449
                }
            }
        }
    ]
}