{
    "transforms": [
        {
            "header": {
                "seq": 0,
                "stamp": {
                    "secs": 1687318007,
                    "nsecs": 145184906
                },
                "frame_id": "ra_base"
            },
            "child_frame_id": "ra_tool0_controller",
            "transform": {
                "translation": {
                    "x": -0.6760760951105846,
                    "y": -0.09153768989126772,
                    "z": 0.6376173441274738
                },
                "rotation": {
                    "x": -0.5028220447774926,
                    "y": -0.5053253104089073,
                    "z": 0.49623192398934324,
                    "w": 0.49555040062516087
                }
            }
        }
    ]
}