{
    "transforms": [
        {
            "header": {
                "seq": 0,
                "stamp": {
                    "secs": 1687318027,
                    "nsecs": 341184906
                },
                "frame_id": "ra_base"
            },
            "child_frame_id": "ra_tool0_controller",
            "transform": {
                "translation": {
                    "x": -0.672844452867068,
                    "y": -0.729384762518016,
                    "z": 0.6299512303972048
                },
                "rotation": {
                    "x": -0.4907321336765626,
                    "y": -0.5021693713285966,
                    "z": 0.5049994862583207,
                    "w": 0.5019794959513014
                }
            }
        }
    ]
}