{
    "transforms": [
        {
            "header": {
                "seq": 0,
                "stamp": {
                    "secs": 1687318000,
                    "nsecs": 285579978
                },
                "frame_id": "ra_base"
            },
            "child_frame_id": "ra_tool0_controller",
            "transform": {
                "translation": {
                    "x": -0.6760719657730118,
                    "y": -0.09153185326846187,
                    "z": 0.6376545995250541
                },
                "rotation": {
                    "x": -0.5028063778893455,
                    "y": -0.5053107855474448,
                    "z": 0.4962547215424555,
                    "w": 0.4955582788230269
                }
            }
        }
    ]
}