{
    "transforms": [
        {
            "header": {
                "seq": 0,
                "stamp": {
                    "secs": 1687318026,
                    "nsecs": 875184906
                },
                "frame_id": "ra_base"
            },
            "child_frame_id": "ra_tool0_controller",
            "transform": {
                "translation": {
                    "x": -0.6728299553382026,
                    "y": -0.729402958574726,
                    "z": 0.6299578078875917
                },
                "rotation": {
                    "x": -0.49073214213168204,
                    "y": -0.5021549673043315,
                    "z": 0.5050312788138608,
                    "w": 0.5019619118121142
                }
            }
        }
    ]
}