{
    "transforms": [
        {
            "header": {
                "seq": 0,
                "stamp": {
                    "secs": 1687318022,
                    "nsecs": 83184906
                },
                "frame_id": "ra_base"
            },
            "child_frame_id": "ra_tool0_controller",
            "transform": {
                "translation": {
                    "x": -0.6728385246770163,
                    "y": -0.729388452645909,
                    "z": 0.6299552345483805
                },
                "rotation": {
                    "x": -0.49074045914018627,
                    "y": -0.5021529207878995,
                    "z": 0.5050178421487019,
                    "w": 0.5019693466921356
                }
            }
        }
    ]
}