{
    "transforms": [
        {
            "header": {
                "seq": 0,
                "stamp": {
                    "secs": 1687318016,
                    "nsecs": 95184906
                },
                "frame_id": "ra_base"
            },
            "child_frame_id": "ra_tool0_controller",
            "transform": {
                "translation": {
                    "x": -0.6728379930659365,
                    "y": -0.7293814387298218,
                    "z": 0.6299374370688123
                },
                "rotation": {
                    "x": -0.490748123967004,
                    "y": -0.5021630261919802,
                    "z": 0.5049986006053921,
                    "w": 0.5019711020917184
                }
            }
        }
    ]
}