{
    "transforms": [
        {
            "header": {
                "seq": 0,
                "stamp": {
                    "secs": 1687318018,
                    "nsecs": 971184906
                },
                "frame_id": "ra_base"
            },
            "child_frame_id": "ra_tool0_controller",
            "transform": {
                "translation": {
                    "x": -0.6728532468987898,
                    "y": -0.7293778041139598,
                    "z": 0.629977460456769
                },
                "rotation": {
                    "x": -0.4907385414407613,
                    "y": -0.502145515552124,
                    "z": 0.5050217227833153,
                    "w": 0.5019747251331068
                }
            }
        }
    ]
}