{
    "transforms": [
        {
            "header": {
                "seq": 0,
                "stamp": {
                    "secs": 1687318006,
                    "nsecs": 845184906
                },
                "frame_id": "ra_base"
            },
            "child_frame_id": "ra_tool0_controller",
            "transform": {
                "translation": {
                    "x": -0.6760786578593038,
                    "y": -0.09154962447692683,
                    "z": 0.6376112838401411
                },
                "rotation": {
                    "x": -0.5028182548133878,
                    "y": -0.5053290952950705,
                    "z": 0.49624523666233467,
                    "w": 0.4955370552891358
                }
            }
        }
    ]
}