{
    "transforms": [
        {
            "header": {
                "seq": 0,
                "stamp": {
                    "secs": 1687318007,
                    "nsecs": 580461778
                },
                "frame_id": "polhemus_base_0"
            },
            "child_frame_id": "polhemus_station_0",
            "transform": {
                "translation": {
                    "x": 0.046653926372528076,
                    "y": -0.07143525779247284,
                    "z": 0.1407676637172699
                },
                "rotation": {
                    "x": -0.238508939743042,
                    "y": -0.5811655521392822,
                    "z": -0.14909011125564575,
                    "w": 0.7636308670043945
                }
            }
        },
        {
            "header": {
                "seq": 0,
                "stamp": {
                    "secs": 1687318007,
                    "nsecs": 580461778
                },
                "frame_id": "polhemus_base_0"
            },
            "child_frame_id": "polhemus_station_1",
            "transform": {
                "translation": {
                    "x": 0.1355745494365692,
                    "y": -0.02415245585143566,
                    "z": 0.05075351148843765
                },
                "rotation": {
                    "x": 0.0877712145447731,
                    "y": -0.28595221042633057,
                    "z": 0.1022770032286644,
                    "w": 0.9487184882164001
                }
            }
        },
        {
            "header": {
                "seq": 0,
                "stamp": {
                    "secs": 1687318007,
                    "nsecs": 580461778
                },
                "frame_id": "polhemus_base_0"
            },
            "child_frame_id": "polhemus_station_2",
            "transform": {
                "translation": {
                    "x": 0.14407724142074585,
                    "y": -0.013453349471092224,
                    "z": 0.06140710785984993
                },
                "rotation": {
                    "x": 0.03143170475959778,
                    "y": -0.41303256154060364,
                    "z": -0.1406814157962799,
                    "w": 0.8992357850074768
                }
            }
        },
        {
            "header": {
                "seq": 0,
                "stamp": {
                    "secs": 1687318007,
                    "nsecs": 580461778
                },
                "frame_id": "polhemus_base_0"
            },
            "child_frame_id": "polhemus_station_3",
            "transform": {
                "translation": {
                    "x": 0.12294619530439377,
                    "y": 0.04447370022535324,
                    "z": 0.041094351559877396
                },
                "rotation": {
                    "x": -0.22226019203662872,
                    "y": -0.3494153618812561,
                    "z": -0.09599621593952179,
                    "w": 0.9051485061645508
                }
            }
        },
        {
            "header": {
                "seq": 0,
                "stamp": {
                    "secs": 1687318007,
                    "nsecs": 580461778
                },
                "frame_id": "polhemus_base_0"
            },
            "child_frame_id": "polhemus_station_4",
            "transform": {
                "translation": {
                    "x": 0.13756190240383148,
                    "y": 0.06172681972384453,
                    "z": 0.04620553180575371
                },
                "rotation": {
                    "x": 0.4108545482158661,
                    "y": 0.24621319770812988,
                    "z": 0.21812407672405243,
                    "w": -0.8502938151359558
                }
            }
        },
        {
            "header": {
                "seq": 0,
                "stamp": {
                    "secs": 1687318007,
                    "nsecs": 580461778
                },
                "frame_id": "polhemus_base_0"
            },
            "child_frame_id": "polhemus_station_5",
            "transform": {
                "translation": {
                    "x": 0.1883394569158554,
                    "y": 0.05278116092085838,
                    "z": 0.009510502219200134
                },
                "rotation": {
                    "x": 0.2789682149887085,
                    "y": -0.30596673488616943,
                    "z": 0.08202584087848663,
                    "w": -0.9065499305725098
                }
            }
        }
    ]
}