{
    "transforms": [
        {
            "header": {
                "seq": 0,
                "stamp": {
                    "secs": 1687318014,
                    "nsecs": 939184906
                },
                "frame_id": "ra_base"
            },
            "child_frame_id": "ra_tool0_controller",
            "transform": {
                "translation": {
                    "x": -0.6728465232626949,
                    "y": -0.7293878203134245,
                    "z": 0.6299656475100303
                },
                "rotation": {
                    "x": -0.4907354749549091,
                    "y": -0.5021484014611759,
                    "z": 0.5050248874580313,
                    "w": 0.5019716521665029
                }
            }
        }
    ]
}