{
    "transforms": [
        {
            "header": {
                "seq": 0,
                "stamp": {
                    "secs": 1687318001,
                    "nsecs": 173579978
                },
                "frame_id": "ra_base"
            },
            "child_frame_id": "ra_tool0_controller",
            "transform": {
                "translation": {
                    "x": -0.6760730430346941,
                    "y": -0.0915395264386642,
                    "z": 0.637633770459446
                },
                "rotation": {
                    "x": -0.5028122396020187,
                    "y": -0.5053200943585521,
                    "z": 0.4962431737168514,
                    "w": 0.4955544031519575
                }
            }
        }
    ]
}