{
    "transforms": [
        {
            "header": {
                "seq": 0,
                "stamp": {
                    "secs": 1687318002,
                    "nsecs": 943579978
                },
                "frame_id": "ra_base"
            },
            "child_frame_id": "ra_tool0_controller",
            "transform": {
                "translation": {
                    "x": -0.676076046518427,
                    "y": -0.0915491998727077,
                    "z": 0.6376363469498468
                },
                "rotation": {
                    "x": -0.5028058247564764,
                    "y": -0.5053168584201485,
                    "z": 0.4962540921498015,
                    "w": 0.495553277874264
                }
            }
        }
    ]
}