{
    "transforms": [
        {
            "header": {
                "seq": 0,
                "stamp": {
                    "secs": 1687318025,
                    "nsecs": 185184906
                },
                "frame_id": "ra_base"
            },
            "child_frame_id": "ra_tool0_controller",
            "transform": {
                "translation": {
                    "x": -0.672842386073637,
                    "y": -0.7293871586314311,
                    "z": 0.6299395831806192
                },
                "rotation": {
                    "x": -0.4907433960217396,
                    "y": -0.5021544523911874,
                    "z": 0.5050146614444178,
                    "w": 0.5019681433427196
                }
            }
        }
    ]
}