{
    "transforms": [
        {
            "header": {
                "seq": 0,
                "stamp": {
                    "secs": 1687318015,
                    "nsecs": 567184906
                },
                "frame_id": "ra_base"
            },
            "child_frame_id": "ra_tool0_controller",
            "transform": {
                "translation": {
                    "x": -0.6728502207340681,
                    "y": -0.7293915348634595,
                    "z": 0.6299483940443208
                },
                "rotation": {
                    "x": -0.4907346521043437,
                    "y": -0.5021512359921995,
                    "z": 0.5050239029802083,
                    "w": 0.5019706115243923
                }
            }
        }
    ]
}