{
    "transforms": [
        {
            "header": {
                "seq": 0,
                "stamp": {
                    "secs": 1687317999,
                    "nsecs": 663865603
                },
                "frame_id": "polhemus_base_0"
            },
            "child_frame_id": "polhemus_station_0",
            "transform": {
                "translation": {
                    "x": 0.04721670225262642,
                    "y": -0.07204757630825043,
                    "z": 0.1403852254152298
                },
                "rotation": {
                    "x": -0.23463453352451324,
                    "y": -0.5790677070617676,
                    "z": -0.14956925809383392,
                    "w": 0.7663264274597168
                }
            }
        },
        {
            "header": {
                "seq": 0,
                "stamp": {
                    "secs": 1687317999,
                    "nsecs": 663865603
                },
                "frame_id": "polhemus_base_0"
            },
            "child_frame_id": "polhemus_station_1",
            "transform": {
                "translation": {
                    "x": 0.1354059875011444,
                    "y": -0.02387540601193905,
                    "z": 0.05097755789756775
                },
                "rotation": {
                    "x": 0.08592446148395538,
                    "y": -0.2874276638031006,
                    "z": 0.10340382158756256,
                    "w": 0.9483194947242737
                }
            }
        },
        {
            "header": {
                "seq": 0,
                "stamp": {
                    "secs": 1687317999,
                    "nsecs": 663865603
                },
                "frame_id": "polhemus_base_0"
            },
            "child_frame_id": "polhemus_station_2",
            "transform": {
                "translation": {
                    "x": 0.14388282597064972,
                    "y": -0.013121486641466618,
                    "z": 0.0615709088742733
                },
                "rotation": {
                    "x": 0.02952299267053604,
                    "y": -0.41437944769859314,
                    "z": -0.13944074511528015,
                    "w": 0.898874044418335
                }
            }
        },
        {
            "header": {
                "seq": 0,
                "stamp": {
                    "secs": 1687317999,
                    "nsecs": 663865603
                },
                "frame_id": "polhemus_base_0"
            },
            "child_frame_id": "polhemus_station_3",
            "transform": {
                "translation": {
                    "x": 0.12254258990287781,
                    "y": 0.04507588595151901,
                    "z": 0.042036768049001694
                },
                "rotation": {
                    "x": -0.22253361344337463,
                    "y": -0.35324156284332275,
                    "z": -0.0932968258857727,
                    "w": 0.9038775563240051
                }
            }
        },
        {
            "header": {
                "seq": 0,
                "stamp": {
                    "secs": 1687317999,
                    "nsecs": 663865603
                },
                "frame_id": "polhemus_base_0"
            },
            "child_frame_id": "polhemus_station_4",
            "transform": {
                "translation": {
                    "x": 0.13666169345378876,
                    "y": 0.06258220970630646,
                    "z": 0.04702003300189972
                },
                "rotation": {
                    "x": 0.4027900695800781,
                    "y": 0.2508915066719055,
                    "z": 0.21194645762443542,
                    "w": -0.8543373346328735
                }
            }
        },
        {
            "header": {
                "seq": 0,
                "stamp": {
                    "secs": 1687317999,
                    "nsecs": 663865603
                },
                "frame_id": "polhemus_base_0"
            },
            "child_frame_id": "polhemus_station_5",
            "transform": {
                "translation": {
                    "x": 0.18841208517551422,
                    "y": 0.05368734523653984,
                    "z": 0.00955137051641941
                },
                "rotation": {
                    "x": 0.2763303518295288,
                    "y": -0.3057948648929596,
                    "z": 0.07731214165687561,
                    "w": -0.907829225063324
                }
            }
        }
    ]
}