{
    "transforms": [
        {
            "header": {
                "seq": 0,
                "stamp": {
                    "secs": 1687318012,
                    "nsecs": 251184906
                },
                "frame_id": "ra_base"
            },
            "child_frame_id": "ra_tool0_controller",
            "transform": {
                "translation": {
                    "x": -0.6741449453188514,
                    "y": -0.7271644319019007,
                    "z": 0.63035960013711
                },
                "rotation": {
                    "x": -0.4907535732054029,
                    "y": -0.5021220299161345,
                    "z": 0.5050135391599466,
                    "w": 0.5019917556336707
                }
            }
        }
    ]
}