{
    "transforms": [
        {
            "header": {
                "seq": 0,
                "stamp": {
                    "secs": 1687318012,
                    "nsecs": 751184906
                },
                "frame_id": "ra_base"
            },
            "child_frame_id": "ra_tool0_controller",
            "transform": {
                "translation": {
                    "x": -0.6727887981123066,
                    "y": -0.7293878869518226,
                    "z": 0.6299865006967075
                },
                "rotation": {
                    "x": -0.49074909361647645,
                    "y": -0.5021456067010349,
                    "z": 0.5050107825844645,
                    "w": 0.5019753243525851
                }
            }
        }
    ]
}