{
    "transforms": [
        {
            "header": {
                "seq": 0,
                "stamp": {
                    "secs": 1687318000,
                    "nsecs": 97131882
                },
                "frame_id": "polhemus_base_0"
            },
            "child_frame_id": "polhemus_station_0",
            "transform": {
                "translation": {
                    "x": 0.047222577035427094,
                    "y": -0.07200256735086441,
                    "z": 0.1403985321521759
                },
                "rotation": {
                    "x": -0.2348615527153015,
                    "y": -0.5790390968322754,
                    "z": -0.1494487226009369,
                    "w": 0.7663020491600037
                }
            }
        },
        {
            "header": {
                "seq": 0,
                "stamp": {
                    "secs": 1687318000,
                    "nsecs": 97131882
                },
                "frame_id": "polhemus_base_0"
            },
            "child_frame_id": "polhemus_station_1",
            "transform": {
                "translation": {
                    "x": 0.13541296124458313,
                    "y": -0.02385890483856201,
                    "z": 0.05097142979502678
                },
                "rotation": {
                    "x": 0.08599701523780823,
                    "y": -0.28735125064849854,
                    "z": 0.10350579768419266,
                    "w": 0.948324978351593
                }
            }
        },
        {
            "header": {
                "seq": 0,
                "stamp": {
                    "secs": 1687318000,
                    "nsecs": 97131882
                },
                "frame_id": "polhemus_base_0"
            },
            "child_frame_id": "polhemus_station_2",
            "transform": {
                "translation": {
                    "x": 0.14388702809810638,
                    "y": -0.013097964227199554,
                    "z": 0.06156930327415466
                },
                "rotation": {
                    "x": 0.029693949967622757,
                    "y": -0.41441279649734497,
                    "z": -0.1391698271036148,
                    "w": 0.8988949656486511
                }
            }
        },
        {
            "header": {
                "seq": 0,
                "stamp": {
                    "secs": 1687318000,
                    "nsecs": 97131882
                },
                "frame_id": "polhemus_base_0"
            },
            "child_frame_id": "polhemus_station_3",
            "transform": {
                "translation": {
                    "x": 0.12254608422517776,
                    "y": 0.04506769776344299,
                    "z": 0.04202926531434059
                },
                "rotation": {
                    "x": -0.22253276407718658,
                    "y": -0.35319268703460693,
                    "z": -0.09335179626941681,
                    "w": 0.9038911461830139
                }
            }
        },
        {
            "header": {
                "seq": 0,
                "stamp": {
                    "secs": 1687318000,
                    "nsecs": 97131882
                },
                "frame_id": "polhemus_base_0"
            },
            "child_frame_id": "polhemus_station_4",
            "transform": {
                "translation": {
                    "x": 0.13667120039463043,
                    "y": 0.06257696449756622,
                    "z": 0.04700975865125656
                },
                "rotation": {
                    "x": 0.4029250741004944,
                    "y": 0.2508741319179535,
                    "z": 0.21200159192085266,
                    "w": -0.8542650938034058
                }
            }
        },
        {
            "header": {
                "seq": 0,
                "stamp": {
                    "secs": 1687318000,
                    "nsecs": 97131882
                },
                "frame_id": "polhemus_base_0"
            },
            "child_frame_id": "polhemus_station_5",
            "transform": {
                "translation": {
                    "x": 0.18841105699539185,
                    "y": 0.053647831082344055,
                    "z": 0.009616374969482422
                },
                "rotation": {
                    "x": 0.2761147618293762,
                    "y": -0.30561563372612,
                    "z": 0.07751190662384033,
                    "w": -0.9079381227493286
                }
            }
        }
    ]
}