{
    "transforms": [
        {
            "header": {
                "seq": 0,
                "stamp": {
                    "secs": 1687317999,
                    "nsecs": 817579978
                },
                "frame_id": "ra_base"
            },
            "child_frame_id": "ra_tool0_controller",
            "transform": {
                "translation": {
                    "x": -0.676073524014193,
                    "y": -0.09155397422844268,
                    "z": 0.6376463903964014
                },
                "rotation": {
                    "x": -0.5027975377105746,
                    "y": -0.5053271453916224,
                    "z": 0.49624712290606127,
                    "w": 0.4955581754042546
                }
            }
        }
    ]
}