{
    "transforms": [
        {
            "header": {
                "seq": 0,
                "stamp": {
                    "secs": 1687318012,
                    "nsecs": 137184906
                },
                "frame_id": "ra_base"
            },
            "child_frame_id": "ra_tool0_controller",
            "transform": {
                "translation": {
                    "x": -0.6768580437877525,
                    "y": -0.7223782125797138,
                    "z": 0.6311464812935119
                },
                "rotation": {
                    "x": -0.4907622036142598,
                    "y": -0.5021833551343912,
                    "z": 0.5049364382172176,
                    "w": 0.5019995325596947
                }
            }
        }
    ]
}