{
    "transforms": [
        {
            "header": {
                "seq": 0,
                "stamp": {
                    "secs": 1687318004,
                    "nsecs": 330473649
                },
                "frame_id": "polhemus_base_0"
            },
            "child_frame_id": "polhemus_station_0",
            "transform": {
                "translation": {
                    "x": 0.04672975093126297,
                    "y": -0.07160782814025879,
                    "z": 0.14068226516246796
                },
                "rotation": {
                    "x": -0.2377624660730362,
                    "y": -0.5807843804359436,
                    "z": -0.14947834610939026,
                    "w": 0.7640775442123413
                }
            }
        },
        {
            "header": {
                "seq": 0,
                "stamp": {
                    "secs": 1687318004,
                    "nsecs": 330473649
                },
                "frame_id": "polhemus_base_0"
            },
            "child_frame_id": "polhemus_station_1",
            "transform": {
                "translation": {
                    "x": 0.1355583518743515,
                    "y": -0.02413104847073555,
                    "z": 0.0507778562605381
                },
                "rotation": {
                    "x": 0.08758778870105743,
                    "y": -0.28615933656692505,
                    "z": 0.10235059261322021,
                    "w": 0.9486651420593262
                }
            }
        },
        {
            "header": {
                "seq": 0,
                "stamp": {
                    "secs": 1687318004,
                    "nsecs": 330473649
                },
                "frame_id": "polhemus_base_0"
            },
            "child_frame_id": "polhemus_station_2",
            "transform": {
                "translation": {
                    "x": 0.14405110478401184,
                    "y": -0.013432656414806843,
                    "z": 0.06144106760621071
                },
                "rotation": {
                    "x": 0.03148946538567543,
                    "y": -0.41328245401382446,
                    "z": -0.14051255583763123,
                    "w": 0.8991453051567078
                }
            }
        },
        {
            "header": {
                "seq": 0,
                "stamp": {
                    "secs": 1687318004,
                    "nsecs": 330473649
                },
                "frame_id": "polhemus_base_0"
            },
            "child_frame_id": "polhemus_station_3",
            "transform": {
                "translation": {
                    "x": 0.12289567291736603,
                    "y": 0.044521939009428024,
                    "z": 0.04118500277400017
                },
                "rotation": {
                    "x": -0.2219843566417694,
                    "y": -0.3498121500015259,
                    "z": -0.0956508219242096,
                    "w": 0.9050995111465454
                }
            }
        },
        {
            "header": {
                "seq": 0,
                "stamp": {
                    "secs": 1687318004,
                    "nsecs": 330473649
                },
                "frame_id": "polhemus_base_0"
            },
            "child_frame_id": "polhemus_station_4",
            "transform": {
                "translation": {
                    "x": 0.13748709857463837,
                    "y": 0.06178628280758858,
                    "z": 0.046309247612953186
                },
                "rotation": {
                    "x": 0.4095075726509094,
                    "y": 0.2464580535888672,
                    "z": 0.21739190816879272,
                    "w": -0.8510597348213196
                }
            }
        },
        {
            "header": {
                "seq": 0,
                "stamp": {
                    "secs": 1687318004,
                    "nsecs": 330473649
                },
                "frame_id": "polhemus_base_0"
            },
            "child_frame_id": "polhemus_station_5",
            "transform": {
                "translation": {
                    "x": 0.18835459649562836,
                    "y": 0.05285053327679634,
                    "z": 0.009591258130967617
                },
                "rotation": {
                    "x": 0.27778542041778564,
                    "y": -0.3059191107749939,
                    "z": 0.08143015205860138,
                    "w": -0.9069828987121582
                }
            }
        }
    ]
}