{
    "transforms": [
        {
            "header": {
                "seq": 0,
                "stamp": {
                    "secs": 1687318020,
                    "nsecs": 55485137
                },
                "frame_id": "polhemus_base_0"
            },
            "child_frame_id": "polhemus_station_0",
            "transform": {
                "translation": {
                    "x": 0.04553299397230148,
                    "y": -0.07034440338611603,
                    "z": 0.14142020046710968
                },
                "rotation": {
                    "x": -0.24402089416980743,
                    "y": -0.5856024622917175,
                    "z": -0.14815345406532288,
                    "w": 0.7586659789085388
                }
            }
        },
        {
            "header": {
                "seq": 0,
                "stamp": {
                    "secs": 1687318020,
                    "nsecs": 55485137
                },
                "frame_id": "polhemus_base_0"
            },
            "child_frame_id": "polhemus_station_1",
            "transform": {
                "translation": {
                    "x": 0.13559478521347046,
                    "y": -0.02404128573834896,
                    "z": 0.050800226628780365
                },
                "rotation": {
                    "x": 0.08817314356565475,
                    "y": -0.2856895327568054,
                    "z": 0.10294046998023987,
                    "w": 0.9486886262893677
                }
            }
        },
        {
            "header": {
                "seq": 0,
                "stamp": {
                    "secs": 1687318020,
                    "nsecs": 55485137
                },
                "frame_id": "polhemus_base_0"
            },
            "child_frame_id": "polhemus_station_2",
            "transform": {
                "translation": {
                    "x": 0.14406177401542664,
                    "y": -0.013324162922799587,
                    "z": 0.06147019937634468
                },
                "rotation": {
                    "x": 0.03044338896870613,
                    "y": -0.41299968957901,
                    "z": -0.13919372856616974,
                    "w": 0.8995163440704346
                }
            }
        },
        {
            "header": {
                "seq": 0,
                "stamp": {
                    "secs": 1687318020,
                    "nsecs": 55485137
                },
                "frame_id": "polhemus_base_0"
            },
            "child_frame_id": "polhemus_station_3",
            "transform": {
                "translation": {
                    "x": 0.12330566346645355,
                    "y": 0.04448205232620239,
                    "z": 0.04046998545527458
                },
                "rotation": {
                    "x": -0.22069832682609558,
                    "y": -0.34583479166030884,
                    "z": -0.09639756381511688,
                    "w": 0.9068616032600403
                }
            }
        },
        {
            "header": {
                "seq": 0,
                "stamp": {
                    "secs": 1687318020,
                    "nsecs": 55485137
                },
                "frame_id": "polhemus_base_0"
            },
            "child_frame_id": "polhemus_station_4",
            "transform": {
                "translation": {
                    "x": 0.1381288468837738,
                    "y": 0.0614822618663311,
                    "z": 0.045501723885536194
                },
                "rotation": {
                    "x": 0.4194815456867218,
                    "y": 0.24563533067703247,
                    "z": 0.21948817372322083,
                    "w": -0.8458861708641052
                }
            }
        },
        {
            "header": {
                "seq": 0,
                "stamp": {
                    "secs": 1687318020,
                    "nsecs": 55485137
                },
                "frame_id": "polhemus_base_0"
            },
            "child_frame_id": "polhemus_station_5",
            "transform": {
                "translation": {
                    "x": 0.18831473588943481,
                    "y": 0.05207869037985802,
                    "z": 0.009408613666892052
                },
                "rotation": {
                    "x": 0.2823790907859802,
                    "y": -0.3054544925689697,
                    "z": 0.08618900179862976,
                    "w": -0.9052795767784119
                }
            }
        }
    ]
}