{
    "transforms": [
        {
            "header": {
                "seq": 0,
                "stamp": {
                    "secs": 1687318016,
                    "nsecs": 188783657
                },
                "frame_id": "polhemus_base_0"
            },
            "child_frame_id": "polhemus_station_0",
            "transform": {
                "translation": {
                    "x": 0.04596421867609024,
                    "y": -0.07063661515712738,
                    "z": 0.1412562131881714
                },
                "rotation": {
                    "x": -0.24253793060779572,
                    "y": -0.5837848782539368,
                    "z": -0.14846913516521454,
                    "w": 0.7604783177375793
                }
            }
        },
        {
            "header": {
                "seq": 0,
                "stamp": {
                    "secs": 1687318016,
                    "nsecs": 188783657
                },
                "frame_id": "polhemus_base_0"
            },
            "child_frame_id": "polhemus_station_1",
            "transform": {
                "translation": {
                    "x": 0.13558706641197205,
                    "y": -0.02407458983361721,
                    "z": 0.05076293274760246
                },
                "rotation": {
                    "x": 0.08811814337968826,
                    "y": -0.2857249975204468,
                    "z": 0.10279580950737,
                    "w": 0.9486987590789795
                }
            }
        },
        {
            "header": {
                "seq": 0,
                "stamp": {
                    "secs": 1687318016,
                    "nsecs": 188783657
                },
                "frame_id": "polhemus_base_0"
            },
            "child_frame_id": "polhemus_station_2",
            "transform": {
                "translation": {
                    "x": 0.14406675100326538,
                    "y": -0.013380264863371849,
                    "z": 0.06141818314790726
                },
                "rotation": {
                    "x": 0.030616503208875656,
                    "y": -0.4129573106765747,
                    "z": -0.1397038698196411,
                    "w": 0.8994508385658264
                }
            }
        },
        {
            "header": {
                "seq": 0,
                "stamp": {
                    "secs": 1687318016,
                    "nsecs": 188783657
                },
                "frame_id": "polhemus_base_0"
            },
            "child_frame_id": "polhemus_station_3",
            "transform": {
                "translation": {
                    "x": 0.1232231855392456,
                    "y": 0.04447399079799652,
                    "z": 0.04059602692723274
                },
                "rotation": {
                    "x": -0.2200189083814621,
                    "y": -0.3464093804359436,
                    "z": -0.09600479900836945,
                    "w": 0.9068490266799927
                }
            }
        },
        {
            "header": {
                "seq": 0,
                "stamp": {
                    "secs": 1687318016,
                    "nsecs": 188783657
                },
                "frame_id": "polhemus_base_0"
            },
            "child_frame_id": "polhemus_station_4",
            "transform": {
                "translation": {
                    "x": 0.138016939163208,
                    "y": 0.06150146201252937,
                    "z": 0.04565238207578659
                },
                "rotation": {
                    "x": 0.4169859290122986,
                    "y": 0.24537108838558197,
                    "z": 0.21933870017528534,
                    "w": -0.8472344875335693
                }
            }
        },
        {
            "header": {
                "seq": 0,
                "stamp": {
                    "secs": 1687318016,
                    "nsecs": 188783657
                },
                "frame_id": "polhemus_base_0"
            },
            "child_frame_id": "polhemus_station_5",
            "transform": {
                "translation": {
                    "x": 0.18833887577056885,
                    "y": 0.05223844572901726,
                    "z": 0.009329921565949917
                },
                "rotation": {
                    "x": 0.28141745924949646,
                    "y": -0.3062584102153778,
                    "z": 0.0847150981426239,
                    "w": -0.905446469783783
                }
            }
        }
    ]
}