{
    "transforms": [
        {
            "header": {
                "seq": 0,
                "stamp": {
                    "secs": 1687318006,
                    "nsecs": 321184906
                },
                "frame_id": "ra_base"
            },
            "child_frame_id": "ra_tool0_controller",
            "transform": {
                "translation": {
                    "x": -0.6760839562790399,
                    "y": -0.09155504020919868,
                    "z": 0.6376366603464209
                },
                "rotation": {
                    "x": -0.5027941526446654,
                    "y": -0.5053251060735867,
                    "z": 0.4962593244414394,
                    "w": 0.4955514707303143
                }
            }
        }
    ]
}