{
    "transforms": [
        {
            "header": {
                "seq": 0,
                "stamp": {
                    "secs": 1687318003,
                    "nsecs": 939579978
                },
                "frame_id": "ra_base"
            },
            "child_frame_id": "ra_tool0_controller",
            "transform": {
                "translation": {
                    "x": -0.6760658298798576,
                    "y": -0.09153214016048704,
                    "z": 0.6376324127055565
                },
                "rotation": {
                    "x": -0.5028170494141729,
                    "y": -0.5053111065336234,
                    "z": 0.4962437751188205,
                    "w": 0.4955580854834394
                }
            }
        }
    ]
}