{
    "transforms": [
        {
            "header": {
                "seq": 0,
                "stamp": {
                    "secs": 1687317998,
                    "nsecs": 138798830
                },
                "frame_id": "polhemus_base_0"
            },
            "child_frame_id": "polhemus_station_0",
            "transform": {
                "translation": {
                    "x": 0.04721468314528465,
                    "y": -0.07209527492523193,
                    "z": 0.14035795629024506
                },
                "rotation": {
                    "x": -0.23431076109409332,
                    "y": -0.5790603160858154,
                    "z": -0.14953555166721344,
                    "w": 0.7664377689361572
                }
            }
        },
        {
            "header": {
                "seq": 0,
                "stamp": {
                    "secs": 1687317998,
                    "nsecs": 138798830
                },
                "frame_id": "polhemus_base_0"
            },
            "child_frame_id": "polhemus_station_1",
            "transform": {
                "translation": {
                    "x": 0.13539226353168488,
                    "y": -0.02389507368206978,
                    "z": 0.05099409073591232
                },
                "rotation": {
                    "x": 0.08579882979393005,
                    "y": -0.28753989934921265,
                    "z": 0.10330188274383545,
                    "w": 0.9483079314231873
                }
            }
        },
        {
            "header": {
                "seq": 0,
                "stamp": {
                    "secs": 1687317998,
                    "nsecs": 138798830
                },
                "frame_id": "polhemus_base_0"
            },
            "child_frame_id": "polhemus_station_2",
            "transform": {
                "translation": {
                    "x": 0.14386801421642303,
                    "y": -0.013135082088410854,
                    "z": 0.061599571257829666
                },
                "rotation": {
                    "x": 0.029171500355005264,
                    "y": -0.4148394465446472,
                    "z": -0.13954678177833557,
                    "w": 0.8986567258834839
                }
            }
        },
        {
            "header": {
                "seq": 0,
                "stamp": {
                    "secs": 1687317998,
                    "nsecs": 138798830
                },
                "frame_id": "polhemus_base_0"
            },
            "child_frame_id": "polhemus_station_3",
            "transform": {
                "translation": {
                    "x": 0.12252316623926163,
                    "y": 0.04509507119655609,
                    "z": 0.042129479348659515
                },
                "rotation": {
                    "x": -0.22255410254001617,
                    "y": -0.3536255657672882,
                    "z": -0.09319905936717987,
                    "w": 0.903732419013977
                }
            }
        },
        {
            "header": {
                "seq": 0,
                "stamp": {
                    "secs": 1687317998,
                    "nsecs": 138798830
                },
                "frame_id": "polhemus_base_0"
            },
            "child_frame_id": "polhemus_station_4",
            "transform": {
                "translation": {
                    "x": 0.13662289083003998,
                    "y": 0.06264080852270126,
                    "z": 0.04708178713917732
                },
                "rotation": {
                    "x": 0.4023102819919586,
                    "y": 0.25106680393218994,
                    "z": 0.21163047850131989,
                    "w": -0.8545901775360107
                }
            }
        },
        {
            "header": {
                "seq": 0,
                "stamp": {
                    "secs": 1687317998,
                    "nsecs": 138798830
                },
                "frame_id": "polhemus_base_0"
            },
            "child_frame_id": "polhemus_station_5",
            "transform": {
                "translation": {
                    "x": 0.18843263387680054,
                    "y": 0.0536663681268692,
                    "z": 0.009640374220907688
                },
                "rotation": {
                    "x": 0.27592676877975464,
                    "y": -0.30522972345352173,
                    "z": 0.07774196565151215,
                    "w": -0.9081053733825684
                }
            }
        }
    ]
}