{
    "transforms": [
        {
            "header": {
                "seq": 0,
                "stamp": {
                    "secs": 1687318009,
                    "nsecs": 119184906
                },
                "frame_id": "ra_base"
            },
            "child_frame_id": "ra_tool0_controller",
            "transform": {
                "translation": {
                    "x": -0.7487181822504334,
                    "y": -0.255245232101543,
                    "z": 0.6593548236268456
                },
                "rotation": {
                    "x": -0.49721983504919615,
                    "y": -0.5054849499681254,
                    "z": 0.49789307723820475,
                    "w": 0.4993594743545406
                }
            }
        }
    ]
}