{
    "transforms": [
        {
            "header": {
                "seq": 0,
                "stamp": {
                    "secs": 1687318013,
                    "nsecs": 813816220
                },
                "frame_id": "polhemus_base_0"
            },
            "child_frame_id": "polhemus_station_0",
            "transform": {
                "translation": {
                    "x": 0.04603831097483635,
                    "y": -0.07089976221323013,
                    "z": 0.14110888540744781
                },
                "rotation": {
                    "x": -0.24124909937381744,
                    "y": -0.5834966897964478,
                    "z": -0.1487269401550293,
                    "w": 0.7610589861869812
                }
            }
        },
        {
            "header": {
                "seq": 0,
                "stamp": {
                    "secs": 1687318013,
                    "nsecs": 813816220
                },
                "frame_id": "polhemus_base_0"
            },
            "child_frame_id": "polhemus_station_1",
            "transform": {
                "translation": {
                    "x": 0.13558045029640198,
                    "y": -0.024110816419124603,
                    "z": 0.05076291039586067
                },
                "rotation": {
                    "x": 0.08800870180130005,
                    "y": -0.2859039902687073,
                    "z": 0.10258733481168747,
                    "w": 0.9486774802207947
                }
            }
        },
        {
            "header": {
                "seq": 0,
                "stamp": {
                    "secs": 1687318013,
                    "nsecs": 813816220
                },
                "frame_id": "polhemus_base_0"
            },
            "child_frame_id": "polhemus_station_2",
            "transform": {
                "translation": {
                    "x": 0.1440754383802414,
                    "y": -0.01338939368724823,
                    "z": 0.06141231581568718
                },
                "rotation": {
                    "x": 0.03076833114027977,
                    "y": -0.412856787443161,
                    "z": -0.13990916311740875,
                    "w": 0.8994598984718323
                }
            }
        },
        {
            "header": {
                "seq": 0,
                "stamp": {
                    "secs": 1687318013,
                    "nsecs": 813816220
                },
                "frame_id": "polhemus_base_0"
            },
            "child_frame_id": "polhemus_station_3",
            "transform": {
                "translation": {
                    "x": 0.12314727157354355,
                    "y": 0.044487107545137405,
                    "z": 0.040708865970373154
                },
                "rotation": {
                    "x": -0.22007766366004944,
                    "y": -0.347043514251709,
                    "z": -0.09556053578853607,
                    "w": 0.9066391587257385
                }
            }
        },
        {
            "header": {
                "seq": 0,
                "stamp": {
                    "secs": 1687318013,
                    "nsecs": 813816220
                },
                "frame_id": "polhemus_base_0"
            },
            "child_frame_id": "polhemus_station_4",
            "transform": {
                "translation": {
                    "x": 0.13790126144886017,
                    "y": 0.06155816465616226,
                    "z": 0.04580333083868027
                },
                "rotation": {
                    "x": 0.41516414284706116,
                    "y": 0.2455371618270874,
                    "z": 0.21895447373390198,
                    "w": -0.848179817199707
                }
            }
        },
        {
            "header": {
                "seq": 0,
                "stamp": {
                    "secs": 1687318013,
                    "nsecs": 813816220
                },
                "frame_id": "polhemus_base_0"
            },
            "child_frame_id": "polhemus_station_5",
            "transform": {
                "translation": {
                    "x": 0.18833279609680176,
                    "y": 0.05238902196288109,
                    "z": 0.009366288781166077
                },
                "rotation": {
                    "x": 0.2805212140083313,
                    "y": -0.30610719323158264,
                    "z": 0.08404810726642609,
                    "w": -0.9058378338813782
                }
            }
        }
    ]
}