{
    "transforms": [
        {
            "header": {
                "seq": 0,
                "stamp": {
                    "secs": 1687318007,
                    "nsecs": 727184906
                },
                "frame_id": "ra_base"
            },
            "child_frame_id": "ra_tool0_controller",
            "transform": {
                "translation": {
                    "x": -0.6812301943872522,
                    "y": -0.09919692641059737,
                    "z": 0.6394469258286594
                },
                "rotation": {
                    "x": -0.5024551434779225,
                    "y": -0.5053659931841269,
                    "z": 0.49631133645429554,
                    "w": 0.49580147139006403
                }
            }
        }
    ]
}