{
    "transforms": [
        {
            "header": {
                "seq": 0,
                "stamp": {
                    "secs": 1687318012,
                    "nsecs": 672143983
                },
                "frame_id": "polhemus_base_0"
            },
            "child_frame_id": "polhemus_station_0",
            "transform": {
                "translation": {
                    "x": 0.046195030212402344,
                    "y": -0.07099185883998871,
                    "z": 0.14102484285831451
                },
                "rotation": {
                    "x": -0.24087373912334442,
                    "y": -0.5828768014907837,
                    "z": -0.1488623321056366,
                    "w": 0.761626124382019
                }
            }
        },
        {
            "header": {
                "seq": 0,
                "stamp": {
                    "secs": 1687318012,
                    "nsecs": 672143983
                },
                "frame_id": "polhemus_base_0"
            },
            "child_frame_id": "polhemus_station_1",
            "transform": {
                "translation": {
                    "x": 0.13557769358158112,
                    "y": -0.024147706106305122,
                    "z": 0.050755660980939865
                },
                "rotation": {
                    "x": 0.08806566894054413,
                    "y": -0.28591594099998474,
                    "z": 0.10233145952224731,
                    "w": 0.9486963152885437
                }
            }
        },
        {
            "header": {
                "seq": 0,
                "stamp": {
                    "secs": 1687318012,
                    "nsecs": 672143983
                },
                "frame_id": "polhemus_base_0"
            },
            "child_frame_id": "polhemus_station_2",
            "transform": {
                "translation": {
                    "x": 0.14406552910804749,
                    "y": -0.013453947380185127,
                    "z": 0.06142039969563484
                },
                "rotation": {
                    "x": 0.030829263851046562,
                    "y": -0.4130558371543884,
                    "z": -0.140350341796875,
                    "w": 0.8992976546287537
                }
            }
        },
        {
            "header": {
                "seq": 0,
                "stamp": {
                    "secs": 1687318012,
                    "nsecs": 672143983
                },
                "frame_id": "polhemus_base_0"
            },
            "child_frame_id": "polhemus_station_3",
            "transform": {
                "translation": {
                    "x": 0.12310441583395004,
                    "y": 0.04448958858847618,
                    "z": 0.04077647626399994
                },
                "rotation": {
                    "x": -0.22036023437976837,
                    "y": -0.3474404811859131,
                    "z": -0.09547188133001328,
                    "w": 0.906427800655365
                }
            }
        },
        {
            "header": {
                "seq": 0,
                "stamp": {
                    "secs": 1687318012,
                    "nsecs": 672143983
                },
                "frame_id": "polhemus_base_0"
            },
            "child_frame_id": "polhemus_station_4",
            "transform": {
                "translation": {
                    "x": 0.13783927261829376,
                    "y": 0.061610154807567596,
                    "z": 0.04585973173379898
                },
                "rotation": {
                    "x": 0.41476088762283325,
                    "y": 0.2455783188343048,
                    "z": 0.2186390459537506,
                    "w": -0.8484466075897217
                }
            }
        },
        {
            "header": {
                "seq": 0,
                "stamp": {
                    "secs": 1687318012,
                    "nsecs": 672143983
                },
                "frame_id": "polhemus_base_0"
            },
            "child_frame_id": "polhemus_station_5",
            "transform": {
                "translation": {
                    "x": 0.1883428990840912,
                    "y": 0.052475422620773315,
                    "z": 0.00942409597337246
                },
                "rotation": {
                    "x": 0.2801387310028076,
                    "y": -0.3059927523136139,
                    "z": 0.08352428674697876,
                    "w": -0.9060433506965637
                }
            }
        }
    ]
}