{
    "transforms": [
        {
            "header": {
                "seq": 0,
                "stamp": {
                    "secs": 1687318011,
                    "nsecs": 515184906
                },
                "frame_id": "ra_base"
            },
            "child_frame_id": "ra_tool0_controller",
            "transform": {
                "translation": {
                    "x": -0.7079237765413762,
                    "y": -0.6606337118346903,
                    "z": 0.6401787521614247
                },
                "rotation": {
                    "x": -0.4911050505108426,
                    "y": -0.5027543181735882,
                    "z": 0.5038469175276489,
                    "w": 0.5021874237955782
                }
            }
        }
    ]
}