{
    "transforms": [
        {
            "header": {
                "seq": 0,
                "stamp": {
                    "secs": 1687318026,
                    "nsecs": 247184906
                },
                "frame_id": "ra_base"
            },
            "child_frame_id": "ra_tool0_controller",
            "transform": {
                "translation": {
                    "x": -0.6728405555550785,
                    "y": -0.729385937331807,
                    "z": 0.6299449824749661
                },
                "rotation": {
                    "x": -0.49074883482657883,
                    "y": -0.5021549587822403,
                    "z": 0.5050160742854606,
                    "w": 0.5019608980787889
                }
            }
        }
    ]
}