{
    "transforms": [
        {
            "header": {
                "seq": 0,
                "stamp": {
                    "secs": 1687318015,
                    "nsecs": 869184906
                },
                "frame_id": "ra_base"
            },
            "child_frame_id": "ra_tool0_controller",
            "transform": {
                "translation": {
                    "x": -0.6728443133084853,
                    "y": -0.7293903110392,
                    "z": 0.6299355683926933
                },
                "rotation": {
                    "x": -0.49073549245724385,
                    "y": -0.502177818136555,
                    "z": 0.5049974131139687,
                    "w": 0.5019698478619558
                }
            }
        }
    ]
}