{
    "transforms": [
        {
            "header": {
                "seq": 0,
                "stamp": {
                    "secs": 1687318026,
                    "nsecs": 125184906
                },
                "frame_id": "ra_base"
            },
            "child_frame_id": "ra_tool0_controller",
            "transform": {
                "translation": {
                    "x": -0.6728420893309109,
                    "y": -0.7293887712033991,
                    "z": 0.6299512399571329
                },
                "rotation": {
                    "x": -0.490737073196848,
                    "y": -0.502153404146157,
                    "z": 0.5050235116293578,
                    "w": 0.5019664693942909
                }
            }
        }
    ]
}