{
    "transforms": [
        {
            "header": {
                "seq": 0,
                "stamp": {
                    "secs": 1687318013,
                    "nsecs": 599184906
                },
                "frame_id": "ra_base"
            },
            "child_frame_id": "ra_tool0_controller",
            "transform": {
                "translation": {
                    "x": -0.6728295042145128,
                    "y": -0.7293956050340986,
                    "z": 0.6299715088402166
                },
                "rotation": {
                    "x": -0.4907365060624296,
                    "y": -0.502159266153717,
                    "z": 0.5050154775463908,
                    "w": 0.5019692425559463
                }
            }
        }
    ]
}