{
    "transforms": [
        {
            "header": {
                "seq": 0,
                "stamp": {
                    "secs": 1687318015,
                    "nsecs": 59184906
                },
                "frame_id": "ra_base"
            },
            "child_frame_id": "ra_tool0_controller",
            "transform": {
                "translation": {
                    "x": -0.6728495978640797,
                    "y": -0.7293980845056387,
                    "z": 0.6299232345516798
                },
                "rotation": {
                    "x": -0.49073806567657297,
                    "y": -0.502165029043161,
                    "z": 0.5050057390904392,
                    "w": 0.5019717501890082
                }
            }
        }
    ]
}