{
    "transforms": [
        {
            "header": {
                "seq": 0,
                "stamp": {
                    "secs": 1687318010,
                    "nsecs": 745184906
                },
                "frame_id": "ra_base"
            },
            "child_frame_id": "ra_tool0_controller",
            "transform": {
                "translation": {
                    "x": -0.7517695266442487,
                    "y": -0.5251489520159992,
                    "z": 0.6546708426694321
                },
                "rotation": {
                    "x": -0.49228579487119145,
                    "y": -0.503848567569806,
                    "z": 0.5017826672167485,
                    "w": 0.5020014661400298
                }
            }
        }
    ]
}