{
    "transforms": [
        {
            "header": {
                "seq": 0,
                "stamp": {
                    "secs": 1687318014,
                    "nsecs": 11184906
                },
                "frame_id": "ra_base"
            },
            "child_frame_id": "ra_tool0_controller",
            "transform": {
                "translation": {
                    "x": -0.6728447016346972,
                    "y": -0.7294091004844986,
                    "z": 0.6299412816102792
                },
                "rotation": {
                    "x": -0.49073478830416484,
                    "y": -0.5021482202015976,
                    "z": 0.505026503608121,
                    "w": 0.5019708787865995
                }
            }
        }
    ]
}