{
    "transforms": [
        {
            "header": {
                "seq": 0,
                "stamp": {
                    "secs": 1687318023,
                    "nsecs": 315184906
                },
                "frame_id": "ra_base"
            },
            "child_frame_id": "ra_tool0_controller",
            "transform": {
                "translation": {
                    "x": -0.6728437704022372,
                    "y": -0.7293832129638114,
                    "z": 0.6299528244823251
                },
                "rotation": {
                    "x": -0.4907338900099284,
                    "y": -0.5021651031345049,
                    "z": 0.5050000388084153,
                    "w": 0.5019814928791047
                }
            }
        }
    ]
}