{
    "transforms": [
        {
            "header": {
                "seq": 0,
                "stamp": {
                    "secs": 1687318009,
                    "nsecs": 63184906
                },
                "frame_id": "ra_base"
            },
            "child_frame_id": "ra_tool0_controller",
            "transform": {
                "translation": {
                    "x": -0.7465952660597951,
                    "y": -0.247013680464321,
                    "z": 0.6588116967633394
                },
                "rotation": {
                    "x": -0.49742947684947336,
                    "y": -0.5055369648402032,
                    "z": 0.497772477113626,
                    "w": 0.49921824262498576
                }
            }
        }
    ]
}