{
    "transforms": [
        {
            "header": {
                "seq": 0,
                "stamp": {
                    "secs": 1687318015,
                    "nsecs": 577469062
                },
                "frame_id": "polhemus_base_0"
            },
            "child_frame_id": "rh_user_forearm",
            "transform": {
                "translation": {
                    "x": -0.18832635879516602,
                    "y": 0.05227220803499222,
                    "z": 0.009390479885041714
                },
                "rotation": {
                    "x": -0.2815593343318079,
                    "y": -0.3059765248811095,
                    "z": 0.08475204887610559,
                    "w": 0.905494228409884
                }
            }
        }
    ]
}