{
    "transforms": [
        {
            "header": {
                "seq": 0,
                "stamp": {
                    "secs": 1687317998,
                    "nsecs": 185807416
                },
                "frame_id": "polhemus_base_0"
            },
            "child_frame_id": "rh_user_forearm",
            "transform": {
                "translation": {
                    "x": -0.18843145668506622,
                    "y": 0.05367262661457062,
                    "z": 0.009638397954404354
                },
                "rotation": {
                    "x": -0.2759512969632877,
                    "y": -0.3052217970004907,
                    "z": 0.07772113407381878,
                    "w": 0.9081023960205974
                }
            }
        }
    ]
}