{
    "transforms": [
        {
            "header": {
                "seq": 0,
                "stamp": {
                    "secs": 1687318025,
                    "nsecs": 519139096
                },
                "frame_id": "polhemus_base_0"
            },
            "child_frame_id": "rh_user_forearm",
            "transform": {
                "translation": {
                    "x": -0.18833409249782562,
                    "y": 0.05184026435017586,
                    "z": 0.009316899813711643
                },
                "rotation": {
                    "x": -0.2834107590854881,
                    "y": -0.3056515469324529,
                    "z": 0.08749525289305388,
                    "w": 0.9047651928614222
                }
            }
        }
    ]
}