{
    "transforms": [
        {
            "header": {
                "seq": 0,
                "stamp": {
                    "secs": 1687318007,
                    "nsecs": 513783848
                },
                "frame_id": "polhemus_base_0"
            },
            "child_frame_id": "polhemus_station_0",
            "transform": {
                "translation": {
                    "x": 0.046638548374176025,
                    "y": -0.07145824283361435,
                    "z": 0.14076334238052368
                },
                "rotation": {
                    "x": -0.23841296136379242,
                    "y": -0.5812245607376099,
                    "z": -0.14920668303966522,
                    "w": 0.7635931372642517
                }
            }
        },
        {
            "header": {
                "seq": 0,
                "stamp": {
                    "secs": 1687318007,
                    "nsecs": 513783848
                },
                "frame_id": "polhemus_base_0"
            },
            "child_frame_id": "polhemus_station_1",
            "transform": {
                "translation": {
                    "x": 0.13557782769203186,
                    "y": -0.024142088368535042,
                    "z": 0.05075185373425484
                },
                "rotation": {
                    "x": 0.08768588304519653,
                    "y": -0.285955548286438,
                    "z": 0.10229726880788803,
                    "w": 0.9487231969833374
                }
            }
        },
        {
            "header": {
                "seq": 0,
                "stamp": {
                    "secs": 1687318007,
                    "nsecs": 513783848
                },
                "frame_id": "polhemus_base_0"
            },
            "child_frame_id": "polhemus_station_2",
            "transform": {
                "translation": {
                    "x": 0.14407768845558167,
                    "y": -0.013444882817566395,
                    "z": 0.06140528619289398
                },
                "rotation": {
                    "x": 0.031474191695451736,
                    "y": -0.4130289554595947,
                    "z": -0.14062723517417908,
                    "w": 0.8992443680763245
                }
            }
        },
        {
            "header": {
                "seq": 0,
                "stamp": {
                    "secs": 1687318007,
                    "nsecs": 513783848
                },
                "frame_id": "polhemus_base_0"
            },
            "child_frame_id": "polhemus_station_3",
            "transform": {
                "translation": {
                    "x": 0.12294478714466095,
                    "y": 0.04447263851761818,
                    "z": 0.04109581187367439
                },
                "rotation": {
                    "x": -0.22226937115192413,
                    "y": -0.34941351413726807,
                    "z": -0.09601782262325287,
                    "w": 0.9051446318626404
                }
            }
        },
        {
            "header": {
                "seq": 0,
                "stamp": {
                    "secs": 1687318007,
                    "nsecs": 513783848
                },
                "frame_id": "polhemus_base_0"
            },
            "child_frame_id": "polhemus_station_4",
            "transform": {
                "translation": {
                    "x": 0.1375516802072525,
                    "y": 0.061736203730106354,
                    "z": 0.046223148703575134
                },
                "rotation": {
                    "x": 0.41074538230895996,
                    "y": 0.24635747075080872,
                    "z": 0.21802686154842377,
                    "w": -0.850329577922821
                }
            }
        },
        {
            "header": {
                "seq": 0,
                "stamp": {
                    "secs": 1687318007,
                    "nsecs": 513783848
                },
                "frame_id": "polhemus_base_0"
            },
            "child_frame_id": "polhemus_station_5",
            "transform": {
                "translation": {
                    "x": 0.1883310228586197,
                    "y": 0.052819449454545975,
                    "z": 0.00950484350323677
                },
                "rotation": {
                    "x": 0.27873390913009644,
                    "y": -0.3060896694660187,
                    "z": 0.0815647691488266,
                    "w": -0.9066221714019775
                }
            }
        }
    ]
}