{
    "transforms": [
        {
            "header": {
                "seq": 0,
                "stamp": {
                    "secs": 1687318022,
                    "nsecs": 499184906
                },
                "frame_id": "ra_base"
            },
            "child_frame_id": "ra_tool0_controller",
            "transform": {
                "translation": {
                    "x": -0.672835064454861,
                    "y": -0.729391220152465,
                    "z": 0.6299579998669618
                },
                "rotation": {
                    "x": -0.490741736074258,
                    "y": -0.5021611839703828,
                    "z": 0.5050101092047422,
                    "w": 0.5019676118927406
                }
            }
        }
    ]
}