{
    "transforms": [
        {
            "header": {
                "seq": 0,
                "stamp": {
                    "secs": 1687318019,
                    "nsecs": 163807552
                },
                "frame_id": "polhemus_base_0"
            },
            "child_frame_id": "polhemus_station_0",
            "transform": {
                "translation": {
                    "x": 0.04562752693891525,
                    "y": -0.07045117020606995,
                    "z": 0.14137820899486542
                },
                "rotation": {
                    "x": -0.24371123313903809,
                    "y": -0.585121750831604,
                    "z": -0.14857405424118042,
                    "w": 0.7590541243553162
                }
            }
        },
        {
            "header": {
                "seq": 0,
                "stamp": {
                    "secs": 1687318019,
                    "nsecs": 163807552
                },
                "frame_id": "polhemus_base_0"
            },
            "child_frame_id": "polhemus_station_1",
            "transform": {
                "translation": {
                    "x": 0.13559049367904663,
                    "y": -0.024062447249889374,
                    "z": 0.05080312862992287
                },
                "rotation": {
                    "x": 0.08806822448968887,
                    "y": -0.2857750654220581,
                    "z": 0.10278293490409851,
                    "w": 0.9486896395683289
                }
            }
        },
        {
            "header": {
                "seq": 0,
                "stamp": {
                    "secs": 1687318019,
                    "nsecs": 163807552
                },
                "frame_id": "polhemus_base_0"
            },
            "child_frame_id": "polhemus_station_2",
            "transform": {
                "translation": {
                    "x": 0.14407911896705627,
                    "y": -0.013374163769185543,
                    "z": 0.06143827736377716
                },
                "rotation": {
                    "x": 0.030237942934036255,
                    "y": -0.4128115773200989,
                    "z": -0.13960276544094086,
                    "w": 0.8995462656021118
                }
            }
        },
        {
            "header": {
                "seq": 0,
                "stamp": {
                    "secs": 1687318019,
                    "nsecs": 163807552
                },
                "frame_id": "polhemus_base_0"
            },
            "child_frame_id": "polhemus_station_3",
            "transform": {
                "translation": {
                    "x": 0.1232849508523941,
                    "y": 0.044457901269197464,
                    "z": 0.04050897806882858
                },
                "rotation": {
                    "x": -0.2203185111284256,
                    "y": -0.34599924087524414,
                    "z": -0.09631112962961197,
                    "w": 0.9069002270698547
                }
            }
        },
        {
            "header": {
                "seq": 0,
                "stamp": {
                    "secs": 1687318019,
                    "nsecs": 163807552
                },
                "frame_id": "polhemus_base_0"
            },
            "child_frame_id": "polhemus_station_4",
            "transform": {
                "translation": {
                    "x": 0.13809393346309662,
                    "y": 0.06147882342338562,
                    "z": 0.04553387314081192
                },
                "rotation": {
                    "x": 0.41886070370674133,
                    "y": 0.24544163048267365,
                    "z": 0.21960407495498657,
                    "w": -0.8462198972702026
                }
            }
        },
        {
            "header": {
                "seq": 0,
                "stamp": {
                    "secs": 1687318019,
                    "nsecs": 163807552
                },
                "frame_id": "polhemus_base_0"
            },
            "child_frame_id": "polhemus_station_5",
            "transform": {
                "translation": {
                    "x": 0.18832002580165863,
                    "y": 0.05208340287208557,
                    "z": 0.009359749034047127
                },
                "rotation": {
                    "x": 0.2820735275745392,
                    "y": -0.305904746055603,
                    "z": 0.08594147861003876,
                    "w": -0.9052463173866272
                }
            }
        }
    ]
}