{
    "transforms": [
        {
            "header": {
                "seq": 0,
                "stamp": {
                    "secs": 1687318015,
                    "nsecs": 533184906
                },
                "frame_id": "ra_base"
            },
            "child_frame_id": "ra_tool0_controller",
            "transform": {
                "translation": {
                    "x": -0.6728520528244676,
                    "y": -0.729388180901716,
                    "z": 0.6299418320686043
                },
                "rotation": {
                    "x": -0.4907319375651204,
                    "y": -0.5021682165138714,
                    "z": 0.5050121537093017,
                    "w": 0.5019680989692005
                }
            }
        }
    ]
}