{
    "transforms": [
        {
            "header": {
                "seq": 0,
                "stamp": {
                    "secs": 1687318007,
                    "nsecs": 127184906
                },
                "frame_id": "ra_base"
            },
            "child_frame_id": "ra_tool0_controller",
            "transform": {
                "translation": {
                    "x": -0.6760743411281516,
                    "y": -0.09155613239601365,
                    "z": 0.6376332433652238
                },
                "rotation": {
                    "x": -0.5027983535459606,
                    "y": -0.505329509327096,
                    "z": 0.4962623964322139,
                    "w": 0.49553964176649273
                }
            }
        }
    ]
}