{
    "transforms": [
        {
            "header": {
                "seq": 0,
                "stamp": {
                    "secs": 1687318007,
                    "nsecs": 47166995
                },
                "frame_id": "polhemus_base_0"
            },
            "child_frame_id": "polhemus_station_0",
            "transform": {
                "translation": {
                    "x": 0.046615857630968094,
                    "y": -0.07148376852273941,
                    "z": 0.1407601535320282
                },
                "rotation": {
                    "x": -0.2383398562669754,
                    "y": -0.5813406109809875,
                    "z": -0.149286687374115,
                    "w": 0.7635120749473572
                }
            }
        },
        {
            "header": {
                "seq": 0,
                "stamp": {
                    "secs": 1687318007,
                    "nsecs": 47166995
                },
                "frame_id": "polhemus_base_0"
            },
            "child_frame_id": "polhemus_station_1",
            "transform": {
                "translation": {
                    "x": 0.13556858897209167,
                    "y": -0.024127788841724396,
                    "z": 0.0507691353559494
                },
                "rotation": {
                    "x": 0.08766059577465057,
                    "y": -0.28608033061027527,
                    "z": 0.10233217477798462,
                    "w": 0.9486841559410095
                }
            }
        },
        {
            "header": {
                "seq": 0,
                "stamp": {
                    "secs": 1687318007,
                    "nsecs": 47166995
                },
                "frame_id": "polhemus_base_0"
            },
            "child_frame_id": "polhemus_station_2",
            "transform": {
                "translation": {
                    "x": 0.14407342672348022,
                    "y": -0.013439849019050598,
                    "z": 0.061407554894685745
                },
                "rotation": {
                    "x": 0.031484995037317276,
                    "y": -0.41301578283309937,
                    "z": -0.14059263467788696,
                    "w": 0.8992553949356079
                }
            }
        },
        {
            "header": {
                "seq": 0,
                "stamp": {
                    "secs": 1687318007,
                    "nsecs": 47166995
                },
                "frame_id": "polhemus_base_0"
            },
            "child_frame_id": "polhemus_station_3",
            "transform": {
                "translation": {
                    "x": 0.12293867766857147,
                    "y": 0.04447566345334053,
                    "z": 0.041106101125478745
                },
                "rotation": {
                    "x": -0.22232447564601898,
                    "y": -0.3494601249694824,
                    "z": -0.09593469649553299,
                    "w": 0.9051219820976257
                }
            }
        },
        {
            "header": {
                "seq": 0,
                "stamp": {
                    "secs": 1687318007,
                    "nsecs": 47166995
                },
                "frame_id": "polhemus_base_0"
            },
            "child_frame_id": "polhemus_station_4",
            "transform": {
                "translation": {
                    "x": 0.1375432312488556,
                    "y": 0.061742521822452545,
                    "z": 0.046234335750341415
                },
                "rotation": {
                    "x": 0.41052088141441345,
                    "y": 0.2462291568517685,
                    "z": 0.2178671509027481,
                    "w": -0.8505160808563232
                }
            }
        },
        {
            "header": {
                "seq": 0,
                "stamp": {
                    "secs": 1687318007,
                    "nsecs": 47166995
                },
                "frame_id": "polhemus_base_0"
            },
            "child_frame_id": "polhemus_station_5",
            "transform": {
                "translation": {
                    "x": 0.18832825124263763,
                    "y": 0.05284013971686363,
                    "z": 0.009445981122553349
                },
                "rotation": {
                    "x": 0.2784792482852936,
                    "y": -0.3065129518508911,
                    "z": 0.08128789067268372,
                    "w": -0.906582236289978
                }
            }
        }
    ]
}