{
    "transforms": [
        {
            "header": {
                "seq": 0,
                "stamp": {
                    "secs": 1687318016,
                    "nsecs": 489184906
                },
                "frame_id": "ra_base"
            },
            "child_frame_id": "ra_tool0_controller",
            "transform": {
                "translation": {
                    "x": -0.672843359500223,
                    "y": -0.729384986567971,
                    "z": 0.6299595707661939
                },
                "rotation": {
                    "x": -0.4907320787744983,
                    "y": -0.5021609026510677,
                    "z": 0.5050123772985164,
                    "w": 0.5019750526526446
                }
            }
        }
    ]
}