{
    "transforms": [
        {
            "header": {
                "seq": 0,
                "stamp": {
                    "secs": 1687318003,
                    "nsecs": 972163394
                },
                "frame_id": "polhemus_base_0"
            },
            "child_frame_id": "polhemus_station_0",
            "transform": {
                "translation": {
                    "x": 0.04676120728254318,
                    "y": -0.0716308131814003,
                    "z": 0.14066912233829498
                },
                "rotation": {
                    "x": -0.23762516677379608,
                    "y": -0.5806766748428345,
                    "z": -0.1495528519153595,
                    "w": 0.7641876935958862
                }
            }
        },
        {
            "header": {
                "seq": 0,
                "stamp": {
                    "secs": 1687318003,
                    "nsecs": 972163394
                },
                "frame_id": "polhemus_base_0"
            },
            "child_frame_id": "polhemus_station_1",
            "transform": {
                "translation": {
                    "x": 0.13555553555488586,
                    "y": -0.024141088128089905,
                    "z": 0.050785064697265625
                },
                "rotation": {
                    "x": 0.0875869020819664,
                    "y": -0.2862268388271332,
                    "z": 0.10229771584272385,
                    "w": 0.9486504793167114
                }
            }
        },
        {
            "header": {
                "seq": 0,
                "stamp": {
                    "secs": 1687318003,
                    "nsecs": 972163394
                },
                "frame_id": "polhemus_base_0"
            },
            "child_frame_id": "polhemus_station_2",
            "transform": {
                "translation": {
                    "x": 0.14404967427253723,
                    "y": -0.013449449092149734,
                    "z": 0.06144692748785019
                },
                "rotation": {
                    "x": 0.03143240511417389,
                    "y": -0.4133036732673645,
                    "z": -0.14064541459083557,
                    "w": 0.8991167545318604
                }
            }
        },
        {
            "header": {
                "seq": 0,
                "stamp": {
                    "secs": 1687318003,
                    "nsecs": 972163394
                },
                "frame_id": "polhemus_base_0"
            },
            "child_frame_id": "polhemus_station_3",
            "transform": {
                "translation": {
                    "x": 0.12287957221269608,
                    "y": 0.04453030601143837,
                    "z": 0.04121614620089531
                },
                "rotation": {
                    "x": -0.22190845012664795,
                    "y": -0.34997665882110596,
                    "z": -0.09557775408029556,
                    "w": 0.9050621390342712
                }
            }
        },
        {
            "header": {
                "seq": 0,
                "stamp": {
                    "secs": 1687318003,
                    "nsecs": 972163394
                },
                "frame_id": "polhemus_base_0"
            },
            "child_frame_id": "polhemus_station_4",
            "transform": {
                "translation": {
                    "x": 0.13748110830783844,
                    "y": 0.06181519106030464,
                    "z": 0.04629348963499069
                },
                "rotation": {
                    "x": 0.4094565808773041,
                    "y": 0.24627315998077393,
                    "z": 0.21702805161476135,
                    "w": -0.8512306809425354
                }
            }
        },
        {
            "header": {
                "seq": 0,
                "stamp": {
                    "secs": 1687318003,
                    "nsecs": 972163394
                },
                "frame_id": "polhemus_base_0"
            },
            "child_frame_id": "polhemus_station_5",
            "transform": {
                "translation": {
                    "x": 0.18836161494255066,
                    "y": 0.05290168151259422,
                    "z": 0.0095579344779253
                },
                "rotation": {
                    "x": 0.2778703272342682,
                    "y": -0.3059840798377991,
                    "z": 0.08114728331565857,
                    "w": -0.9069603085517883
                }
            }
        }
    ]
}