{
    "transforms": [
        {
            "header": {
                "seq": 0,
                "stamp": {
                    "secs": 1687318017,
                    "nsecs": 215184906
                },
                "frame_id": "ra_base"
            },
            "child_frame_id": "ra_tool0_controller",
            "transform": {
                "translation": {
                    "x": -0.6728522865304182,
                    "y": -0.7293752934298684,
                    "z": 0.6299432106592667
                },
                "rotation": {
                    "x": -0.49075530784951427,
                    "y": -0.5021469557258811,
                    "z": 0.505012942108546,
                    "w": 0.5019657268934095
                }
            }
        }
    ]
}