{
    "transforms": [
        {
            "header": {
                "seq": 0,
                "stamp": {
                    "secs": 1687318013,
                    "nsecs": 481184906
                },
                "frame_id": "ra_base"
            },
            "child_frame_id": "ra_tool0_controller",
            "transform": {
                "translation": {
                    "x": -0.6728383410561487,
                    "y": -0.7293993384917241,
                    "z": 0.629962097147643
                },
                "rotation": {
                    "x": -0.490731256814671,
                    "y": -0.502158950155657,
                    "z": 0.5050157421461158,
                    "w": 0.5019744241973586
                }
            }
        }
    ]
}