{
    "transforms": [
        {
            "header": {
                "seq": 0,
                "stamp": {
                    "secs": 1687318002,
                    "nsecs": 272128512
                },
                "frame_id": "polhemus_base_0"
            },
            "child_frame_id": "polhemus_station_0",
            "transform": {
                "translation": {
                    "x": 0.04717826470732689,
                    "y": -0.07189948111772537,
                    "z": 0.14046552777290344
                },
                "rotation": {
                    "x": -0.2358364462852478,
                    "y": -0.579159140586853,
                    "z": -0.14953580498695374,
                    "w": 0.7658947706222534
                }
            }
        },
        {
            "header": {
                "seq": 0,
                "stamp": {
                    "secs": 1687318002,
                    "nsecs": 272128512
                },
                "frame_id": "polhemus_base_0"
            },
            "child_frame_id": "polhemus_station_1",
            "transform": {
                "translation": {
                    "x": 0.13545763492584229,
                    "y": -0.02395443804562092,
                    "z": 0.05092671513557434
                },
                "rotation": {
                    "x": 0.08647238463163376,
                    "y": -0.2869543433189392,
                    "z": 0.10302822291851044,
                    "w": 0.9484539031982422
                }
            }
        },
        {
            "header": {
                "seq": 0,
                "stamp": {
                    "secs": 1687318002,
                    "nsecs": 272128512
                },
                "frame_id": "polhemus_base_0"
            },
            "child_frame_id": "polhemus_station_2",
            "transform": {
                "translation": {
                    "x": 0.14393030107021332,
                    "y": -0.013222978450357914,
                    "z": 0.06157230585813522
                },
                "rotation": {
                    "x": 0.03009508177638054,
                    "y": -0.41432246565818787,
                    "z": -0.13970337808132172,
                    "w": 0.8988403677940369
                }
            }
        },
        {
            "header": {
                "seq": 0,
                "stamp": {
                    "secs": 1687318002,
                    "nsecs": 272128512
                },
                "frame_id": "polhemus_base_0"
            },
            "child_frame_id": "polhemus_station_3",
            "transform": {
                "translation": {
                    "x": 0.12266836315393448,
                    "y": 0.04480183869600296,
                    "z": 0.04185830056667328
                },
                "rotation": {
                    "x": -0.2232619822025299,
                    "y": -0.3522205948829651,
                    "z": -0.0955374464392662,
                    "w": 0.9038623571395874
                }
            }
        },
        {
            "header": {
                "seq": 0,
                "stamp": {
                    "secs": 1687318002,
                    "nsecs": 272128512
                },
                "frame_id": "polhemus_base_0"
            },
            "child_frame_id": "polhemus_station_4",
            "transform": {
                "translation": {
                    "x": 0.13684915006160736,
                    "y": 0.062332358211278915,
                    "z": 0.04686908796429634
                },
                "rotation": {
                    "x": 0.404293954372406,
                    "y": 0.2502800524234772,
                    "z": 0.21334302425384521,
                    "w": -0.8534582853317261
                }
            }
        },
        {
            "header": {
                "seq": 0,
                "stamp": {
                    "secs": 1687318002,
                    "nsecs": 272128512
                },
                "frame_id": "polhemus_base_0"
            },
            "child_frame_id": "polhemus_station_5",
            "transform": {
                "translation": {
                    "x": 0.18842071294784546,
                    "y": 0.05341685935854912,
                    "z": 0.00965946726500988
                },
                "rotation": {
                    "x": 0.27633512020111084,
                    "y": -0.3055090010166168,
                    "z": 0.07875803112983704,
                    "w": -0.9077996611595154
                }
            }
        }
    ]
}