{
    "transforms": [
        {
            "header": {
                "seq": 0,
                "stamp": {
                    "secs": 1687318009,
                    "nsecs": 615184906
                },
                "frame_id": "ra_base"
            },
            "child_frame_id": "ra_tool0_controller",
            "transform": {
                "translation": {
                    "x": -0.7622925375106876,
                    "y": -0.3322437378693722,
                    "z": 0.66163336675103
                },
                "rotation": {
                    "x": -0.4954557738865781,
                    "y": -0.5051748533193609,
                    "z": 0.4988462680212018,
                    "w": 0.5004741197879602
                }
            }
        }
    ]
}