{
    "transforms": [
        {
            "header": {
                "seq": 0,
                "stamp": {
                    "secs": 1687318013,
                    "nsecs": 773184906
                },
                "frame_id": "ra_base"
            },
            "child_frame_id": "ra_tool0_controller",
            "transform": {
                "translation": {
                    "x": -0.6728174999355631,
                    "y": -0.7294055734448063,
                    "z": 0.6299399497962188
                },
                "rotation": {
                    "x": -0.4907284582732717,
                    "y": -0.502178927317941,
                    "z": 0.5050053013168178,
                    "w": 0.50196767907949
                }
            }
        }
    ]
}