{
    "transforms": [
        {
            "header": {
                "seq": 0,
                "stamp": {
                    "secs": 1687318023,
                    "nsecs": 957184906
                },
                "frame_id": "ra_base"
            },
            "child_frame_id": "ra_tool0_controller",
            "transform": {
                "translation": {
                    "x": -0.6728500230308154,
                    "y": -0.7293943998064923,
                    "z": 0.6299364087156566
                },
                "rotation": {
                    "x": -0.49073633914532927,
                    "y": -0.5021540391155783,
                    "z": 0.5050166817985842,
                    "w": 0.5019734231483759
                }
            }
        }
    ]
}