{
    "transforms": [
        {
            "header": {
                "seq": 0,
                "stamp": {
                    "secs": 1687318019,
                    "nsecs": 369184906
                },
                "frame_id": "ra_base"
            },
            "child_frame_id": "ra_tool0_controller",
            "transform": {
                "translation": {
                    "x": -0.6728522505778105,
                    "y": -0.7293718426410819,
                    "z": 0.6299705343608751
                },
                "rotation": {
                    "x": -0.4907363017666481,
                    "y": -0.5021465520296137,
                    "z": 0.505017108827832,
                    "w": 0.5019805197458777
                }
            }
        }
    ]
}