{
    "transforms": [
        {
            "header": {
                "seq": 0,
                "stamp": {
                    "secs": 1687317998,
                    "nsecs": 411579978
                },
                "frame_id": "ra_base"
            },
            "child_frame_id": "ra_tool0_controller",
            "transform": {
                "translation": {
                    "x": -0.6760722798310931,
                    "y": -0.09154087819285366,
                    "z": 0.6376415748221479
                },
                "rotation": {
                    "x": -0.5028139401120423,
                    "y": -0.5053223028942762,
                    "z": 0.49623841265360974,
                    "w": 0.4955551933272971
                }
            }
        }
    ]
}