{
    "transforms": [
        {
            "header": {
                "seq": 0,
                "stamp": {
                    "secs": 1687318010,
                    "nsecs": 27184906
                },
                "frame_id": "ra_base"
            },
            "child_frame_id": "ra_tool0_controller",
            "transform": {
                "translation": {
                    "x": -0.7655384322987275,
                    "y": -0.4003983147889984,
                    "z": 0.6610374496789527
                },
                "rotation": {
                    "x": -0.4941345243983549,
                    "y": -0.5048057618003854,
                    "z": 0.4998185271963957,
                    "w": 0.5011822567908505
                }
            }
        }
    ]
}