{
    "transforms": [
        {
            "header": {
                "seq": 0,
                "stamp": {
                    "secs": 1687318015,
                    "nsecs": 313184906
                },
                "frame_id": "ra_base"
            },
            "child_frame_id": "ra_tool0_controller",
            "transform": {
                "translation": {
                    "x": -0.6728429209587793,
                    "y": -0.7293850432813805,
                    "z": 0.6299940942570144
                },
                "rotation": {
                    "x": -0.49073273588665,
                    "y": -0.5021353680580812,
                    "z": 0.5050394827592566,
                    "w": 0.5019726834486526
                }
            }
        }
    ]
}