{
    "transforms": [
        {
            "header": {
                "seq": 0,
                "stamp": {
                    "secs": 1687318005,
                    "nsecs": 935184906
                },
                "frame_id": "ra_base"
            },
            "child_frame_id": "ra_tool0_controller",
            "transform": {
                "translation": {
                    "x": -0.6760778248314377,
                    "y": -0.09153089636487417,
                    "z": 0.6376099729204678
                },
                "rotation": {
                    "x": -0.5028290993522142,
                    "y": -0.5053236039494028,
                    "z": 0.4962334819248849,
                    "w": 0.4955434224696491
                }
            }
        }
    ]
}