{
    "transforms": [
        {
            "header": {
                "seq": 0,
                "stamp": {
                    "secs": 1687318024,
                    "nsecs": 763184906
                },
                "frame_id": "ra_base"
            },
            "child_frame_id": "ra_tool0_controller",
            "transform": {
                "translation": {
                    "x": -0.6728494110697487,
                    "y": -0.7293711174683244,
                    "z": 0.6299701914447159
                },
                "rotation": {
                    "x": -0.4907457020689922,
                    "y": -0.5021388110291507,
                    "z": 0.5050146243217937,
                    "w": 0.5019815729488091
                }
            }
        }
    ]
}