{
    "transforms": [
        {
            "header": {
                "seq": 0,
                "stamp": {
                    "secs": 1687318021,
                    "nsecs": 5486990
                },
                "frame_id": "polhemus_base_0"
            },
            "child_frame_id": "polhemus_station_0",
            "transform": {
                "translation": {
                    "x": 0.04547496885061264,
                    "y": -0.07028710842132568,
                    "z": 0.14144755899906158
                },
                "rotation": {
                    "x": -0.24422496557235718,
                    "y": -0.585772693157196,
                    "z": -0.1480206698179245,
                    "w": 0.7584947347640991
                }
            }
        },
        {
            "header": {
                "seq": 0,
                "stamp": {
                    "secs": 1687318021,
                    "nsecs": 5486990
                },
                "frame_id": "polhemus_base_0"
            },
            "child_frame_id": "polhemus_station_1",
            "transform": {
                "translation": {
                    "x": 0.13558614253997803,
                    "y": -0.024006584659218788,
                    "z": 0.05080610141158104
                },
                "rotation": {
                    "x": 0.08826100081205368,
                    "y": -0.2857193052768707,
                    "z": 0.10309188067913055,
                    "w": 0.9486551284790039
                }
            }
        },
        {
            "header": {
                "seq": 0,
                "stamp": {
                    "secs": 1687318021,
                    "nsecs": 5486990
                },
                "frame_id": "polhemus_base_0"
            },
            "child_frame_id": "polhemus_station_2",
            "transform": {
                "translation": {
                    "x": 0.1440483182668686,
                    "y": -0.013276844285428524,
                    "z": 0.06147904694080353
                },
                "rotation": {
                    "x": 0.030507778748869896,
                    "y": -0.41301801800727844,
                    "z": -0.13875700533390045,
                    "w": 0.8995732665061951
                }
            }
        },
        {
            "header": {
                "seq": 0,
                "stamp": {
                    "secs": 1687318021,
                    "nsecs": 5486990
                },
                "frame_id": "polhemus_base_0"
            },
            "child_frame_id": "polhemus_station_3",
            "transform": {
                "translation": {
                    "x": 0.1233210489153862,
                    "y": 0.04447299987077713,
                    "z": 0.04045040160417557
                },
                "rotation": {
                    "x": -0.22082507610321045,
                    "y": -0.3457494080066681,
                    "z": -0.09648039937019348,
                    "w": 0.9068543910980225
                }
            }
        },
        {
            "header": {
                "seq": 0,
                "stamp": {
                    "secs": 1687318021,
                    "nsecs": 5486990
                },
                "frame_id": "polhemus_base_0"
            },
            "child_frame_id": "polhemus_station_4",
            "transform": {
                "translation": {
                    "x": 0.1381479650735855,
                    "y": 0.06149064004421234,
                    "z": 0.045467521995306015
                },
                "rotation": {
                    "x": 0.4200783669948578,
                    "y": 0.24574613571166992,
                    "z": 0.21944023668766022,
                    "w": -0.8455701470375061
                }
            }
        },
        {
            "header": {
                "seq": 0,
                "stamp": {
                    "secs": 1687318021,
                    "nsecs": 5486990
                },
                "frame_id": "polhemus_base_0"
            },
            "child_frame_id": "polhemus_station_5",
            "transform": {
                "translation": {
                    "x": 0.1883179396390915,
                    "y": 0.05200241133570671,
                    "z": 0.00929185189306736
                },
                "rotation": {
                    "x": 0.28297415375709534,
                    "y": -0.30601537227630615,
                    "z": 0.08629690110683441,
                    "w": -0.9048939943313599
                }
            }
        }
    ]
}