{
    "transforms": [
        {
            "header": {
                "seq": 0,
                "stamp": {
                    "secs": 1687318010,
                    "nsecs": 72137606
                },
                "frame_id": "polhemus_base_0"
            },
            "child_frame_id": "polhemus_station_0",
            "transform": {
                "translation": {
                    "x": 0.04662560671567917,
                    "y": -0.07127570360898972,
                    "z": 0.1408587098121643
                },
                "rotation": {
                    "x": -0.2396017462015152,
                    "y": -0.5811535120010376,
                    "z": -0.14909930527210236,
                    "w": 0.7632960677146912
                }
            }
        },
        {
            "header": {
                "seq": 0,
                "stamp": {
                    "secs": 1687318010,
                    "nsecs": 72137606
                },
                "frame_id": "polhemus_base_0"
            },
            "child_frame_id": "polhemus_station_1",
            "transform": {
                "translation": {
                    "x": 0.13559171557426453,
                    "y": -0.024168122559785843,
                    "z": 0.05075373873114586
                },
                "rotation": {
                    "x": 0.08785302937030792,
                    "y": -0.2859709858894348,
                    "z": 0.10217595100402832,
                    "w": 0.9487161040306091
                }
            }
        },
        {
            "header": {
                "seq": 0,
                "stamp": {
                    "secs": 1687318010,
                    "nsecs": 72137606
                },
                "frame_id": "polhemus_base_0"
            },
            "child_frame_id": "polhemus_station_2",
            "transform": {
                "translation": {
                    "x": 0.14410512149333954,
                    "y": -0.013482318259775639,
                    "z": 0.06139146164059639
                },
                "rotation": {
                    "x": 0.03125195950269699,
                    "y": -0.41284310817718506,
                    "z": -0.140745148062706,
                    "w": 0.8993191719055176
                }
            }
        },
        {
            "header": {
                "seq": 0,
                "stamp": {
                    "secs": 1687318010,
                    "nsecs": 72137606
                },
                "frame_id": "polhemus_base_0"
            },
            "child_frame_id": "polhemus_station_3",
            "transform": {
                "translation": {
                    "x": 0.123012013733387,
                    "y": 0.04449278116226196,
                    "z": 0.0409366711974144
                },
                "rotation": {
                    "x": -0.2209063321352005,
                    "y": -0.34833571314811707,
                    "z": -0.09515967965126038,
                    "w": 0.9059839844703674
                }
            }
        },
        {
            "header": {
                "seq": 0,
                "stamp": {
                    "secs": 1687318010,
                    "nsecs": 72137606
                },
                "frame_id": "polhemus_base_0"
            },
            "child_frame_id": "polhemus_station_4",
            "transform": {
                "translation": {
                    "x": 0.13772675395011902,
                    "y": 0.0616319477558136,
                    "z": 0.04603687673807144
                },
                "rotation": {
                    "x": 0.4120326340198517,
                    "y": 0.24521343410015106,
                    "z": 0.218515545129776,
                    "w": -0.8499119877815247
                }
            }
        },
        {
            "header": {
                "seq": 0,
                "stamp": {
                    "secs": 1687318010,
                    "nsecs": 72137606
                },
                "frame_id": "polhemus_base_0"
            },
            "child_frame_id": "polhemus_station_5",
            "transform": {
                "translation": {
                    "x": 0.18835048377513885,
                    "y": 0.0526074580848217,
                    "z": 0.009456904605031013
                },
                "rotation": {
                    "x": 0.27898722887039185,
                    "y": -0.3062490224838257,
                    "z": 0.08259114623069763,
                    "w": -0.9063974618911743
                }
            }
        }
    ]
}