{
    "transforms": [
        {
            "header": {
                "seq": 0,
                "stamp": {
                    "secs": 1687318023,
                    "nsecs": 265184906
                },
                "frame_id": "ra_base"
            },
            "child_frame_id": "ra_tool0_controller",
            "transform": {
                "translation": {
                    "x": -0.6728439331354716,
                    "y": -0.7293852565339692,
                    "z": 0.6299553513941271
                },
                "rotation": {
                    "x": -0.4907363442088288,
                    "y": -0.5021612021088038,
                    "z": 0.5050121170893184,
                    "w": 0.5019708449324121
                }
            }
        }
    ]
}