{
    "transforms": [
        {
            "header": {
                "seq": 0,
                "stamp": {
                    "secs": 1687318002,
                    "nsecs": 419579978
                },
                "frame_id": "ra_base"
            },
            "child_frame_id": "ra_tool0_controller",
            "transform": {
                "translation": {
                    "x": -0.6760756826646379,
                    "y": -0.091544009488918,
                    "z": 0.6376555636850101
                },
                "rotation": {
                    "x": -0.5027948465172882,
                    "y": -0.505320221919934,
                    "z": 0.4962563293572101,
                    "w": 0.4955587464744757
                }
            }
        }
    ]
}