{
    "transforms": [
        {
            "header": {
                "seq": 0,
                "stamp": {
                    "secs": 1687318008,
                    "nsecs": 199184906
                },
                "frame_id": "ra_base"
            },
            "child_frame_id": "ra_tool0_controller",
            "transform": {
                "translation": {
                    "x": -0.7016023756958175,
                    "y": -0.13324311088488006,
                    "z": 0.6461624948795713
                },
                "rotation": {
                    "x": -0.5010785909851438,
                    "y": -0.5055776605276937,
                    "z": 0.49655322965232873,
                    "w": 0.4967357093601474
                }
            }
        }
    ]
}