{
    "transforms": [
        {
            "header": {
                "seq": 0,
                "stamp": {
                    "secs": 1687318006,
                    "nsecs": 594139441
                },
                "frame_id": "polhemus_base_0"
            },
            "child_frame_id": "rh_user_forearm",
            "transform": {
                "translation": {
                    "x": -0.18833434581756592,
                    "y": 0.05280255153775215,
                    "z": 0.009504861198365688
                },
                "rotation": {
                    "x": -0.2782972710578363,
                    "y": -0.30650308260478765,
                    "z": 0.0814453798024435,
                    "w": 0.9066273431704781
                }
            }
        }
    ]
}