{
    "transforms": [
        {
            "header": {
                "seq": 0,
                "stamp": {
                    "secs": 1687318021,
                    "nsecs": 55184906
                },
                "frame_id": "ra_base"
            },
            "child_frame_id": "ra_tool0_controller",
            "transform": {
                "translation": {
                    "x": -0.6728293878623087,
                    "y": -0.7293975282735696,
                    "z": 0.6299570590911405
                },
                "rotation": {
                    "x": -0.4907343626777961,
                    "y": -0.5021601077156952,
                    "z": 0.5050227243562639,
                    "w": 0.5019632052152386
                }
            }
        }
    ]
}