{
    "transforms": [
        {
            "header": {
                "seq": 0,
                "stamp": {
                    "secs": 1687318007,
                    "nsecs": 185184906
                },
                "frame_id": "ra_base"
            },
            "child_frame_id": "ra_tool0_controller",
            "transform": {
                "translation": {
                    "x": -0.6760743616952753,
                    "y": -0.09154603228298387,
                    "z": 0.6376358358391183
                },
                "rotation": {
                    "x": -0.5028032488115266,
                    "y": -0.5053212432455427,
                    "z": 0.4962552325406415,
                    "w": 0.49555027826183984
                }
            }
        }
    ]
}