{
    "transforms": [
        {
            "header": {
                "seq": 0,
                "stamp": {
                    "secs": 1687318017,
                    "nsecs": 287184906
                },
                "frame_id": "ra_base"
            },
            "child_frame_id": "ra_tool0_controller",
            "transform": {
                "translation": {
                    "x": -0.6728463944571499,
                    "y": -0.7293907358996716,
                    "z": 0.6299446341216305
                },
                "rotation": {
                    "x": -0.49074340547630935,
                    "y": -0.5021543530402564,
                    "z": 0.5050147301020982,
                    "w": 0.5019681644129845
                }
            }
        }
    ]
}