{
    "transforms": [
        {
            "header": {
                "seq": 0,
                "stamp": {
                    "secs": 1687318017,
                    "nsecs": 875184906
                },
                "frame_id": "ra_base"
            },
            "child_frame_id": "ra_tool0_controller",
            "transform": {
                "translation": {
                    "x": -0.6728458833160879,
                    "y": -0.729389831716598,
                    "z": 0.6298996963031941
                },
                "rotation": {
                    "x": -0.4907439517140919,
                    "y": -0.5021782175189262,
                    "z": 0.5049893653159787,
                    "w": 0.501969274580941
                }
            }
        }
    ]
}