{
    "transforms": [
        {
            "header": {
                "seq": 0,
                "stamp": {
                    "secs": 1687318006,
                    "nsecs": 31184906
                },
                "frame_id": "ra_base"
            },
            "child_frame_id": "ra_tool0_controller",
            "transform": {
                "translation": {
                    "x": -0.6760723655269655,
                    "y": -0.09155014448813036,
                    "z": 0.6376311039583982
                },
                "rotation": {
                    "x": -0.5028046046632138,
                    "y": -0.5053325907675487,
                    "z": 0.4962401147168792,
                    "w": 0.4955524702626405
                }
            }
        }
    ]
}