{
    "transforms": [
        {
            "header": {
                "seq": 0,
                "stamp": {
                    "secs": 1687318018,
                    "nsecs": 80443630
                },
                "frame_id": "polhemus_base_0"
            },
            "child_frame_id": "polhemus_station_0",
            "transform": {
                "translation": {
                    "x": 0.04595421627163887,
                    "y": -0.07054006308317184,
                    "z": 0.1413169801235199
                },
                "rotation": {
                    "x": -0.2431277334690094,
                    "y": -0.5837280750274658,
                    "z": -0.1485435664653778,
                    "w": 0.7603191137313843
                }
            }
        },
        {
            "header": {
                "seq": 0,
                "stamp": {
                    "secs": 1687318018,
                    "nsecs": 80443630
                },
                "frame_id": "polhemus_base_0"
            },
            "child_frame_id": "polhemus_station_1",
            "transform": {
                "translation": {
                    "x": 0.13559409976005554,
                    "y": -0.02407916821539402,
                    "z": 0.050775717943906784
                },
                "rotation": {
                    "x": 0.0881674587726593,
                    "y": -0.2857204079627991,
                    "z": 0.10272470116615295,
                    "w": 0.9487032890319824
                }
            }
        },
        {
            "header": {
                "seq": 0,
                "stamp": {
                    "secs": 1687318018,
                    "nsecs": 80443630
                },
                "frame_id": "polhemus_base_0"
            },
            "child_frame_id": "polhemus_station_2",
            "transform": {
                "translation": {
                    "x": 0.14407876133918762,
                    "y": -0.013372140005230904,
                    "z": 0.06142706051468849
                },
                "rotation": {
                    "x": 0.03036184050142765,
                    "y": -0.41281357407569885,
                    "z": -0.1395685076713562,
                    "w": 0.8995463848114014
                }
            }
        },
        {
            "header": {
                "seq": 0,
                "stamp": {
                    "secs": 1687318018,
                    "nsecs": 80443630
                },
                "frame_id": "polhemus_base_0"
            },
            "child_frame_id": "polhemus_station_3",
            "transform": {
                "translation": {
                    "x": 0.12326548248529434,
                    "y": 0.04445026442408562,
                    "z": 0.04054358974099159
                },
                "rotation": {
                    "x": -0.22008809447288513,
                    "y": -0.3460603356361389,
                    "z": -0.09629751741886139,
                    "w": 0.9069344401359558
                }
            }
        },
        {
            "header": {
                "seq": 0,
                "stamp": {
                    "secs": 1687318018,
                    "nsecs": 80443630
                },
                "frame_id": "polhemus_base_0"
            },
            "child_frame_id": "polhemus_station_4",
            "transform": {
                "translation": {
                    "x": 0.13807393610477448,
                    "y": 0.06145872175693512,
                    "z": 0.04558732360601425
                },
                "rotation": {
                    "x": 0.41817906498908997,
                    "y": 0.24523448944091797,
                    "z": 0.21969394385814667,
                    "w": -0.8465936183929443
                }
            }
        },
        {
            "header": {
                "seq": 0,
                "stamp": {
                    "secs": 1687318018,
                    "nsecs": 80443630
                },
                "frame_id": "polhemus_base_0"
            },
            "child_frame_id": "polhemus_station_5",
            "transform": {
                "translation": {
                    "x": 0.18832001090049744,
                    "y": 0.05217048525810242,
                    "z": 0.009297543205320835
                },
                "rotation": {
                    "x": 0.2818986475467682,
                    "y": -0.3064076900482178,
                    "z": 0.08503694832324982,
                    "w": -0.9052160978317261
                }
            }
        }
    ]
}