{
    "transforms": [
        {
            "header": {
                "seq": 0,
                "stamp": {
                    "secs": 1687318000,
                    "nsecs": 997152629
                },
                "frame_id": "polhemus_base_0"
            },
            "child_frame_id": "polhemus_station_0",
            "transform": {
                "translation": {
                    "x": 0.047210659831762314,
                    "y": -0.07196657359600067,
                    "z": 0.14041848480701447
                },
                "rotation": {
                    "x": -0.23499993979930878,
                    "y": -0.5791583061218262,
                    "z": -0.14932161569595337,
                    "w": 0.766194224357605
                }
            }
        },
        {
            "header": {
                "seq": 0,
                "stamp": {
                    "secs": 1687318000,
                    "nsecs": 997152629
                },
                "frame_id": "polhemus_base_0"
            },
            "child_frame_id": "polhemus_station_1",
            "transform": {
                "translation": {
                    "x": 0.13542373478412628,
                    "y": -0.023863188922405243,
                    "z": 0.050958242267370224
                },
                "rotation": {
                    "x": 0.08602692931890488,
                    "y": -0.2872423529624939,
                    "z": 0.10348587483167648,
                    "w": 0.948357343673706
                }
            }
        },
        {
            "header": {
                "seq": 0,
                "stamp": {
                    "secs": 1687318000,
                    "nsecs": 997152629
                },
                "frame_id": "polhemus_base_0"
            },
            "child_frame_id": "polhemus_station_2",
            "transform": {
                "translation": {
                    "x": 0.14389602839946747,
                    "y": -0.013102184049785137,
                    "z": 0.061558179557323456
                },
                "rotation": {
                    "x": 0.029905904084444046,
                    "y": -0.4144212007522583,
                    "z": -0.13913974165916443,
                    "w": 0.8988887667655945
                }
            }
        },
        {
            "header": {
                "seq": 0,
                "stamp": {
                    "secs": 1687318000,
                    "nsecs": 997152629
                },
                "frame_id": "polhemus_base_0"
            },
            "child_frame_id": "polhemus_station_3",
            "transform": {
                "translation": {
                    "x": 0.1225673034787178,
                    "y": 0.04502587020397186,
                    "z": 0.04199141263961792
                },
                "rotation": {
                    "x": -0.22260992228984833,
                    "y": -0.3529050946235657,
                    "z": -0.09372927248477936,
                    "w": 0.9039454460144043
                }
            }
        },
        {
            "header": {
                "seq": 0,
                "stamp": {
                    "secs": 1687318000,
                    "nsecs": 997152629
                },
                "frame_id": "polhemus_base_0"
            },
            "child_frame_id": "polhemus_station_4",
            "transform": {
                "translation": {
                    "x": 0.13669370114803314,
                    "y": 0.06255985051393509,
                    "z": 0.046977005898952484
                },
                "rotation": {
                    "x": 0.4032360911369324,
                    "y": 0.2508416473865509,
                    "z": 0.21211159229278564,
                    "w": -0.8541006445884705
                }
            }
        },
        {
            "header": {
                "seq": 0,
                "stamp": {
                    "secs": 1687318000,
                    "nsecs": 997152629
                },
                "frame_id": "polhemus_base_0"
            },
            "child_frame_id": "polhemus_station_5",
            "transform": {
                "translation": {
                    "x": 0.18841373920440674,
                    "y": 0.053621236234903336,
                    "z": 0.009590918198227882
                },
                "rotation": {
                    "x": 0.27629929780960083,
                    "y": -0.30567726492881775,
                    "z": 0.0776638388633728,
                    "w": -0.9078482389450073
                }
            }
        }
    ]
}