{
    "transforms": [
        {
            "header": {
                "seq": 0,
                "stamp": {
                    "secs": 1687318014,
                    "nsecs": 805472316
                },
                "frame_id": "polhemus_base_0"
            },
            "child_frame_id": "polhemus_station_0",
            "transform": {
                "translation": {
                    "x": 0.046008381992578506,
                    "y": -0.07077369093894958,
                    "z": 0.1411675214767456
                },
                "rotation": {
                    "x": -0.2417975217103958,
                    "y": -0.5836282968521118,
                    "z": -0.148469015955925,
                    "w": 0.7608343362808228
                }
            }
        },
        {
            "header": {
                "seq": 0,
                "stamp": {
                    "secs": 1687318014,
                    "nsecs": 805472316
                },
                "frame_id": "polhemus_base_0"
            },
            "child_frame_id": "polhemus_station_1",
            "transform": {
                "translation": {
                    "x": 0.13557440042495728,
                    "y": -0.024097248911857605,
                    "z": 0.0507647804915905
                },
                "rotation": {
                    "x": 0.08814886957406998,
                    "y": -0.28584083914756775,
                    "z": 0.10268868505954742,
                    "w": 0.9486726522445679
                }
            }
        },
        {
            "header": {
                "seq": 0,
                "stamp": {
                    "secs": 1687318014,
                    "nsecs": 805472316
                },
                "frame_id": "polhemus_base_0"
            },
            "child_frame_id": "polhemus_station_2",
            "transform": {
                "translation": {
                    "x": 0.1440574675798416,
                    "y": -0.01340409554541111,
                    "z": 0.061430077999830246
                },
                "rotation": {
                    "x": 0.030925139784812927,
                    "y": -0.41300874948501587,
                    "z": -0.13992556929588318,
                    "w": 0.8993821144104004
                }
            }
        },
        {
            "header": {
                "seq": 0,
                "stamp": {
                    "secs": 1687318014,
                    "nsecs": 805472316
                },
                "frame_id": "polhemus_base_0"
            },
            "child_frame_id": "polhemus_station_3",
            "transform": {
                "translation": {
                    "x": 0.12318481504917145,
                    "y": 0.04447740316390991,
                    "z": 0.04065072908997536
                },
                "rotation": {
                    "x": -0.2199966162443161,
                    "y": -0.34665489196777344,
                    "z": -0.09574270993471146,
                    "w": 0.9067882895469666
                }
            }
        },
        {
            "header": {
                "seq": 0,
                "stamp": {
                    "secs": 1687318014,
                    "nsecs": 805472316
                },
                "frame_id": "polhemus_base_0"
            },
            "child_frame_id": "polhemus_station_4",
            "transform": {
                "translation": {
                    "x": 0.13796000182628632,
                    "y": 0.06153714656829834,
                    "z": 0.04571232572197914
                },
                "rotation": {
                    "x": 0.41612106561660767,
                    "y": 0.24530352652072906,
                    "z": 0.2189939320087433,
                    "w": -0.847768247127533
                }
            }
        },
        {
            "header": {
                "seq": 0,
                "stamp": {
                    "secs": 1687318014,
                    "nsecs": 805472316
                },
                "frame_id": "polhemus_base_0"
            },
            "child_frame_id": "polhemus_station_5",
            "transform": {
                "translation": {
                    "x": 0.18834643065929413,
                    "y": 0.05232506990432739,
                    "z": 0.009375371970236301
                },
                "rotation": {
                    "x": 0.281054824590683,
                    "y": -0.3060382008552551,
                    "z": 0.08452709019184113,
                    "w": -0.9056510925292969
                }
            }
        }
    ]
}