{
    "transforms": [
        {
            "header": {
                "seq": 0,
                "stamp": {
                    "secs": 1687318018,
                    "nsecs": 617184906
                },
                "frame_id": "ra_base"
            },
            "child_frame_id": "ra_tool0_controller",
            "transform": {
                "translation": {
                    "x": -0.6728641992766093,
                    "y": -0.7293806077884492,
                    "z": 0.6299607505382276
                },
                "rotation": {
                    "x": -0.4907455964882439,
                    "y": -0.5021373114290748,
                    "z": 0.5050184329673848,
                    "w": 0.501979344556472
                }
            }
        }
    ]
}