{
    "transforms": [
        {
            "header": {
                "seq": 0,
                "stamp": {
                    "secs": 1687318024,
                    "nsecs": 739184906
                },
                "frame_id": "ra_base"
            },
            "child_frame_id": "ra_tool0_controller",
            "transform": {
                "translation": {
                    "x": -0.6728353606419232,
                    "y": -0.7294013951666375,
                    "z": 0.6299329924040612
                },
                "rotation": {
                    "x": -0.49073424918316316,
                    "y": -0.5021704634322058,
                    "z": 0.5050062696237093,
                    "w": 0.5019695110020789
                }
            }
        }
    ]
}