{
    "transforms": [
        {
            "header": {
                "seq": 0,
                "stamp": {
                    "secs": 1687317998,
                    "nsecs": 443579978
                },
                "frame_id": "ra_base"
            },
            "child_frame_id": "ra_tool0_controller",
            "transform": {
                "translation": {
                    "x": -0.6760795422274309,
                    "y": -0.09154126649963772,
                    "z": 0.6376480864440077
                },
                "rotation": {
                    "x": -0.5027953422026065,
                    "y": -0.5053124991994351,
                    "z": 0.49626256931909085,
                    "w": 0.49555986954655573
                }
            }
        }
    ]
}