{
    "transforms": [
        {
            "header": {
                "seq": 0,
                "stamp": {
                    "secs": 1687318010,
                    "nsecs": 835184906
                },
                "frame_id": "ra_base"
            },
            "child_frame_id": "ra_tool0_controller",
            "transform": {
                "translation": {
                    "x": -0.7482558110355485,
                    "y": -0.5411119056791127,
                    "z": 0.6532727072770099
                },
                "rotation": {
                    "x": -0.4921200575056332,
                    "y": -0.5037597346429123,
                    "z": 0.5019764396420865,
                    "w": 0.5020593917032221
                }
            }
        }
    ]
}