{
    "transforms": [
        {
            "header": {
                "seq": 0,
                "stamp": {
                    "secs": 1687318014,
                    "nsecs": 539184906
                },
                "frame_id": "ra_base"
            },
            "child_frame_id": "ra_tool0_controller",
            "transform": {
                "translation": {
                    "x": -0.6728417055278417,
                    "y": -0.7293888370937749,
                    "z": 0.6299438723185623
                },
                "rotation": {
                    "x": -0.4907309862587568,
                    "y": -0.5021679368650812,
                    "z": 0.5050107021322059,
                    "w": 0.5019707691112224
                }
            }
        }
    ]
}