{
    "transforms": [
        {
            "header": {
                "seq": 0,
                "stamp": {
                    "secs": 1687318005,
                    "nsecs": 747184906
                },
                "frame_id": "ra_base"
            },
            "child_frame_id": "ra_tool0_controller",
            "transform": {
                "translation": {
                    "x": -0.6760748669770242,
                    "y": -0.09154008921364751,
                    "z": 0.637647853346434
                },
                "rotation": {
                    "x": -0.5028053834940658,
                    "y": -0.5053212540041482,
                    "z": 0.4962378235480153,
                    "w": 0.49556553457780883
                }
            }
        }
    ]
}