{
    "transforms": [
        {
            "header": {
                "seq": 0,
                "stamp": {
                    "secs": 1687318009,
                    "nsecs": 569184906
                },
                "frame_id": "ra_base"
            },
            "child_frame_id": "ra_tool0_controller",
            "transform": {
                "translation": {
                    "x": -0.7614441969269867,
                    "y": -0.3248914997174507,
                    "z": 0.6616187681184089
                },
                "rotation": {
                    "x": -0.49555447387763013,
                    "y": -0.5052258507665803,
                    "z": 0.4987925836669098,
                    "w": 0.5003784184154418
                }
            }
        }
    ]
}