{
    "transforms": [
        {
            "header": {
                "seq": 0,
                "stamp": {
                    "secs": 1687318008,
                    "nsecs": 519184906
                },
                "frame_id": "ra_base"
            },
            "child_frame_id": "ra_tool0_controller",
            "transform": {
                "translation": {
                    "x": -0.7197119891006043,
                    "y": -0.1700747870750092,
                    "z": 0.6516689142305878
                },
                "rotation": {
                    "x": -0.49974390271560204,
                    "y": -0.5056419385079619,
                    "z": 0.49690198438837,
                    "w": 0.4976652284733077
                }
            }
        }
    ]
}