{
    "transforms": [
        {
            "header": {
                "seq": 0,
                "stamp": {
                    "secs": 1687318026,
                    "nsecs": 939184906
                },
                "frame_id": "ra_base"
            },
            "child_frame_id": "ra_tool0_controller",
            "transform": {
                "translation": {
                    "x": -0.6728285884284126,
                    "y": -0.7294017321791978,
                    "z": 0.6299564213246697
                },
                "rotation": {
                    "x": -0.49073070467334723,
                    "y": -0.5021622089275725,
                    "z": 0.5050240356061375,
                    "w": 0.5019633600930171
                }
            }
        }
    ]
}