{
    "transforms": [
        {
            "header": {
                "seq": 0,
                "stamp": {
                    "secs": 1687318024,
                    "nsecs": 565184906
                },
                "frame_id": "ra_base"
            },
            "child_frame_id": "ra_tool0_controller",
            "transform": {
                "translation": {
                    "x": -0.6728171258235238,
                    "y": -0.7294079784507659,
                    "z": 0.6299695836254695
                },
                "rotation": {
                    "x": -0.4907239728995959,
                    "y": -0.5021584437895005,
                    "z": 0.5050355500394745,
                    "w": 0.5019621230221153
                }
            }
        }
    ]
}