{
    "transforms": [
        {
            "header": {
                "seq": 0,
                "stamp": {
                    "secs": 1687318015,
                    "nsecs": 423184906
                },
                "frame_id": "ra_base"
            },
            "child_frame_id": "ra_tool0_controller",
            "transform": {
                "translation": {
                    "x": -0.6728377027396741,
                    "y": -0.729403260087071,
                    "z": 0.6299378444525655
                },
                "rotation": {
                    "x": -0.4907345739270332,
                    "y": -0.5021599989023582,
                    "z": 0.50501658860718,
                    "w": 0.5019692806204413
                }
            }
        }
    ]
}