{
    "transforms": [
        {
            "header": {
                "seq": 0,
                "stamp": {
                    "secs": 1687318015,
                    "nsecs": 959184906
                },
                "frame_id": "ra_base"
            },
            "child_frame_id": "ra_tool0_controller",
            "transform": {
                "translation": {
                    "x": -0.6728458834601061,
                    "y": -0.7293731107986561,
                    "z": 0.6299504273962928
                },
                "rotation": {
                    "x": -0.49074440195240626,
                    "y": -0.5021490488604168,
                    "z": 0.5050080678256834,
                    "w": 0.5019791988837026
                }
            }
        }
    ]
}