{
    "transforms": [
        {
            "header": {
                "seq": 0,
                "stamp": {
                    "secs": 1687318009,
                    "nsecs": 929184906
                },
                "frame_id": "ra_base"
            },
            "child_frame_id": "ra_tool0_controller",
            "transform": {
                "translation": {
                    "x": -0.7654230328547317,
                    "y": -0.3838818789980021,
                    "z": 0.6614870623003902
                },
                "rotation": {
                    "x": -0.4944245950298512,
                    "y": -0.5048511604490621,
                    "z": 0.49960833557812157,
                    "w": 0.5010600130160677
                }
            }
        }
    ]
}