{
    "transforms": [
        {
            "header": {
                "seq": 0,
                "stamp": {
                    "secs": 1687318007,
                    "nsecs": 807184906
                },
                "frame_id": "ra_base"
            },
            "child_frame_id": "ra_tool0_controller",
            "transform": {
                "translation": {
                    "x": -0.6840896022207562,
                    "y": -0.10358184050238205,
                    "z": 0.6404561618052583
                },
                "rotation": {
                    "x": -0.502286128497253,
                    "y": -0.505380037376427,
                    "z": 0.4963231951817027,
                    "w": 0.49594651815016094
                }
            }
        }
    ]
}