{
    "transforms": [
        {
            "header": {
                "seq": 0,
                "stamp": {
                    "secs": 1687318009,
                    "nsecs": 191184906
                },
                "frame_id": "ra_base"
            },
            "child_frame_id": "ra_tool0_controller",
            "transform": {
                "translation": {
                    "x": -0.7513432047559381,
                    "y": -0.26603022105797225,
                    "z": 0.6597515305470931
                },
                "rotation": {
                    "x": -0.4970113320795744,
                    "y": -0.5054724188331919,
                    "z": 0.497937728720511,
                    "w": 0.49953517183484486
                }
            }
        }
    ]
}