{
    "transforms": [
        {
            "header": {
                "seq": 0,
                "stamp": {
                    "secs": 1687318024,
                    "nsecs": 197149579
                },
                "frame_id": "polhemus_base_0"
            },
            "child_frame_id": "polhemus_station_0",
            "transform": {
                "translation": {
                    "x": 0.04528829827904701,
                    "y": -0.07005851715803146,
                    "z": 0.1415867954492569
                },
                "rotation": {
                    "x": -0.24538835883140564,
                    "y": -0.5865333676338196,
                    "z": -0.1478399634361267,
                    "w": 0.7575660943984985
                }
            }
        },
        {
            "header": {
                "seq": 0,
                "stamp": {
                    "secs": 1687318024,
                    "nsecs": 197149579
                },
                "frame_id": "polhemus_base_0"
            },
            "child_frame_id": "polhemus_station_1",
            "transform": {
                "translation": {
                    "x": 0.13559599220752716,
                    "y": -0.023978358134627342,
                    "z": 0.050828468054533005
                },
                "rotation": {
                    "x": 0.08834521472454071,
                    "y": -0.2856869697570801,
                    "z": 0.10325252264738083,
                    "w": 0.9486395120620728
                }
            }
        },
        {
            "header": {
                "seq": 0,
                "stamp": {
                    "secs": 1687318024,
                    "nsecs": 197149579
                },
                "frame_id": "polhemus_base_0"
            },
            "child_frame_id": "polhemus_station_2",
            "transform": {
                "translation": {
                    "x": 0.14405424892902374,
                    "y": -0.013257228769361973,
                    "z": 0.061488330364227295
                },
                "rotation": {
                    "x": 0.030366843566298485,
                    "y": -0.41292810440063477,
                    "z": -0.13855189085006714,
                    "w": 0.8996508717536926
                }
            }
        },
        {
            "header": {
                "seq": 0,
                "stamp": {
                    "secs": 1687318024,
                    "nsecs": 197149579
                },
                "frame_id": "polhemus_base_0"
            },
            "child_frame_id": "polhemus_station_3",
            "transform": {
                "translation": {
                    "x": 0.12339410185813904,
                    "y": 0.04451625421643257,
                    "z": 0.040387045592069626
                },
                "rotation": {
                    "x": -0.22207653522491455,
                    "y": -0.3452138304710388,
                    "z": -0.09698570519685745,
                    "w": 0.9066988825798035
                }
            }
        },
        {
            "header": {
                "seq": 0,
                "stamp": {
                    "secs": 1687318024,
                    "nsecs": 197149579
                },
                "frame_id": "polhemus_base_0"
            },
            "child_frame_id": "polhemus_station_4",
            "transform": {
                "translation": {
                    "x": 0.13825862109661102,
                    "y": 0.06151365861296654,
                    "z": 0.04537654668092728
                },
                "rotation": {
                    "x": 0.42239999771118164,
                    "y": 0.24556691944599152,
                    "z": 0.22009941935539246,
                    "w": -0.8442933559417725
                }
            }
        },
        {
            "header": {
                "seq": 0,
                "stamp": {
                    "secs": 1687318024,
                    "nsecs": 197149579
                },
                "frame_id": "polhemus_base_0"
            },
            "child_frame_id": "polhemus_station_5",
            "transform": {
                "translation": {
                    "x": 0.1883094608783722,
                    "y": 0.051930639892816544,
                    "z": 0.009235208854079247
                },
                "rotation": {
                    "x": 0.28350281715393066,
                    "y": -0.30606982111930847,
                    "z": 0.08664949238300323,
                    "w": -0.9046763181686401
                }
            }
        }
    ]
}