{
    "transforms": [
        {
            "header": {
                "seq": 0,
                "stamp": {
                    "secs": 1687317999,
                    "nsecs": 495579978
                },
                "frame_id": "ra_base"
            },
            "child_frame_id": "ra_tool0_controller",
            "transform": {
                "translation": {
                    "x": -0.6760616397822585,
                    "y": -0.091545264918996,
                    "z": 0.637631862337092
                },
                "rotation": {
                    "x": -0.5028109511235203,
                    "y": -0.5053290245886355,
                    "z": 0.49624380207057295,
                    "w": 0.4955459749055594
                }
            }
        }
    ]
}