{
    "transforms": [
        {
            "header": {
                "seq": 0,
                "stamp": {
                    "secs": 1687318011,
                    "nsecs": 47174225
                },
                "frame_id": "polhemus_base_0"
            },
            "child_frame_id": "polhemus_station_0",
            "transform": {
                "translation": {
                    "x": 0.04658481851220131,
                    "y": -0.07113973051309586,
                    "z": 0.14093461632728577
                },
                "rotation": {
                    "x": -0.2402683049440384,
                    "y": -0.5812931060791016,
                    "z": -0.14909106492996216,
                    "w": 0.7629818916320801
                }
            }
        },
        {
            "header": {
                "seq": 0,
                "stamp": {
                    "secs": 1687318011,
                    "nsecs": 47174225
                },
                "frame_id": "polhemus_base_0"
            },
            "child_frame_id": "polhemus_station_1",
            "transform": {
                "translation": {
                    "x": 0.13559429347515106,
                    "y": -0.024194473400712013,
                    "z": 0.05075841397047043
                },
                "rotation": {
                    "x": 0.08800330013036728,
                    "y": -0.28600025177001953,
                    "z": 0.1020558550953865,
                    "w": 0.9487062692642212
                }
            }
        },
        {
            "header": {
                "seq": 0,
                "stamp": {
                    "secs": 1687318011,
                    "nsecs": 47174225
                },
                "frame_id": "polhemus_base_0"
            },
            "child_frame_id": "polhemus_station_2",
            "transform": {
                "translation": {
                    "x": 0.14411023259162903,
                    "y": -0.013527010567486286,
                    "z": 0.06140068173408508
                },
                "rotation": {
                    "x": 0.0310731902718544,
                    "y": -0.41283848881721497,
                    "z": -0.1408560574054718,
                    "w": 0.8993099927902222
                }
            }
        },
        {
            "header": {
                "seq": 0,
                "stamp": {
                    "secs": 1687318011,
                    "nsecs": 47174225
                },
                "frame_id": "polhemus_base_0"
            },
            "child_frame_id": "polhemus_station_3",
            "transform": {
                "translation": {
                    "x": 0.12305160611867905,
                    "y": 0.04449962079524994,
                    "z": 0.040871694684028625
                },
                "rotation": {
                    "x": -0.22058391571044922,
                    "y": -0.3479086756706238,
                    "z": -0.09520643204450607,
                    "w": 0.9062216281890869
                }
            }
        },
        {
            "header": {
                "seq": 0,
                "stamp": {
                    "secs": 1687318011,
                    "nsecs": 47174225
                },
                "frame_id": "polhemus_base_0"
            },
            "child_frame_id": "polhemus_station_4",
            "transform": {
                "translation": {
                    "x": 0.1377580761909485,
                    "y": 0.06161435693502426,
                    "z": 0.04599858075380325
                },
                "rotation": {
                    "x": 0.4131743609905243,
                    "y": 0.24545055627822876,
                    "z": 0.21884652972221375,
                    "w": -0.8492038249969482
                }
            }
        },
        {
            "header": {
                "seq": 0,
                "stamp": {
                    "secs": 1687318011,
                    "nsecs": 47174225
                },
                "frame_id": "polhemus_base_0"
            },
            "child_frame_id": "polhemus_station_5",
            "transform": {
                "translation": {
                    "x": 0.18834923207759857,
                    "y": 0.05251523479819298,
                    "z": 0.009469950571656227
                },
                "rotation": {
                    "x": 0.2794401943683624,
                    "y": -0.306221067905426,
                    "z": 0.08310355246067047,
                    "w": -0.906220555305481
                }
            }
        }
    ]
}