{
    "transforms": [
        {
            "header": {
                "seq": 0,
                "stamp": {
                    "secs": 1687318009,
                    "nsecs": 511184906
                },
                "frame_id": "ra_base"
            },
            "child_frame_id": "ra_tool0_controller",
            "transform": {
                "translation": {
                    "x": -0.7602570551135628,
                    "y": -0.31564827211309326,
                    "z": 0.6614547855096906
                },
                "rotation": {
                    "x": -0.49576416726338174,
                    "y": -0.5052901177683525,
                    "z": 0.49865473086754475,
                    "w": 0.5002431875865044
                }
            }
        }
    ]
}