{
    "transforms": [
        {
            "header": {
                "seq": 0,
                "stamp": {
                    "secs": 1687318016,
                    "nsecs": 88817361
                },
                "frame_id": "polhemus_base_0"
            },
            "child_frame_id": "polhemus_station_0",
            "transform": {
                "translation": {
                    "x": 0.04597374051809311,
                    "y": -0.07063025236129761,
                    "z": 0.1412530094385147
                },
                "rotation": {
                    "x": -0.24257928133010864,
                    "y": -0.5837600827217102,
                    "z": -0.14839810132980347,
                    "w": 0.7604981064796448
                }
            }
        },
        {
            "header": {
                "seq": 0,
                "stamp": {
                    "secs": 1687318016,
                    "nsecs": 88817361
                },
                "frame_id": "polhemus_base_0"
            },
            "child_frame_id": "polhemus_station_1",
            "transform": {
                "translation": {
                    "x": 0.13558194041252136,
                    "y": -0.024074817076325417,
                    "z": 0.050770461559295654
                },
                "rotation": {
                    "x": 0.08809759467840195,
                    "y": -0.2857967019081116,
                    "z": 0.10279986262321472,
                    "w": 0.9486785531044006
                }
            }
        },
        {
            "header": {
                "seq": 0,
                "stamp": {
                    "secs": 1687318016,
                    "nsecs": 88817361
                },
                "frame_id": "polhemus_base_0"
            },
            "child_frame_id": "polhemus_station_2",
            "transform": {
                "translation": {
                    "x": 0.14405806362628937,
                    "y": -0.013382884673774242,
                    "z": 0.06142985075712204
                },
                "rotation": {
                    "x": 0.03067801706492901,
                    "y": -0.4130653738975525,
                    "z": -0.13974472880363464,
                    "w": 0.8993927240371704
                }
            }
        },
        {
            "header": {
                "seq": 0,
                "stamp": {
                    "secs": 1687318016,
                    "nsecs": 88817361
                },
                "frame_id": "polhemus_base_0"
            },
            "child_frame_id": "polhemus_station_3",
            "transform": {
                "translation": {
                    "x": 0.12322292476892471,
                    "y": 0.04447352886199951,
                    "z": 0.04059477522969246
                },
                "rotation": {
                    "x": -0.22002507746219635,
                    "y": -0.34640172123908997,
                    "z": -0.09599842876195908,
                    "w": 0.9068511128425598
                }
            }
        },
        {
            "header": {
                "seq": 0,
                "stamp": {
                    "secs": 1687318016,
                    "nsecs": 88817361
                },
                "frame_id": "polhemus_base_0"
            },
            "child_frame_id": "polhemus_station_4",
            "transform": {
                "translation": {
                    "x": 0.13801580667495728,
                    "y": 0.06149933114647865,
                    "z": 0.045653726905584335
                },
                "rotation": {
                    "x": 0.41694486141204834,
                    "y": 0.2453298270702362,
                    "z": 0.2193586528301239,
                    "w": -0.8472614884376526
                }
            }
        },
        {
            "header": {
                "seq": 0,
                "stamp": {
                    "secs": 1687318016,
                    "nsecs": 88817361
                },
                "frame_id": "polhemus_base_0"
            },
            "child_frame_id": "polhemus_station_5",
            "transform": {
                "translation": {
                    "x": 0.1883368194103241,
                    "y": 0.05224796012043953,
                    "z": 0.00937667302787304
                },
                "rotation": {
                    "x": 0.2813292145729065,
                    "y": -0.30603525042533875,
                    "z": 0.08475527167320251,
                    "w": -0.9055455923080444
                }
            }
        }
    ]
}