{
    "transforms": [
        {
            "header": {
                "seq": 0,
                "stamp": {
                    "secs": 1687318005,
                    "nsecs": 835184906
                },
                "frame_id": "ra_base"
            },
            "child_frame_id": "ra_tool0_controller",
            "transform": {
                "translation": {
                    "x": -0.6760740981208889,
                    "y": -0.09153977518810122,
                    "z": 0.6376450752197563
                },
                "rotation": {
                    "x": -0.5028108294738983,
                    "y": -0.5053184555151043,
                    "z": 0.4962387133877181,
                    "w": 0.495561971518096
                }
            }
        }
    ]
}