{
    "transforms": [
        {
            "header": {
                "seq": 0,
                "stamp": {
                    "secs": 1687318025,
                    "nsecs": 223184906
                },
                "frame_id": "ra_base"
            },
            "child_frame_id": "ra_tool0_controller",
            "transform": {
                "translation": {
                    "x": -0.672838547403058,
                    "y": -0.7293926093749912,
                    "z": 0.6299622599766304
                },
                "rotation": {
                    "x": -0.49072706475846356,
                    "y": -0.5021586378073639,
                    "z": 0.5050294821594349,
                    "w": 0.5019650112694793
                }
            }
        }
    ]
}