{
    "transforms": [
        {
            "header": {
                "seq": 0,
                "stamp": {
                    "secs": 1687318009,
                    "nsecs": 423184906
                },
                "frame_id": "ra_base"
            },
            "child_frame_id": "ra_tool0_controller",
            "transform": {
                "translation": {
                    "x": -0.7582281614346409,
                    "y": -0.30171507413142434,
                    "z": 0.6611034385750503
                },
                "rotation": {
                    "x": -0.4961230280287779,
                    "y": -0.5053399030817416,
                    "z": 0.49843316862813325,
                    "w": 0.5000578964722099
                }
            }
        }
    ]
}