{
    "transforms": [
        {
            "header": {
                "seq": 0,
                "stamp": {
                    "secs": 1687318018,
                    "nsecs": 263184906
                },
                "frame_id": "ra_base"
            },
            "child_frame_id": "ra_tool0_controller",
            "transform": {
                "translation": {
                    "x": -0.6728376959844203,
                    "y": -0.7293844246621756,
                    "z": 0.6299463375883526
                },
                "rotation": {
                    "x": -0.49073145035386667,
                    "y": -0.5021656261435418,
                    "z": 0.5050094240874976,
                    "w": 0.5019739128045095
                }
            }
        }
    ]
}