{
    "transforms": [
        {
            "header": {
                "seq": 0,
                "stamp": {
                    "secs": 1687318017,
                    "nsecs": 138841249
                },
                "frame_id": "polhemus_base_0"
            },
            "child_frame_id": "polhemus_station_0",
            "transform": {
                "translation": {
                    "x": 0.04596269503235817,
                    "y": -0.07059401273727417,
                    "z": 0.14128735661506653
                },
                "rotation": {
                    "x": -0.24280810356140137,
                    "y": -0.5837934017181396,
                    "z": -0.14843681454658508,
                    "w": 0.7603919506072998
                }
            }
        },
        {
            "header": {
                "seq": 0,
                "stamp": {
                    "secs": 1687318017,
                    "nsecs": 138841249
                },
                "frame_id": "polhemus_base_0"
            },
            "child_frame_id": "polhemus_station_1",
            "transform": {
                "translation": {
                    "x": 0.13558195531368256,
                    "y": -0.024060910567641258,
                    "z": 0.050790365785360336
                },
                "rotation": {
                    "x": 0.08807643502950668,
                    "y": -0.28589731454849243,
                    "z": 0.10285704582929611,
                    "w": 0.9486439824104309
                }
            }
        },
        {
            "header": {
                "seq": 0,
                "stamp": {
                    "secs": 1687318017,
                    "nsecs": 138841249
                },
                "frame_id": "polhemus_base_0"
            },
            "child_frame_id": "polhemus_station_2",
            "transform": {
                "translation": {
                    "x": 0.1440717726945877,
                    "y": -0.013379719108343124,
                    "z": 0.06142647936940193
                },
                "rotation": {
                    "x": 0.030438918620347977,
                    "y": -0.4128999412059784,
                    "z": -0.13971054553985596,
                    "w": 0.8994821906089783
                }
            }
        },
        {
            "header": {
                "seq": 0,
                "stamp": {
                    "secs": 1687318017,
                    "nsecs": 138841249
                },
                "frame_id": "polhemus_base_0"
            },
            "child_frame_id": "polhemus_station_3",
            "transform": {
                "translation": {
                    "x": 0.12324967235326767,
                    "y": 0.0444633848965168,
                    "z": 0.04056660458445549
                },
                "rotation": {
                    "x": -0.22001488506793976,
                    "y": -0.346247136592865,
                    "z": -0.09613369405269623,
                    "w": 0.9068982005119324
                }
            }
        },
        {
            "header": {
                "seq": 0,
                "stamp": {
                    "secs": 1687318017,
                    "nsecs": 138841249
                },
                "frame_id": "polhemus_base_0"
            },
            "child_frame_id": "polhemus_station_4",
            "transform": {
                "translation": {
                    "x": 0.13803791999816895,
                    "y": 0.06149890273809433,
                    "z": 0.045626137405633926
                },
                "rotation": {
                    "x": 0.4175652861595154,
                    "y": 0.24537959694862366,
                    "z": 0.2193755954504013,
                    "w": -0.8469370603561401
                }
            }
        },
        {
            "header": {
                "seq": 0,
                "stamp": {
                    "secs": 1687318017,
                    "nsecs": 138841249
                },
                "frame_id": "polhemus_base_0"
            },
            "child_frame_id": "polhemus_station_5",
            "transform": {
                "translation": {
                    "x": 0.18831734359264374,
                    "y": 0.05218243598937988,
                    "z": 0.009315118193626404
                },
                "rotation": {
                    "x": 0.28163230419158936,
                    "y": -0.3063255548477173,
                    "z": 0.08497847616672516,
                    "w": -0.9053322672843933
                }
            }
        }
    ]
}