{
    "transforms": [
        {
            "header": {
                "seq": 0,
                "stamp": {
                    "secs": 1687318003,
                    "nsecs": 761579978
                },
                "frame_id": "ra_base"
            },
            "child_frame_id": "ra_tool0_controller",
            "transform": {
                "translation": {
                    "x": -0.6760703759026977,
                    "y": -0.09154076076341675,
                    "z": 0.6376315599734295
                },
                "rotation": {
                    "x": -0.5028171894334649,
                    "y": -0.5053247793588994,
                    "z": 0.49623419424941895,
                    "w": 0.49555359531915477
                }
            }
        }
    ]
}