{
    "transforms": [
        {
            "header": {
                "seq": 0,
                "stamp": {
                    "secs": 1687318020,
                    "nsecs": 137184906
                },
                "frame_id": "ra_base"
            },
            "child_frame_id": "ra_tool0_controller",
            "transform": {
                "translation": {
                    "x": -0.6728567870793953,
                    "y": -0.7293810093991752,
                    "z": 0.6299272341530432
                },
                "rotation": {
                    "x": -0.49075176243669927,
                    "y": -0.5021593152025544,
                    "z": 0.5050085539219507,
                    "w": 0.5019612438089572
                }
            }
        }
    ]
}