{
    "transforms": [
        {
            "header": {
                "seq": 0,
                "stamp": {
                    "secs": 1687318022,
                    "nsecs": 659184906
                },
                "frame_id": "ra_base"
            },
            "child_frame_id": "ra_tool0_controller",
            "transform": {
                "translation": {
                    "x": -0.6728305352447633,
                    "y": -0.7294037333300422,
                    "z": 0.6299442946049594
                },
                "rotation": {
                    "x": -0.49073028112877976,
                    "y": -0.5021626905917929,
                    "z": 0.5050238014251275,
                    "w": 0.501963527913128
                }
            }
        }
    ]
}