{
    "transforms": [
        {
            "header": {
                "seq": 0,
                "stamp": {
                    "secs": 1687317999,
                    "nsecs": 607579978
                },
                "frame_id": "ra_base"
            },
            "child_frame_id": "ra_tool0_controller",
            "transform": {
                "translation": {
                    "x": -0.67607420871091,
                    "y": -0.09153977556044836,
                    "z": 0.6376271674406946
                },
                "rotation": {
                    "x": -0.5028097678684141,
                    "y": -0.5053146129153128,
                    "z": 0.49624266204494666,
                    "w": 0.4955630128216835
                }
            }
        }
    ]
}