{
    "transforms": [
        {
            "header": {
                "seq": 0,
                "stamp": {
                    "secs": 1687317999,
                    "nsecs": 543579978
                },
                "frame_id": "ra_base"
            },
            "child_frame_id": "ra_tool0_controller",
            "transform": {
                "translation": {
                    "x": -0.6760908550833202,
                    "y": -0.09152846035314922,
                    "z": 0.637646858955737
                },
                "rotation": {
                    "x": -0.5027983356843464,
                    "y": -0.505307343066927,
                    "z": 0.4962479132466525,
                    "w": 0.49557676627747305
                }
            }
        }
    ]
}