{
    "transforms": [
        {
            "header": {
                "seq": 0,
                "stamp": {
                    "secs": 1687318004,
                    "nsecs": 379579978
                },
                "frame_id": "ra_base"
            },
            "child_frame_id": "ra_tool0_controller",
            "transform": {
                "translation": {
                    "x": -0.6760737679467611,
                    "y": -0.09154993429424965,
                    "z": 0.637639878026684
                },
                "rotation": {
                    "x": -0.5028127375912058,
                    "y": -0.5053218758794927,
                    "z": 0.4962506879525448,
                    "w": 0.4955445564026446
                }
            }
        }
    ]
}