{
    "transforms": [
        {
            "header": {
                "seq": 0,
                "stamp": {
                    "secs": 1687318027,
                    "nsecs": 205184906
                },
                "frame_id": "ra_base"
            },
            "child_frame_id": "ra_tool0_controller",
            "transform": {
                "translation": {
                    "x": -0.6728289243485437,
                    "y": -0.729390518475316,
                    "z": 0.6299601619870713
                },
                "rotation": {
                    "x": -0.49073601819228163,
                    "y": -0.5021528072152556,
                    "z": 0.5050202201038093,
                    "w": 0.5019714094855633
                }
            }
        }
    ]
}