{
    "transforms": [
        {
            "header": {
                "seq": 0,
                "stamp": {
                    "secs": 1687318003,
                    "nsecs": 179579978
                },
                "frame_id": "ra_base"
            },
            "child_frame_id": "ra_tool0_controller",
            "transform": {
                "translation": {
                    "x": -0.6760624355799789,
                    "y": -0.09154335243406986,
                    "z": 0.637630262977904
                },
                "rotation": {
                    "x": -0.5028155342838958,
                    "y": -0.5053219598932449,
                    "z": 0.49625093531445025,
                    "w": 0.49554138528682284
                }
            }
        }
    ]
}