{
    "transforms": [
        {
            "header": {
                "seq": 0,
                "stamp": {
                    "secs": 1687317998,
                    "nsecs": 577579978
                },
                "frame_id": "ra_base"
            },
            "child_frame_id": "ra_tool0_controller",
            "transform": {
                "translation": {
                    "x": -0.6760834328914046,
                    "y": -0.09154019450886246,
                    "z": 0.637626558154015
                },
                "rotation": {
                    "x": -0.5027984577454081,
                    "y": -0.5053280940347196,
                    "z": 0.4962370274059579,
                    "w": 0.49556638394807967
                }
            }
        }
    ]
}