{
    "transforms": [
        {
            "header": {
                "seq": 0,
                "stamp": {
                    "secs": 1687318019,
                    "nsecs": 57184906
                },
                "frame_id": "ra_base"
            },
            "child_frame_id": "ra_tool0_controller",
            "transform": {
                "translation": {
                    "x": -0.6728288119994951,
                    "y": -0.7294016665810127,
                    "z": 0.6299399148065472
                },
                "rotation": {
                    "x": -0.4907353532442647,
                    "y": -0.5021609150689972,
                    "z": 0.5050237798639344,
                    "w": 0.5019603671857358
                }
            }
        }
    ]
}