{
    "transforms": [
        {
            "header": {
                "seq": 0,
                "stamp": {
                    "secs": 1687318008,
                    "nsecs": 565184906
                },
                "frame_id": "ra_base"
            },
            "child_frame_id": "ra_tool0_controller",
            "transform": {
                "translation": {
                    "x": -0.722524501667589,
                    "y": -0.1765096243003493,
                    "z": 0.6524633235595739
                },
                "rotation": {
                    "x": -0.49956400215474445,
                    "y": -0.505618287460491,
                    "z": 0.4969330228276724,
                    "w": 0.4978388554140858
                }
            }
        }
    ]
}