{
    "transforms": [
        {
            "header": {
                "seq": 0,
                "stamp": {
                    "secs": 1687318007,
                    "nsecs": 15184906
                },
                "frame_id": "ra_base"
            },
            "child_frame_id": "ra_tool0_controller",
            "transform": {
                "translation": {
                    "x": -0.6760800378832407,
                    "y": -0.0915535001327926,
                    "z": 0.6376329213531412
                },
                "rotation": {
                    "x": -0.5027976774403219,
                    "y": -0.5053291214741805,
                    "z": 0.496255124222271,
                    "w": 0.49554800598316334
                }
            }
        }
    ]
}