{
    "transforms": [
        {
            "header": {
                "seq": 0,
                "stamp": {
                    "secs": 1687318022,
                    "nsecs": 425184906
                },
                "frame_id": "ra_base"
            },
            "child_frame_id": "ra_tool0_controller",
            "transform": {
                "translation": {
                    "x": -0.6728376440600307,
                    "y": -0.7293872070507259,
                    "z": 0.6299446555783125
                },
                "rotation": {
                    "x": -0.4907430348293075,
                    "y": -0.5021620038315826,
                    "z": 0.5050069915996407,
                    "w": 0.501968658493587
                }
            }
        }
    ]
}