{
    "transforms": [
        {
            "header": {
                "seq": 0,
                "stamp": {
                    "secs": 1687318016,
                    "nsecs": 217184906
                },
                "frame_id": "ra_base"
            },
            "child_frame_id": "ra_tool0_controller",
            "transform": {
                "translation": {
                    "x": -0.6728407179937497,
                    "y": -0.7293838895689422,
                    "z": 0.6299570919264913
                },
                "rotation": {
                    "x": -0.4907396730122048,
                    "y": -0.5021550078682459,
                    "z": 0.5050062798851283,
                    "w": 0.501979659629053
                }
            }
        }
    ]
}