{
    "transforms": [
        {
            "header": {
                "seq": 0,
                "stamp": {
                    "secs": 1687318021,
                    "nsecs": 423184906
                },
                "frame_id": "ra_base"
            },
            "child_frame_id": "ra_tool0_controller",
            "transform": {
                "translation": {
                    "x": -0.6728273702866596,
                    "y": -0.7294096021067901,
                    "z": 0.629934197789381
                },
                "rotation": {
                    "x": -0.49074462245852857,
                    "y": -0.5021573109363958,
                    "z": 0.5050237049832796,
                    "w": 0.5019549860357255
                }
            }
        }
    ]
}