{
    "transforms": [
        {
            "header": {
                "seq": 0,
                "stamp": {
                    "secs": 1687318001,
                    "nsecs": 749579978
                },
                "frame_id": "ra_base"
            },
            "child_frame_id": "ra_tool0_controller",
            "transform": {
                "translation": {
                    "x": -0.6760745540734006,
                    "y": -0.09153833842729972,
                    "z": 0.6376315850247147
                },
                "rotation": {
                    "x": -0.502820434985656,
                    "y": -0.5053135656082179,
                    "z": 0.496245453374638,
                    "w": 0.49555046219143495
                }
            }
        }
    ]
}