{
    "transforms": [
        {
            "header": {
                "seq": 0,
                "stamp": {
                    "secs": 1687318020,
                    "nsecs": 545184906
                },
                "frame_id": "ra_base"
            },
            "child_frame_id": "ra_tool0_controller",
            "transform": {
                "translation": {
                    "x": -0.6728542377661753,
                    "y": -0.729377215924064,
                    "z": 0.6299354704774868
                },
                "rotation": {
                    "x": -0.49075441312194945,
                    "y": -0.5021477043338719,
                    "z": 0.5050139076996647,
                    "w": 0.5019648813049254
                }
            }
        }
    ]
}