{
    "transforms": [
        {
            "header": {
                "seq": 0,
                "stamp": {
                    "secs": 1687318012,
                    "nsecs": 421184906
                },
                "frame_id": "ra_base"
            },
            "child_frame_id": "ra_tool0_controller",
            "transform": {
                "translation": {
                    "x": -0.6728458281581264,
                    "y": -0.7293275800802014,
                    "z": 0.6300200848549907
                },
                "rotation": {
                    "x": -0.49072017633186,
                    "y": -0.5021538508550246,
                    "z": 0.5050565360740888,
                    "w": 0.501949314155464
                }
            }
        }
    ]
}