{
    "transforms": [
        {
            "header": {
                "seq": 0,
                "stamp": {
                    "secs": 1687318005,
                    "nsecs": 279184906
                },
                "frame_id": "ra_base"
            },
            "child_frame_id": "ra_tool0_controller",
            "transform": {
                "translation": {
                    "x": -0.6760764386132684,
                    "y": -0.09155131518299585,
                    "z": 0.6376231247038058
                },
                "rotation": {
                    "x": -0.5028149704031292,
                    "y": -0.5053348658470517,
                    "z": 0.49623750431822783,
                    "w": 0.4955422466408484
                }
            }
        }
    ]
}