{
    "transforms": [
        {
            "header": {
                "seq": 0,
                "stamp": {
                    "secs": 1687318021,
                    "nsecs": 963833024
                },
                "frame_id": "polhemus_base_0"
            },
            "child_frame_id": "polhemus_station_0",
            "transform": {
                "translation": {
                    "x": 0.045462772250175476,
                    "y": -0.07020973414182663,
                    "z": 0.14148622751235962
                },
                "rotation": {
                    "x": -0.24469034373760223,
                    "y": -0.5857881307601929,
                    "z": -0.14793723821640015,
                    "w": 0.7583491802215576
                }
            }
        },
        {
            "header": {
                "seq": 0,
                "stamp": {
                    "secs": 1687318021,
                    "nsecs": 963833024
                },
                "frame_id": "polhemus_base_0"
            },
            "child_frame_id": "polhemus_station_1",
            "transform": {
                "translation": {
                    "x": 0.13558369874954224,
                    "y": -0.02397332154214382,
                    "z": 0.05081760138273239
                },
                "rotation": {
                    "x": 0.08828260749578476,
                    "y": -0.285666823387146,
                    "z": 0.10334821790456772,
                    "w": 0.9486410021781921
                }
            }
        },
        {
            "header": {
                "seq": 0,
                "stamp": {
                    "secs": 1687318021,
                    "nsecs": 963833024
                },
                "frame_id": "polhemus_base_0"
            },
            "child_frame_id": "polhemus_station_2",
            "transform": {
                "translation": {
                    "x": 0.1440470963716507,
                    "y": -0.013274911791086197,
                    "z": 0.06147332862019539
                },
                "rotation": {
                    "x": 0.03070758283138275,
                    "y": -0.41291946172714233,
                    "z": -0.1386810541152954,
                    "w": 0.8996232151985168
                }
            }
        },
        {
            "header": {
                "seq": 0,
                "stamp": {
                    "secs": 1687318021,
                    "nsecs": 963833024
                },
                "frame_id": "polhemus_base_0"
            },
            "child_frame_id": "polhemus_station_3",
            "transform": {
                "translation": {
                    "x": 0.12334666401147842,
                    "y": 0.0444989837706089,
                    "z": 0.04043598473072052
                },
                "rotation": {
                    "x": -0.22158105671405792,
                    "y": -0.3456111550331116,
                    "z": -0.09673064947128296,
                    "w": 0.9066959619522095
                }
            }
        },
        {
            "header": {
                "seq": 0,
                "stamp": {
                    "secs": 1687318021,
                    "nsecs": 963833024
                },
                "frame_id": "polhemus_base_0"
            },
            "child_frame_id": "polhemus_station_4",
            "transform": {
                "translation": {
                    "x": 0.1382061243057251,
                    "y": 0.06150425970554352,
                    "z": 0.04541689530014992
                },
                "rotation": {
                    "x": 0.421083927154541,
                    "y": 0.24547700583934784,
                    "z": 0.21984782814979553,
                    "w": -0.8450421094894409
                }
            }
        },
        {
            "header": {
                "seq": 0,
                "stamp": {
                    "secs": 1687318021,
                    "nsecs": 963833024
                },
                "frame_id": "polhemus_base_0"
            },
            "child_frame_id": "polhemus_station_5",
            "transform": {
                "translation": {
                    "x": 0.18830648064613342,
                    "y": 0.052021950483322144,
                    "z": 0.009211218915879726
                },
                "rotation": {
                    "x": 0.2835160493850708,
                    "y": -0.3063828647136688,
                    "z": 0.08603419363498688,
                    "w": -0.9046249389648438
                }
            }
        }
    ]
}