{
    "transforms": [
        {
            "header": {
                "seq": 0,
                "stamp": {
                    "secs": 1687318006,
                    "nsecs": 681184906
                },
                "frame_id": "ra_base"
            },
            "child_frame_id": "ra_tool0_controller",
            "transform": {
                "translation": {
                    "x": -0.6760672412437798,
                    "y": -0.09154121643505839,
                    "z": 0.6376486496522682
                },
                "rotation": {
                    "x": -0.5027993227973548,
                    "y": -0.5053219930519023,
                    "z": 0.4962449787350548,
                    "w": 0.4955637652339197
                }
            }
        }
    ]
}