{
    "transforms": [
        {
            "header": {
                "seq": 0,
                "stamp": {
                    "secs": 1687318000,
                    "nsecs": 194155158
                },
                "frame_id": "polhemus_base_0"
            },
            "child_frame_id": "rh_user_forearm",
            "transform": {
                "translation": {
                    "x": -0.18841652572155,
                    "y": 0.053623996675014496,
                    "z": 0.009607616811990738
                },
                "rotation": {
                    "x": -0.27612691421239527,
                    "y": -0.30560394350775477,
                    "z": 0.0776223669739671,
                    "w": 0.9079289207341115
                }
            }
        }
    ]
}