{
    "transforms": [
        {
            "header": {
                "seq": 0,
                "stamp": {
                    "secs": 1687318019,
                    "nsecs": 779184906
                },
                "frame_id": "ra_base"
            },
            "child_frame_id": "ra_tool0_controller",
            "transform": {
                "translation": {
                    "x": -0.6728426976192063,
                    "y": -0.7293884761918004,
                    "z": 0.6299567345637199
                },
                "rotation": {
                    "x": -0.4907398979461156,
                    "y": -0.5021519068099534,
                    "z": 0.5050214612370976,
                    "w": 0.501967268595185
                }
            }
        }
    ]
}