{
    "transforms": [
        {
            "header": {
                "seq": 0,
                "stamp": {
                    "secs": 1687318000,
                    "nsecs": 951579978
                },
                "frame_id": "ra_base"
            },
            "child_frame_id": "ra_tool0_controller",
            "transform": {
                "translation": {
                    "x": -0.6760764684985484,
                    "y": -0.09154028235603881,
                    "z": 0.6376372584078233
                },
                "rotation": {
                    "x": -0.5028019813322382,
                    "y": -0.5053151380970423,
                    "z": 0.49624583998357485,
                    "w": 0.495567195320008
                }
            }
        }
    ]
}