{
    "transforms": [
        {
            "header": {
                "seq": 0,
                "stamp": {
                    "secs": 1687318001,
                    "nsecs": 885579978
                },
                "frame_id": "ra_base"
            },
            "child_frame_id": "ra_tool0_controller",
            "transform": {
                "translation": {
                    "x": -0.6760743237125322,
                    "y": -0.09154196561274677,
                    "z": 0.6376373129413117
                },
                "rotation": {
                    "x": -0.5028052602137174,
                    "y": -0.5053210956143861,
                    "z": 0.4962457079685327,
                    "w": 0.4955579259292524
                }
            }
        }
    ]
}