{
    "transforms": [
        {
            "header": {
                "seq": 0,
                "stamp": {
                    "secs": 1687317999,
                    "nsecs": 223579978
                },
                "frame_id": "ra_base"
            },
            "child_frame_id": "ra_tool0_controller",
            "transform": {
                "translation": {
                    "x": -0.6760784415739534,
                    "y": -0.09153350801171538,
                    "z": 0.6376509303421779
                },
                "rotation": {
                    "x": -0.5028092368607686,
                    "y": -0.5053174463153305,
                    "z": 0.49625143342184497,
                    "w": 0.4955518788215912
                }
            }
        }
    ]
}