{
    "transforms": [
        {
            "header": {
                "seq": 0,
                "stamp": {
                    "secs": 1687317999,
                    "nsecs": 899579978
                },
                "frame_id": "ra_base"
            },
            "child_frame_id": "ra_tool0_controller",
            "transform": {
                "translation": {
                    "x": -0.6760874422273796,
                    "y": -0.09153905564621898,
                    "z": 0.6376575813576008
                },
                "rotation": {
                    "x": -0.502815630830866,
                    "y": -0.5053014447793179,
                    "z": 0.49626103853365744,
                    "w": 0.4955520890174796
                }
            }
        }
    ]
}