{
    "transforms": [
        {
            "header": {
                "seq": 0,
                "stamp": {
                    "secs": 1687318013,
                    "nsecs": 227184906
                },
                "frame_id": "ra_base"
            },
            "child_frame_id": "ra_tool0_controller",
            "transform": {
                "translation": {
                    "x": -0.6728358194277698,
                    "y": -0.729390284431407,
                    "z": 0.6299658323311534
                },
                "rotation": {
                    "x": -0.49073683431134985,
                    "y": -0.50215045590018,
                    "z": 0.5050130345785315,
                    "w": 0.5019801928314493
                }
            }
        }
    ]
}