{
    "transforms": [
        {
            "header": {
                "seq": 0,
                "stamp": {
                    "secs": 1687318017,
                    "nsecs": 367184906
                },
                "frame_id": "ra_base"
            },
            "child_frame_id": "ra_tool0_controller",
            "transform": {
                "translation": {
                    "x": -0.6728454564348402,
                    "y": -0.7293886134430918,
                    "z": 0.6299206626156585
                },
                "rotation": {
                    "x": -0.4907365416500852,
                    "y": -0.5021808856965717,
                    "z": 0.5050004054405954,
                    "w": 0.5019627428755599
                }
            }
        }
    ]
}