{
    "transforms": [
        {
            "header": {
                "seq": 0,
                "stamp": {
                    "secs": 1687318006,
                    "nsecs": 717184906
                },
                "frame_id": "ra_base"
            },
            "child_frame_id": "ra_tool0_controller",
            "transform": {
                "translation": {
                    "x": -0.6760686032221085,
                    "y": -0.09155247933818669,
                    "z": 0.6376314678263904
                },
                "rotation": {
                    "x": -0.5028113425175773,
                    "y": -0.5053321798535629,
                    "z": 0.4962402236078114,
                    "w": 0.4955459436962301
                }
            }
        }
    ]
}