{
    "transforms": [
        {
            "header": {
                "seq": 0,
                "stamp": {
                    "secs": 1687318022,
                    "nsecs": 727488283
                },
                "frame_id": "polhemus_base_0"
            },
            "child_frame_id": "rh_user_forearm",
            "transform": {
                "translation": {
                    "x": -0.18831589818000793,
                    "y": 0.051990389823913574,
                    "z": 0.009236388839781284
                },
                "rotation": {
                    "x": -0.28300724916128817,
                    "y": -0.3062562780442326,
                    "z": 0.08622250994749218,
                    "w": 0.9048091886464288
                }
            }
        }
    ]
}