{
    "transforms": [
        {
            "header": {
                "seq": 0,
                "stamp": {
                    "secs": 1687318009,
                    "nsecs": 707184906
                },
                "frame_id": "ra_base"
            },
            "child_frame_id": "ra_tool0_controller",
            "transform": {
                "translation": {
                    "x": -0.7636352835349798,
                    "y": -0.3472068437474867,
                    "z": 0.661756817565195
                },
                "rotation": {
                    "x": -0.4950877833647686,
                    "y": -0.505129686137621,
                    "z": 0.49910036747818237,
                    "w": 0.5006305125824952
                }
            }
        }
    ]
}