{
    "transforms": [
        {
            "header": {
                "seq": 0,
                "stamp": {
                    "secs": 1687318010,
                    "nsecs": 155184906
                },
                "frame_id": "ra_base"
            },
            "child_frame_id": "ra_tool0_controller",
            "transform": {
                "translation": {
                    "x": -0.7649355413483439,
                    "y": -0.4221807104087801,
                    "z": 0.6604542353463129
                },
                "rotation": {
                    "x": -0.4937325743750472,
                    "y": -0.504626492871078,
                    "z": 0.5002016747608067,
                    "w": 0.50137663713032
                }
            }
        }
    ]
}