{
    "transforms": [
        {
            "header": {
                "seq": 0,
                "stamp": {
                    "secs": 1687318025,
                    "nsecs": 21184906
                },
                "frame_id": "ra_base"
            },
            "child_frame_id": "ra_tool0_controller",
            "transform": {
                "translation": {
                    "x": -0.6728501775448859,
                    "y": -0.7293731687329689,
                    "z": 0.6299782154851424
                },
                "rotation": {
                    "x": -0.4907456974401742,
                    "y": -0.5021385652194494,
                    "z": 0.5050206979651654,
                    "w": 0.5019757129484322
                }
            }
        }
    ]
}