{
    "transforms": [
        {
            "header": {
                "seq": 0,
                "stamp": {
                    "secs": 1687318000,
                    "nsecs": 321579978
                },
                "frame_id": "ra_base"
            },
            "child_frame_id": "ra_tool0_controller",
            "transform": {
                "translation": {
                    "x": -0.6760712647692378,
                    "y": -0.09154324318131477,
                    "z": 0.6376470808254308
                },
                "rotation": {
                    "x": -0.5028011370103381,
                    "y": -0.5053295626046643,
                    "z": 0.4962329874508688,
                    "w": 0.4955662134815848
                }
            }
        }
    ]
}