{
    "transforms": [
        {
            "header": {
                "seq": 0,
                "stamp": {
                    "secs": 1687318001,
                    "nsecs": 187579978
                },
                "frame_id": "ra_base"
            },
            "child_frame_id": "ra_tool0_controller",
            "transform": {
                "translation": {
                    "x": -0.6760723841251097,
                    "y": -0.09156462041498555,
                    "z": 0.6376427921091925
                },
                "rotation": {
                    "x": -0.5027903275081288,
                    "y": -0.5053420871629501,
                    "z": 0.49624816324062276,
                    "w": 0.4955492124767933
                }
            }
        }
    ]
}