{
    "transforms": [
        {
            "header": {
                "seq": 0,
                "stamp": {
                    "secs": 1687318009,
                    "nsecs": 387184906
                },
                "frame_id": "ra_base"
            },
            "child_frame_id": "ra_tool0_controller",
            "transform": {
                "translation": {
                    "x": -0.7572812456416537,
                    "y": -0.29616109193976564,
                    "z": 0.660975701888717
                },
                "rotation": {
                    "x": -0.4962115492883855,
                    "y": -0.5053844872427108,
                    "z": 0.49840282878974024,
                    "w": 0.49995523665787067
                }
            }
        }
    ]
}