{
    "transforms": [
        {
            "header": {
                "seq": 0,
                "stamp": {
                    "secs": 1687318013,
                    "nsecs": 263184906
                },
                "frame_id": "ra_base"
            },
            "child_frame_id": "ra_tool0_controller",
            "transform": {
                "translation": {
                    "x": -0.6728327087230572,
                    "y": -0.729391600422472,
                    "z": 0.6299651199251608
                },
                "rotation": {
                    "x": -0.4907313285831306,
                    "y": -0.5021629899652796,
                    "z": 0.5050180083115747,
                    "w": 0.5019680327841367
                }
            }
        }
    ]
}