{
    "transforms": [
        {
            "header": {
                "seq": 0,
                "stamp": {
                    "secs": 1687318018,
                    "nsecs": 433184906
                },
                "frame_id": "ra_base"
            },
            "child_frame_id": "ra_tool0_controller",
            "transform": {
                "translation": {
                    "x": -0.6728457221502955,
                    "y": -0.7293831442395178,
                    "z": 0.6299359221709786
                },
                "rotation": {
                    "x": -0.4907434517924015,
                    "y": -0.5021526806792499,
                    "z": 0.5050049519432893,
                    "w": 0.5019796293897578
                }
            }
        }
    ]
}