{
    "transforms": [
        {
            "header": {
                "seq": 0,
                "stamp": {
                    "secs": 1687317999,
                    "nsecs": 303579978
                },
                "frame_id": "ra_base"
            },
            "child_frame_id": "ra_tool0_controller",
            "transform": {
                "translation": {
                    "x": -0.6760606732968102,
                    "y": -0.09153997740501886,
                    "z": 0.6376206585777084
                },
                "rotation": {
                    "x": -0.5028186605454853,
                    "y": -0.5053227749461711,
                    "z": 0.4962266427806237,
                    "w": 0.49556170828930746
                }
            }
        }
    ]
}