{
    "transforms": [
        {
            "header": {
                "seq": 0,
                "stamp": {
                    "secs": 1687318013,
                    "nsecs": 787184906
                },
                "frame_id": "ra_base"
            },
            "child_frame_id": "ra_tool0_controller",
            "transform": {
                "translation": {
                    "x": -0.6728331658692731,
                    "y": -0.7294141493612619,
                    "z": 0.6299241877060187
                },
                "rotation": {
                    "x": -0.4907426488265392,
                    "y": -0.502156538265628,
                    "z": 0.5050226884543142,
                    "w": 0.5019587112962277
                }
            }
        }
    ]
}