{
    "transforms": [
        {
            "header": {
                "seq": 0,
                "stamp": {
                    "secs": 1687318018,
                    "nsecs": 881184906
                },
                "frame_id": "ra_base"
            },
            "child_frame_id": "ra_tool0_controller",
            "transform": {
                "translation": {
                    "x": -0.6728429800392053,
                    "y": -0.7293876941027188,
                    "z": 0.6299474321623119
                },
                "rotation": {
                    "x": -0.49072960484029815,
                    "y": -0.5021634392936046,
                    "z": 0.5050053144080769,
                    "w": 0.5019820391106662
                }
            }
        }
    ]
}