{
    "transforms": [
        {
            "header": {
                "seq": 0,
                "stamp": {
                    "secs": 1687318004,
                    "nsecs": 681579978
                },
                "frame_id": "ra_base"
            },
            "child_frame_id": "ra_tool0_controller",
            "transform": {
                "translation": {
                    "x": -0.6760710921236149,
                    "y": -0.09155213547702051,
                    "z": 0.6376458829356955
                },
                "rotation": {
                    "x": -0.502814184388228,
                    "y": -0.505312330395647,
                    "z": 0.49626009689351086,
                    "w": 0.495543399672889
                }
            }
        }
    ]
}