{
    "transforms": [
        {
            "header": {
                "seq": 0,
                "stamp": {
                    "secs": 1687318006,
                    "nsecs": 227184906
                },
                "frame_id": "ra_base"
            },
            "child_frame_id": "ra_tool0_controller",
            "transform": {
                "translation": {
                    "x": -0.6760774403882646,
                    "y": -0.09154336738274436,
                    "z": 0.6376482069621578
                },
                "rotation": {
                    "x": -0.502792050495511,
                    "y": -0.5053235255387671,
                    "z": 0.4962514412198801,
                    "w": 0.4955631095862386
                }
            }
        }
    ]
}