{
    "transforms": [
        {
            "header": {
                "seq": 0,
                "stamp": {
                    "secs": 1687318024,
                    "nsecs": 869184906
                },
                "frame_id": "ra_base"
            },
            "child_frame_id": "ra_tool0_controller",
            "transform": {
                "translation": {
                    "x": -0.6728296730378462,
                    "y": -0.7294000370382909,
                    "z": 0.6299550495830855
                },
                "rotation": {
                    "x": -0.49072272386325283,
                    "y": -0.5021757808883311,
                    "z": 0.5050165093727174,
                    "w": 0.5019651567931986
                }
            }
        }
    ]
}