{
    "transforms": [
        {
            "header": {
                "seq": 0,
                "stamp": {
                    "secs": 1687318008,
                    "nsecs": 438810768
                },
                "frame_id": "polhemus_base_0"
            },
            "child_frame_id": "polhemus_station_0",
            "transform": {
                "translation": {
                    "x": 0.046619974076747894,
                    "y": -0.07138081640005112,
                    "z": 0.14080628752708435
                },
                "rotation": {
                    "x": -0.2388947755098343,
                    "y": -0.5813062787055969,
                    "z": -0.14918866753578186,
                    "w": 0.7633839249610901
                }
            }
        },
        {
            "header": {
                "seq": 0,
                "stamp": {
                    "secs": 1687318008,
                    "nsecs": 438810768
                },
                "frame_id": "polhemus_base_0"
            },
            "child_frame_id": "polhemus_station_1",
            "transform": {
                "translation": {
                    "x": 0.13558457791805267,
                    "y": -0.024168161675333977,
                    "z": 0.050752367824316025
                },
                "rotation": {
                    "x": 0.08781127631664276,
                    "y": -0.28598666191101074,
                    "z": 0.10216737538576126,
                    "w": 0.9487162232398987
                }
            }
        },
        {
            "header": {
                "seq": 0,
                "stamp": {
                    "secs": 1687318008,
                    "nsecs": 438810768
                },
                "frame_id": "polhemus_base_0"
            },
            "child_frame_id": "polhemus_station_2",
            "transform": {
                "translation": {
                    "x": 0.1440950185060501,
                    "y": -0.01346929743885994,
                    "z": 0.061401113867759705
                },
                "rotation": {
                    "x": 0.03139997273683548,
                    "y": -0.41296446323394775,
                    "z": -0.14077791571617126,
                    "w": 0.8992530703544617
                }
            }
        },
        {
            "header": {
                "seq": 0,
                "stamp": {
                    "secs": 1687318008,
                    "nsecs": 438810768
                },
                "frame_id": "polhemus_base_0"
            },
            "child_frame_id": "polhemus_station_3",
            "transform": {
                "translation": {
                    "x": 0.12298735976219177,
                    "y": 0.04445517808198929,
                    "z": 0.04102270305156708
                },
                "rotation": {
                    "x": -0.22209703922271729,
                    "y": -0.3489546775817871,
                    "z": -0.09625125676393509,
                    "w": 0.9053391814231873
                }
            }
        },
        {
            "header": {
                "seq": 0,
                "stamp": {
                    "secs": 1687318008,
                    "nsecs": 438810768
                },
                "frame_id": "polhemus_base_0"
            },
            "child_frame_id": "polhemus_station_4",
            "transform": {
                "translation": {
                    "x": 0.13762244582176208,
                    "y": 0.06166842579841614,
                    "z": 0.046138979494571686
                },
                "rotation": {
                    "x": 0.4118383526802063,
                    "y": 0.24605455994606018,
                    "z": 0.21845227479934692,
                    "w": -0.8497793674468994
                }
            }
        },
        {
            "header": {
                "seq": 0,
                "stamp": {
                    "secs": 1687318008,
                    "nsecs": 438810768
                },
                "frame_id": "polhemus_base_0"
            },
            "child_frame_id": "polhemus_station_5",
            "transform": {
                "translation": {
                    "x": 0.18837375938892365,
                    "y": 0.05266544595360756,
                    "z": 0.009601456113159657
                },
                "rotation": {
                    "x": 0.27863264083862305,
                    "y": -0.30572450160980225,
                    "z": 0.08258853852748871,
                    "w": -0.9066838026046753
                }
            }
        }
    ]
}