{
    "transforms": [
        {
            "header": {
                "seq": 0,
                "stamp": {
                    "secs": 1687318024,
                    "nsecs": 153184906
                },
                "frame_id": "ra_base"
            },
            "child_frame_id": "ra_tool0_controller",
            "transform": {
                "translation": {
                    "x": -0.6728381125665419,
                    "y": -0.7293876307945463,
                    "z": 0.6299546962263101
                },
                "rotation": {
                    "x": -0.49075091234093,
                    "y": -0.5021497246740698,
                    "z": 0.505019385881449,
                    "w": 0.5019607713061099
                }
            }
        }
    ]
}