{
    "transforms": [
        {
            "header": {
                "seq": 0,
                "stamp": {
                    "secs": 1687318008,
                    "nsecs": 571184906
                },
                "frame_id": "ra_base"
            },
            "child_frame_id": "ra_tool0_controller",
            "transform": {
                "translation": {
                    "x": -0.7228828507066869,
                    "y": -0.17735095397860776,
                    "z": 0.6525290669163314
                },
                "rotation": {
                    "x": -0.49956416308225265,
                    "y": -0.5056360862129652,
                    "z": 0.4969238063398514,
                    "w": 0.497829816278492
                }
            }
        }
    ]
}