{
    "transforms": [
        {
            "header": {
                "seq": 0,
                "stamp": {
                    "secs": 1687318027,
                    "nsecs": 255511085
                },
                "frame_id": "polhemus_base_0"
            },
            "child_frame_id": "polhemus_station_0",
            "transform": {
                "translation": {
                    "x": 0.045255955308675766,
                    "y": -0.069965660572052,
                    "z": 0.14165820181369781
                },
                "rotation": {
                    "x": -0.2460792064666748,
                    "y": -0.5864854454994202,
                    "z": -0.14798672497272491,
                    "w": 0.7573503255844116
                }
            }
        },
        {
            "header": {
                "seq": 0,
                "stamp": {
                    "secs": 1687318027,
                    "nsecs": 255511085
                },
                "frame_id": "polhemus_base_0"
            },
            "child_frame_id": "polhemus_station_1",
            "transform": {
                "translation": {
                    "x": 0.13560250401496887,
                    "y": -0.02399929240345955,
                    "z": 0.05082850903272629
                },
                "rotation": {
                    "x": 0.08850285410881042,
                    "y": -0.28560373187065125,
                    "z": 0.10316510498523712,
                    "w": 0.948659360408783
                }
            }
        },
        {
            "header": {
                "seq": 0,
                "stamp": {
                    "secs": 1687318027,
                    "nsecs": 255511085
                },
                "frame_id": "polhemus_base_0"
            },
            "child_frame_id": "polhemus_station_2",
            "transform": {
                "translation": {
                    "x": 0.14406344294548035,
                    "y": -0.01327795721590519,
                    "z": 0.06149492412805557
                },
                "rotation": {
                    "x": 0.030110612511634827,
                    "y": -0.41285020112991333,
                    "z": -0.13861872255802155,
                    "w": 0.8996849656105042
                }
            }
        },
        {
            "header": {
                "seq": 0,
                "stamp": {
                    "secs": 1687318027,
                    "nsecs": 255511085
                },
                "frame_id": "polhemus_base_0"
            },
            "child_frame_id": "polhemus_station_3",
            "transform": {
                "translation": {
                    "x": 0.123438760638237,
                    "y": 0.044504594057798386,
                    "z": 0.040317658334970474
                },
                "rotation": {
                    "x": -0.2222697138786316,
                    "y": -0.3449416160583496,
                    "z": -0.09718788415193558,
                    "w": 0.906733512878418
                }
            }
        },
        {
            "header": {
                "seq": 0,
                "stamp": {
                    "secs": 1687318027,
                    "nsecs": 255511085
                },
                "frame_id": "polhemus_base_0"
            },
            "child_frame_id": "polhemus_station_4",
            "transform": {
                "translation": {
                    "x": 0.1383267492055893,
                    "y": 0.06144383177161217,
                    "z": 0.045313697308301926
                },
                "rotation": {
                    "x": 0.42331889271736145,
                    "y": 0.24555900692939758,
                    "z": 0.220464825630188,
                    "w": -0.843739926815033
                }
            }
        },
        {
            "header": {
                "seq": 0,
                "stamp": {
                    "secs": 1687318027,
                    "nsecs": 255511085
                },
                "frame_id": "polhemus_base_0"
            },
            "child_frame_id": "polhemus_station_5",
            "transform": {
                "translation": {
                    "x": 0.1883096843957901,
                    "y": 0.05187268182635307,
                    "z": 0.009178265929222107
                },
                "rotation": {
                    "x": 0.284271776676178,
                    "y": -0.30614975094795227,
                    "z": 0.08704696595668793,
                    "w": -0.9043697714805603
                }
            }
        }
    ]
}