{
    "transforms": [
        {
            "header": {
                "seq": 0,
                "stamp": {
                    "secs": 1687318000,
                    "nsecs": 689579978
                },
                "frame_id": "ra_base"
            },
            "child_frame_id": "ra_tool0_controller",
            "transform": {
                "translation": {
                    "x": -0.6760715505216294,
                    "y": -0.09153183344854149,
                    "z": 0.6376354652007562
                },
                "rotation": {
                    "x": -0.502813520856104,
                    "y": -0.5053204517758323,
                    "z": 0.4962368159268991,
                    "w": 0.4955591052337653
                }
            }
        }
    ]
}