{
    "transforms": [
        {
            "header": {
                "seq": 0,
                "stamp": {
                    "secs": 1687318000,
                    "nsecs": 151579978
                },
                "frame_id": "ra_base"
            },
            "child_frame_id": "ra_tool0_controller",
            "transform": {
                "translation": {
                    "x": -0.6760746176507283,
                    "y": -0.0915405390381205,
                    "z": 0.6376334747664606
                },
                "rotation": {
                    "x": -0.5028223729931657,
                    "y": -0.50531175396165,
                    "z": 0.4962488834484807,
                    "w": 0.4955469081750574
                }
            }
        }
    ]
}