{
    "transforms": [
        {
            "header": {
                "seq": 0,
                "stamp": {
                    "secs": 1687318022,
                    "nsecs": 87184906
                },
                "frame_id": "ra_base"
            },
            "child_frame_id": "ra_tool0_controller",
            "transform": {
                "translation": {
                    "x": -0.672834563459571,
                    "y": -0.7293959673686926,
                    "z": 0.6299549611808826
                },
                "rotation": {
                    "x": -0.49073427401113695,
                    "y": -0.5021557327602901,
                    "z": 0.5050190650654995,
                    "w": 0.5019713500660247
                }
            }
        }
    ]
}