{
    "transforms": [
        {
            "header": {
                "seq": 0,
                "stamp": {
                    "secs": 1687318007,
                    "nsecs": 463853979
                },
                "frame_id": "polhemus_base_0"
            },
            "child_frame_id": "polhemus_station_0",
            "transform": {
                "translation": {
                    "x": 0.04663943871855736,
                    "y": -0.07147114723920822,
                    "z": 0.1407587230205536
                },
                "rotation": {
                    "x": -0.23836061358451843,
                    "y": -0.5811980366706848,
                    "z": -0.1492336392402649,
                    "w": 0.763624370098114
                }
            }
        },
        {
            "header": {
                "seq": 0,
                "stamp": {
                    "secs": 1687318007,
                    "nsecs": 463853979
                },
                "frame_id": "polhemus_base_0"
            },
            "child_frame_id": "polhemus_station_1",
            "transform": {
                "translation": {
                    "x": 0.13557583093643188,
                    "y": -0.024141108617186546,
                    "z": 0.050757359713315964
                },
                "rotation": {
                    "x": 0.08766231685876846,
                    "y": -0.2859877347946167,
                    "z": 0.10229537636041641,
                    "w": 0.94871586561203
                }
            }
        },
        {
            "header": {
                "seq": 0,
                "stamp": {
                    "secs": 1687318007,
                    "nsecs": 463853979
                },
                "frame_id": "polhemus_base_0"
            },
            "child_frame_id": "polhemus_station_2",
            "transform": {
                "translation": {
                    "x": 0.1440735012292862,
                    "y": -0.0134401461109519,
                    "z": 0.06141334027051926
                },
                "rotation": {
                    "x": 0.03145786374807358,
                    "y": -0.4130871593952179,
                    "z": -0.14060330390930176,
                    "w": 0.8992220163345337
                }
            }
        },
        {
            "header": {
                "seq": 0,
                "stamp": {
                    "secs": 1687318007,
                    "nsecs": 463853979
                },
                "frame_id": "polhemus_base_0"
            },
            "child_frame_id": "polhemus_station_3",
            "transform": {
                "translation": {
                    "x": 0.12294454127550125,
                    "y": 0.044471997767686844,
                    "z": 0.04109353572130203
                },
                "rotation": {
                    "x": -0.22230276465415955,
                    "y": -0.3493852913379669,
                    "z": -0.09602010995149612,
                    "w": 0.9051470756530762
                }
            }
        },
        {
            "header": {
                "seq": 0,
                "stamp": {
                    "secs": 1687318007,
                    "nsecs": 463853979
                },
                "frame_id": "polhemus_base_0"
            },
            "child_frame_id": "polhemus_station_4",
            "transform": {
                "translation": {
                    "x": 0.13755255937576294,
                    "y": 0.06174767389893532,
                    "z": 0.04621291533112526
                },
                "rotation": {
                    "x": 0.41076168417930603,
                    "y": 0.24630427360534668,
                    "z": 0.21787981688976288,
                    "w": -0.8503748178482056
                }
            }
        },
        {
            "header": {
                "seq": 0,
                "stamp": {
                    "secs": 1687318007,
                    "nsecs": 463853979
                },
                "frame_id": "polhemus_base_0"
            },
            "child_frame_id": "polhemus_station_5",
            "transform": {
                "translation": {
                    "x": 0.18833772838115692,
                    "y": 0.052803874015808105,
                    "z": 0.009515772573649883
                },
                "rotation": {
                    "x": 0.2785235345363617,
                    "y": -0.3060964047908783,
                    "z": 0.08162139356136322,
                    "w": -0.9066794514656067
                }
            }
        }
    ]
}