{
    "transforms": [
        {
            "header": {
                "seq": 0,
                "stamp": {
                    "secs": 1687318008,
                    "nsecs": 9184906
                },
                "frame_id": "ra_base"
            },
            "child_frame_id": "ra_tool0_controller",
            "transform": {
                "translation": {
                    "x": -0.6928772933578762,
                    "y": -0.11783785574639782,
                    "z": 0.643347807702806
                },
                "rotation": {
                    "x": -0.501676406119211,
                    "y": -0.5054762555120562,
                    "z": 0.4964469985778495,
                    "w": 0.4963415318708152
                }
            }
        }
    ]
}