{
    "transforms": [
        {
            "header": {
                "seq": 0,
                "stamp": {
                    "secs": 1687318024,
                    "nsecs": 247184906
                },
                "frame_id": "ra_base"
            },
            "child_frame_id": "ra_tool0_controller",
            "transform": {
                "translation": {
                    "x": -0.6728238037405948,
                    "y": -0.7293949828289812,
                    "z": 0.629976882347164
                },
                "rotation": {
                    "x": -0.4907385026775774,
                    "y": -0.5021403356273504,
                    "z": 0.5050343135716866,
                    "w": 0.5019672772611744
                }
            }
        }
    ]
}