{
    "transforms": [
        {
            "header": {
                "seq": 0,
                "stamp": {
                    "secs": 1687318010,
                    "nsecs": 943184906
                },
                "frame_id": "ra_base"
            },
            "child_frame_id": "ra_tool0_controller",
            "transform": {
                "translation": {
                    "x": -0.7434197036550413,
                    "y": -0.5602364338348922,
                    "z": 0.6516144851565556
                },
                "rotation": {
                    "x": -0.49195134692961456,
                    "y": -0.5035396859349905,
                    "z": 0.5022789526999969,
                    "w": 0.5021429185174512
                }
            }
        }
    ]
}