{
    "transforms": [
        {
            "header": {
                "seq": 0,
                "stamp": {
                    "secs": 1687318024,
                    "nsecs": 393184906
                },
                "frame_id": "ra_base"
            },
            "child_frame_id": "ra_tool0_controller",
            "transform": {
                "translation": {
                    "x": -0.6728316372050219,
                    "y": -0.7293928823185429,
                    "z": 0.6299305022738424
                },
                "rotation": {
                    "x": -0.49073755408385356,
                    "y": -0.5021759590722995,
                    "z": 0.5049971944648696,
                    "w": 0.5019699121702652
                }
            }
        }
    ]
}