{
    "transforms": [
        {
            "header": {
                "seq": 0,
                "stamp": {
                    "secs": 1687318018,
                    "nsecs": 863816100
                },
                "frame_id": "polhemus_base_0"
            },
            "child_frame_id": "polhemus_station_0",
            "transform": {
                "translation": {
                    "x": 0.04568953067064285,
                    "y": -0.07046181708574295,
                    "z": 0.1413598358631134
                },
                "rotation": {
                    "x": -0.24363327026367188,
                    "y": -0.5848076939582825,
                    "z": -0.14848391711711884,
                    "w": 0.7593387961387634
                }
            }
        },
        {
            "header": {
                "seq": 0,
                "stamp": {
                    "secs": 1687318018,
                    "nsecs": 863816100
                },
                "frame_id": "polhemus_base_0"
            },
            "child_frame_id": "polhemus_station_1",
            "transform": {
                "translation": {
                    "x": 0.1355973780155182,
                    "y": -0.024081241339445114,
                    "z": 0.050770167261362076
                },
                "rotation": {
                    "x": 0.08816889673471451,
                    "y": -0.28565919399261475,
                    "z": 0.10267435759305954,
                    "w": 0.9487269520759583
                }
            }
        },
        {
            "header": {
                "seq": 0,
                "stamp": {
                    "secs": 1687318018,
                    "nsecs": 863816100
                },
                "frame_id": "polhemus_base_0"
            },
            "child_frame_id": "polhemus_station_2",
            "transform": {
                "translation": {
                    "x": 0.14408466219902039,
                    "y": -0.013385308906435966,
                    "z": 0.06141708418726921
                },
                "rotation": {
                    "x": 0.030257228761911392,
                    "y": -0.4127301871776581,
                    "z": -0.13970322906970978,
                    "w": 0.8995673060417175
                }
            }
        },
        {
            "header": {
                "seq": 0,
                "stamp": {
                    "secs": 1687318018,
                    "nsecs": 863816100
                },
                "frame_id": "polhemus_base_0"
            },
            "child_frame_id": "polhemus_station_3",
            "transform": {
                "translation": {
                    "x": 0.12328057736158371,
                    "y": 0.04445776715874672,
                    "z": 0.040512192994356155
                },
                "rotation": {
                    "x": -0.22030745446681976,
                    "y": -0.34600549936294556,
                    "z": -0.09628146886825562,
                    "w": 0.9069036841392517
                }
            }
        },
        {
            "header": {
                "seq": 0,
                "stamp": {
                    "secs": 1687318018,
                    "nsecs": 863816100
                },
                "frame_id": "polhemus_base_0"
            },
            "child_frame_id": "polhemus_station_4",
            "transform": {
                "translation": {
                    "x": 0.13809464871883392,
                    "y": 0.06145792827010155,
                    "z": 0.04555552080273628
                },
                "rotation": {
                    "x": 0.41863441467285156,
                    "y": 0.2453833669424057,
                    "z": 0.2196892499923706,
                    "w": -0.8463267087936401
                }
            }
        },
        {
            "header": {
                "seq": 0,
                "stamp": {
                    "secs": 1687318018,
                    "nsecs": 863816100
                },
                "frame_id": "polhemus_base_0"
            },
            "child_frame_id": "polhemus_station_5",
            "transform": {
                "translation": {
                    "x": 0.1883237361907959,
                    "y": 0.052114471793174744,
                    "z": 0.009312857873737812
                },
                "rotation": {
                    "x": 0.2824661433696747,
                    "y": -0.30618610978126526,
                    "z": 0.08557556569576263,
                    "w": -0.9050633907318115
                }
            }
        }
    ]
}