{
    "transforms": [
        {
            "header": {
                "seq": 0,
                "stamp": {
                    "secs": 1687317999,
                    "nsecs": 137579978
                },
                "frame_id": "ra_base"
            },
            "child_frame_id": "ra_tool0_controller",
            "transform": {
                "translation": {
                    "x": -0.6760719602186084,
                    "y": -0.09155523555208918,
                    "z": 0.6376284367920848
                },
                "rotation": {
                    "x": -0.5027916409370375,
                    "y": -0.505336587654491,
                    "z": 0.4962500537262608,
                    "w": 0.49555159484985967
                }
            }
        }
    ]
}