{
    "transforms": [
        {
            "header": {
                "seq": 0,
                "stamp": {
                    "secs": 1687318015,
                    "nsecs": 385184906
                },
                "frame_id": "ra_base"
            },
            "child_frame_id": "ra_tool0_controller",
            "transform": {
                "translation": {
                    "x": -0.6728445820967693,
                    "y": -0.7293891033961469,
                    "z": 0.6299245348035839
                },
                "rotation": {
                    "x": -0.4907441494015897,
                    "y": -0.5021662891999209,
                    "z": 0.5050029471488812,
                    "w": 0.5019673507213752
                }
            }
        }
    ]
}