{
    "transforms": [
        {
            "header": {
                "seq": 0,
                "stamp": {
                    "secs": 1687318006,
                    "nsecs": 905184906
                },
                "frame_id": "ra_base"
            },
            "child_frame_id": "ra_tool0_controller",
            "transform": {
                "translation": {
                    "x": -0.6760715965740292,
                    "y": -0.09154236642872952,
                    "z": 0.6376388735627564
                },
                "rotation": {
                    "x": -0.5028083554396893,
                    "y": -0.50532023115829,
                    "z": 0.49624651090081484,
                    "w": 0.4955548628567124
                }
            }
        }
    ]
}