{
    "transforms": [
        {
            "header": {
                "seq": 0,
                "stamp": {
                    "secs": 1687318005,
                    "nsecs": 293184906
                },
                "frame_id": "ra_base"
            },
            "child_frame_id": "ra_tool0_controller",
            "transform": {
                "translation": {
                    "x": -0.6760842427221557,
                    "y": -0.09154048040626059,
                    "z": 0.6376149831254596
                },
                "rotation": {
                    "x": -0.5028285584691488,
                    "y": -0.505321464066566,
                    "z": 0.4962450195161418,
                    "w": 0.4955345995456667
                }
            }
        }
    ]
}