{
    "transforms": [
        {
            "header": {
                "seq": 0,
                "stamp": {
                    "secs": 1687318002,
                    "nsecs": 471579978
                },
                "frame_id": "ra_base"
            },
            "child_frame_id": "ra_tool0_controller",
            "transform": {
                "translation": {
                    "x": -0.6760718559251605,
                    "y": -0.09154050809986948,
                    "z": 0.6376470647526281
                },
                "rotation": {
                    "x": -0.502803011159052,
                    "y": -0.505327767525565,
                    "z": 0.49623906903803516,
                    "w": 0.49556005256404884
                }
            }
        }
    ]
}