{
    "transforms": [
        {
            "header": {
                "seq": 0,
                "stamp": {
                    "secs": 1687318005,
                    "nsecs": 730475526
                },
                "frame_id": "polhemus_base_0"
            },
            "child_frame_id": "polhemus_station_0",
            "transform": {
                "translation": {
                    "x": 0.046631913632154465,
                    "y": -0.07152552157640457,
                    "z": 0.14073249697685242
                },
                "rotation": {
                    "x": -0.2380751669406891,
                    "y": -0.5812509655952454,
                    "z": -0.1492583453655243,
                    "w": 0.7636683583259583
                }
            }
        },
        {
            "header": {
                "seq": 0,
                "stamp": {
                    "secs": 1687318005,
                    "nsecs": 730475526
                },
                "frame_id": "polhemus_base_0"
            },
            "child_frame_id": "polhemus_station_1",
            "transform": {
                "translation": {
                    "x": 0.13557320833206177,
                    "y": -0.024133717641234398,
                    "z": 0.0507582388818264
                },
                "rotation": {
                    "x": 0.08764854818582535,
                    "y": -0.2859259843826294,
                    "z": 0.10229135304689407,
                    "w": 0.9487361907958984
                }
            }
        },
        {
            "header": {
                "seq": 0,
                "stamp": {
                    "secs": 1687318005,
                    "nsecs": 730475526
                },
                "frame_id": "polhemus_base_0"
            },
            "child_frame_id": "polhemus_station_2",
            "transform": {
                "translation": {
                    "x": 0.14406855404376984,
                    "y": -0.013432716950774193,
                    "z": 0.06141500920057297
                },
                "rotation": {
                    "x": 0.03156212344765663,
                    "y": -0.4130816161632538,
                    "z": -0.1405259519815445,
                    "w": 0.8992330431938171
                }
            }
        },
        {
            "header": {
                "seq": 0,
                "stamp": {
                    "secs": 1687318005,
                    "nsecs": 730475526
                },
                "frame_id": "polhemus_base_0"
            },
            "child_frame_id": "polhemus_station_3",
            "transform": {
                "translation": {
                    "x": 0.12292376905679703,
                    "y": 0.04449041932821274,
                    "z": 0.0411355085670948
                },
                "rotation": {
                    "x": -0.22228607535362244,
                    "y": -0.34954172372817993,
                    "z": -0.09588325023651123,
                    "w": 0.9051051735877991
                }
            }
        },
        {
            "header": {
                "seq": 0,
                "stamp": {
                    "secs": 1687318005,
                    "nsecs": 730475526
                },
                "frame_id": "polhemus_base_0"
            },
            "child_frame_id": "polhemus_station_4",
            "transform": {
                "translation": {
                    "x": 0.1375269591808319,
                    "y": 0.06175592541694641,
                    "z": 0.046255532652139664
                },
                "rotation": {
                    "x": 0.41016900539398193,
                    "y": 0.24621383845806122,
                    "z": 0.21772119402885437,
                    "w": -0.8507277369499207
                }
            }
        },
        {
            "header": {
                "seq": 0,
                "stamp": {
                    "secs": 1687318005,
                    "nsecs": 730475526
                },
                "frame_id": "polhemus_base_0"
            },
            "child_frame_id": "polhemus_station_5",
            "transform": {
                "translation": {
                    "x": 0.18835033476352692,
                    "y": 0.05279648303985596,
                    "z": 0.009549710899591446
                },
                "rotation": {
                    "x": 0.27760612964630127,
                    "y": -0.30619293451309204,
                    "z": 0.08153876662254333,
                    "w": -0.9069355726242065
                }
            }
        }
    ]
}