{
    "transforms": [
        {
            "header": {
                "seq": 0,
                "stamp": {
                    "secs": 1687318019,
                    "nsecs": 407184906
                },
                "frame_id": "ra_base"
            },
            "child_frame_id": "ra_tool0_controller",
            "transform": {
                "translation": {
                    "x": -0.6728487232452355,
                    "y": -0.7293947137937553,
                    "z": 0.6299400514168179
                },
                "rotation": {
                    "x": -0.490733354393216,
                    "y": -0.5021610349000497,
                    "z": 0.5050159652000878,
                    "w": 0.5019700636563073
                }
            }
        }
    ]
}