{
    "transforms": [
        {
            "header": {
                "seq": 0,
                "stamp": {
                    "secs": 1687318008,
                    "nsecs": 5184906
                },
                "frame_id": "ra_base"
            },
            "child_frame_id": "ra_tool0_controller",
            "transform": {
                "translation": {
                    "x": -0.6926927602331902,
                    "y": -0.11753680305804494,
                    "z": 0.6432769547189929
                },
                "rotation": {
                    "x": -0.5016998806652357,
                    "y": -0.5054810764482377,
                    "z": 0.4964419606324023,
                    "w": 0.4963179332007614
                }
            }
        }
    ]
}