{
    "transforms": [
        {
            "header": {
                "seq": 0,
                "stamp": {
                    "secs": 1687318008,
                    "nsecs": 529184906
                },
                "frame_id": "ra_base"
            },
            "child_frame_id": "ra_tool0_controller",
            "transform": {
                "translation": {
                    "x": -0.7203357597614237,
                    "y": -0.17146061421272335,
                    "z": 0.6518615805212681
                },
                "rotation": {
                    "x": -0.4996987341272917,
                    "y": -0.5056341786881441,
                    "z": 0.4969142788657202,
                    "w": 0.4977061903506018
                }
            }
        }
    ]
}