{
    "transforms": [
        {
            "header": {
                "seq": 0,
                "stamp": {
                    "secs": 1687318009,
                    "nsecs": 291184906
                },
                "frame_id": "ra_base"
            },
            "child_frame_id": "ra_tool0_controller",
            "transform": {
                "translation": {
                    "x": -0.7545335606247935,
                    "y": -0.2812777611602393,
                    "z": 0.6605140717878322
                },
                "rotation": {
                    "x": -0.4965679740236627,
                    "y": -0.5054103767290808,
                    "z": 0.49819413615226754,
                    "w": 0.49978315394989004
                }
            }
        }
    ]
}