{
    "transforms": [
        {
            "header": {
                "seq": 0,
                "stamp": {
                    "secs": 1687318005,
                    "nsecs": 395184906
                },
                "frame_id": "ra_base"
            },
            "child_frame_id": "ra_tool0_controller",
            "transform": {
                "translation": {
                    "x": -0.6760746731571013,
                    "y": -0.09154191691276824,
                    "z": 0.6376358386295743
                },
                "rotation": {
                    "x": -0.5028089956302355,
                    "y": -0.5053155130507266,
                    "z": 0.49625125006329923,
                    "w": 0.4955542785550415
                }
            }
        }
    ]
}