{
    "transforms": [
        {
            "header": {
                "seq": 0,
                "stamp": {
                    "secs": 1687318007,
                    "nsecs": 369184906
                },
                "frame_id": "ra_base"
            },
            "child_frame_id": "ra_tool0_controller",
            "transform": {
                "translation": {
                    "x": -0.6760886375330653,
                    "y": -0.09156068436802796,
                    "z": 0.6376456055548231
                },
                "rotation": {
                    "x": -0.5028026766308895,
                    "y": -0.5053216655962545,
                    "z": 0.4962495357517778,
                    "w": 0.49555613296374945
                }
            }
        }
    ]
}