{
    "transforms": [
        {
            "header": {
                "seq": 0,
                "stamp": {
                    "secs": 1687318018,
                    "nsecs": 372109361
                },
                "frame_id": "polhemus_base_0"
            },
            "child_frame_id": "polhemus_station_0",
            "transform": {
                "translation": {
                    "x": 0.045947447419166565,
                    "y": -0.07054401189088821,
                    "z": 0.14132188260555267
                },
                "rotation": {
                    "x": -0.24319878220558167,
                    "y": -0.5836929678916931,
                    "z": -0.14859718084335327,
                    "w": 0.7603129148483276
                }
            }
        },
        {
            "header": {
                "seq": 0,
                "stamp": {
                    "secs": 1687318018,
                    "nsecs": 372109361
                },
                "frame_id": "polhemus_base_0"
            },
            "child_frame_id": "polhemus_station_1",
            "transform": {
                "translation": {
                    "x": 0.13559353351593018,
                    "y": -0.024079561233520508,
                    "z": 0.050782717764377594
                },
                "rotation": {
                    "x": 0.08816755563020706,
                    "y": -0.2857549786567688,
                    "z": 0.10270830243825912,
                    "w": 0.9486945867538452
                }
            }
        },
        {
            "header": {
                "seq": 0,
                "stamp": {
                    "secs": 1687318018,
                    "nsecs": 372109361
                },
                "frame_id": "polhemus_base_0"
            },
            "child_frame_id": "polhemus_station_2",
            "transform": {
                "translation": {
                    "x": 0.1440856158733368,
                    "y": -0.013367035426199436,
                    "z": 0.06142023205757141
                },
                "rotation": {
                    "x": 0.03032165952026844,
                    "y": -0.41275739669799805,
                    "z": -0.13951152563095093,
                    "w": 0.8995823860168457
                }
            }
        },
        {
            "header": {
                "seq": 0,
                "stamp": {
                    "secs": 1687318018,
                    "nsecs": 372109361
                },
                "frame_id": "polhemus_base_0"
            },
            "child_frame_id": "polhemus_station_3",
            "transform": {
                "translation": {
                    "x": 0.1232726126909256,
                    "y": 0.04445024952292442,
                    "z": 0.04053983837366104
                },
                "rotation": {
                    "x": -0.22009864449501038,
                    "y": -0.34605544805526733,
                    "z": -0.096321702003479,
                    "w": 0.9069311022758484
                }
            }
        },
        {
            "header": {
                "seq": 0,
                "stamp": {
                    "secs": 1687318018,
                    "nsecs": 372109361
                },
                "frame_id": "polhemus_base_0"
            },
            "child_frame_id": "polhemus_station_4",
            "transform": {
                "translation": {
                    "x": 0.13808490335941315,
                    "y": 0.061467017978429794,
                    "z": 0.04557141661643982
                },
                "rotation": {
                    "x": 0.4183241128921509,
                    "y": 0.24524803459644318,
                    "z": 0.21963103115558624,
                    "w": -0.8465343117713928
                }
            }
        },
        {
            "header": {
                "seq": 0,
                "stamp": {
                    "secs": 1687318018,
                    "nsecs": 372109361
                },
                "frame_id": "polhemus_base_0"
            },
            "child_frame_id": "polhemus_station_5",
            "transform": {
                "translation": {
                    "x": 0.18832679092884064,
                    "y": 0.05212511122226715,
                    "z": 0.009348506107926369
                },
                "rotation": {
                    "x": 0.28164568543434143,
                    "y": -0.30601853132247925,
                    "z": 0.08545488119125366,
                    "w": -0.9053872227668762
                }
            }
        }
    ]
}