{
    "transforms": [
        {
            "header": {
                "seq": 0,
                "stamp": {
                    "secs": 1687318007,
                    "nsecs": 288801948
                },
                "frame_id": "polhemus_base_0"
            },
            "child_frame_id": "polhemus_station_0",
            "transform": {
                "translation": {
                    "x": 0.04663768410682678,
                    "y": -0.07148505002260208,
                    "z": 0.14075332880020142
                },
                "rotation": {
                    "x": -0.2382841408252716,
                    "y": -0.5812236666679382,
                    "z": -0.14928266406059265,
                    "w": 0.7636192440986633
                }
            }
        },
        {
            "header": {
                "seq": 0,
                "stamp": {
                    "secs": 1687318007,
                    "nsecs": 288801948
                },
                "frame_id": "polhemus_base_0"
            },
            "child_frame_id": "polhemus_station_1",
            "transform": {
                "translation": {
                    "x": 0.1355774700641632,
                    "y": -0.024132879450917244,
                    "z": 0.05075285956263542
                },
                "rotation": {
                    "x": 0.08764461427927017,
                    "y": -0.285981684923172,
                    "z": 0.10230431705713272,
                    "w": 0.9487184286117554
                }
            }
        },
        {
            "header": {
                "seq": 0,
                "stamp": {
                    "secs": 1687318007,
                    "nsecs": 288801948
                },
                "frame_id": "polhemus_base_0"
            },
            "child_frame_id": "polhemus_station_2",
            "transform": {
                "translation": {
                    "x": 0.1440754532814026,
                    "y": -0.013438423164188862,
                    "z": 0.061406031250953674
                },
                "rotation": {
                    "x": 0.03153553232550621,
                    "y": -0.41303330659866333,
                    "z": -0.14056849479675293,
                    "w": 0.8992494344711304
                }
            }
        },
        {
            "header": {
                "seq": 0,
                "stamp": {
                    "secs": 1687318007,
                    "nsecs": 288801948
                },
                "frame_id": "polhemus_base_0"
            },
            "child_frame_id": "polhemus_station_3",
            "transform": {
                "translation": {
                    "x": 0.12294352799654007,
                    "y": 0.044474467635154724,
                    "z": 0.04109378531575203
                },
                "rotation": {
                    "x": -0.22232912480831146,
                    "y": -0.349392831325531,
                    "z": -0.09594471752643585,
                    "w": 0.9051457047462463
                }
            }
        },
        {
            "header": {
                "seq": 0,
                "stamp": {
                    "secs": 1687318007,
                    "nsecs": 288801948
                },
                "frame_id": "polhemus_base_0"
            },
            "child_frame_id": "polhemus_station_4",
            "transform": {
                "translation": {
                    "x": 0.13754302263259888,
                    "y": 0.06175268441438675,
                    "z": 0.046224385499954224
                },
                "rotation": {
                    "x": 0.4106532335281372,
                    "y": 0.2463434338569641,
                    "z": 0.2178708016872406,
                    "w": -0.8504181504249573
                }
            }
        },
        {
            "header": {
                "seq": 0,
                "stamp": {
                    "secs": 1687318007,
                    "nsecs": 288801948
                },
                "frame_id": "polhemus_base_0"
            },
            "child_frame_id": "polhemus_station_5",
            "transform": {
                "translation": {
                    "x": 0.18834009766578674,
                    "y": 0.052824102342128754,
                    "z": 0.00943976454436779
                },
                "rotation": {
                    "x": 0.2787356376647949,
                    "y": -0.30649036169052124,
                    "z": 0.08131773769855499,
                    "w": -0.9065083861351013
                }
            }
        }
    ]
}