{
    "transforms": [
        {
            "header": {
                "seq": 0,
                "stamp": {
                    "secs": 1687318002,
                    "nsecs": 149579978
                },
                "frame_id": "ra_base"
            },
            "child_frame_id": "ra_tool0_controller",
            "transform": {
                "translation": {
                    "x": -0.6760651491826506,
                    "y": -0.0915538730368208,
                    "z": 0.637644708281139
                },
                "rotation": {
                    "x": -0.5028020627444789,
                    "y": -0.5053186692987773,
                    "z": 0.49624975698981727,
                    "w": 0.4955595896010462
                }
            }
        }
    ]
}