{
    "transforms": [
        {
            "header": {
                "seq": 0,
                "stamp": {
                    "secs": 1687318026,
                    "nsecs": 617184906
                },
                "frame_id": "ra_base"
            },
            "child_frame_id": "ra_tool0_controller",
            "transform": {
                "translation": {
                    "x": -0.6728275051102375,
                    "y": -0.7294022198739574,
                    "z": 0.6299315985107766
                },
                "rotation": {
                    "x": -0.49072826151985993,
                    "y": -0.5021804219853299,
                    "z": 0.5050119489965459,
                    "w": 0.50195968811354
                }
            }
        }
    ]
}