{
    "transforms": [
        {
            "header": {
                "seq": 0,
                "stamp": {
                    "secs": 1687318006,
                    "nsecs": 697184906
                },
                "frame_id": "ra_base"
            },
            "child_frame_id": "ra_tool0_controller",
            "transform": {
                "translation": {
                    "x": -0.6760769901305437,
                    "y": -0.09153407315502947,
                    "z": 0.6376045907175707
                },
                "rotation": {
                    "x": -0.5028200524017336,
                    "y": -0.5053335436540588,
                    "z": 0.49622894857239713,
                    "w": 0.495547006003954
                }
            }
        }
    ]
}