{
    "transforms": [
        {
            "header": {
                "seq": 0,
                "stamp": {
                    "secs": 1687318005,
                    "nsecs": 827478643
                },
                "frame_id": "polhemus_base_0"
            },
            "child_frame_id": "rh_user_forearm",
            "transform": {
                "translation": {
                    "x": -0.18835563957691193,
                    "y": 0.05279253050684929,
                    "z": 0.009526986628770828
                },
                "rotation": {
                    "x": -0.2777846312657513,
                    "y": -0.30629091184915685,
                    "z": 0.08156146564519201,
                    "w": 0.9068457990601106
                }
            }
        }
    ]
}