{
    "transforms": [
        {
            "header": {
                "seq": 0,
                "stamp": {
                    "secs": 1687317999,
                    "nsecs": 221579978
                },
                "frame_id": "ra_base"
            },
            "child_frame_id": "ra_tool0_controller",
            "transform": {
                "translation": {
                    "x": -0.6760756398773295,
                    "y": -0.09154133843789417,
                    "z": 0.6376393201820967
                },
                "rotation": {
                    "x": -0.5028160991971191,
                    "y": -0.5053138059091117,
                    "z": 0.49625099087614744,
                    "w": 0.495549071233398
                }
            }
        }
    ]
}