{
    "transforms": [
        {
            "header": {
                "seq": 0,
                "stamp": {
                    "secs": 1687318025,
                    "nsecs": 239184906
                },
                "frame_id": "ra_base"
            },
            "child_frame_id": "ra_tool0_controller",
            "transform": {
                "translation": {
                    "x": -0.6728477381664794,
                    "y": -0.7293887403666629,
                    "z": 0.629949948312362
                },
                "rotation": {
                    "x": -0.49073308055151954,
                    "y": -0.5021555697621998,
                    "z": 0.5050176882816707,
                    "w": 0.5019740649992325
                }
            }
        }
    ]
}