{
    "transforms": [
        {
            "header": {
                "seq": 0,
                "stamp": {
                    "secs": 1687318010,
                    "nsecs": 761184906
                },
                "frame_id": "ra_base"
            },
            "child_frame_id": "ra_tool0_controller",
            "transform": {
                "translation": {
                    "x": -0.7511827142472425,
                    "y": -0.5279485459773645,
                    "z": 0.6544587402244197
                },
                "rotation": {
                    "x": -0.4922809893856069,
                    "y": -0.5037900370038072,
                    "z": 0.501809337313608,
                    "w": 0.5020382605839006
                }
            }
        }
    ]
}