{
    "transforms": [
        {
            "header": {
                "seq": 0,
                "stamp": {
                    "secs": 1687318000,
                    "nsecs": 169579978
                },
                "frame_id": "ra_base"
            },
            "child_frame_id": "ra_tool0_controller",
            "transform": {
                "translation": {
                    "x": -0.6760756507534907,
                    "y": -0.09154319828478598,
                    "z": 0.6376467898940855
                },
                "rotation": {
                    "x": -0.5028041510643568,
                    "y": -0.505318828089612,
                    "z": 0.4962541110065383,
                    "w": 0.495552948694388
                }
            }
        }
    ]
}