{
    "transforms": [
        {
            "header": {
                "seq": 0,
                "stamp": {
                    "secs": 1687318006,
                    "nsecs": 43184906
                },
                "frame_id": "ra_base"
            },
            "child_frame_id": "ra_tool0_controller",
            "transform": {
                "translation": {
                    "x": -0.6760753292456192,
                    "y": -0.09153665442837397,
                    "z": 0.6376358392704087
                },
                "rotation": {
                    "x": -0.5028166005146715,
                    "y": -0.5053079430311757,
                    "z": 0.49625333480362405,
                    "w": 0.49555219367161885
                }
            }
        }
    ]
}