{
    "transforms": [
        {
            "header": {
                "seq": 0,
                "stamp": {
                    "secs": 1687318012,
                    "nsecs": 80461148
                },
                "frame_id": "polhemus_base_0"
            },
            "child_frame_id": "polhemus_station_0",
            "transform": {
                "translation": {
                    "x": 0.04628056287765503,
                    "y": -0.07108579576015472,
                    "z": 0.1410021334886551
                },
                "rotation": {
                    "x": -0.24070973694324493,
                    "y": -0.5824963450431824,
                    "z": -0.1491820216178894,
                    "w": 0.7619064450263977
                }
            }
        },
        {
            "header": {
                "seq": 0,
                "stamp": {
                    "secs": 1687318012,
                    "nsecs": 80461148
                },
                "frame_id": "polhemus_base_0"
            },
            "child_frame_id": "polhemus_station_1",
            "transform": {
                "translation": {
                    "x": 0.13559505343437195,
                    "y": -0.024164410308003426,
                    "z": 0.05074319988489151
                },
                "rotation": {
                    "x": 0.08797989785671234,
                    "y": -0.2858504056930542,
                    "z": 0.1023135632276535,
                    "w": 0.9487258195877075
                }
            }
        },
        {
            "header": {
                "seq": 0,
                "stamp": {
                    "secs": 1687318012,
                    "nsecs": 80461148
                },
                "frame_id": "polhemus_base_0"
            },
            "child_frame_id": "polhemus_station_2",
            "transform": {
                "translation": {
                    "x": 0.14409276843070984,
                    "y": -0.013450211845338345,
                    "z": 0.0613970123231411
                },
                "rotation": {
                    "x": 0.030776184052228928,
                    "y": -0.41293394565582275,
                    "z": -0.14029526710510254,
                    "w": 0.8993641138076782
                }
            }
        },
        {
            "header": {
                "seq": 0,
                "stamp": {
                    "secs": 1687318012,
                    "nsecs": 80461148
                },
                "frame_id": "polhemus_base_0"
            },
            "child_frame_id": "polhemus_station_3",
            "transform": {
                "translation": {
                    "x": 0.12309011071920395,
                    "y": 0.044480934739112854,
                    "z": 0.04080236703157425
                },
                "rotation": {
                    "x": -0.22042709589004517,
                    "y": -0.34754669666290283,
                    "z": -0.09549152106046677,
                    "w": 0.9063687324523926
                }
            }
        },
        {
            "header": {
                "seq": 0,
                "stamp": {
                    "secs": 1687318012,
                    "nsecs": 80461148
                },
                "frame_id": "polhemus_base_0"
            },
            "child_frame_id": "polhemus_station_4",
            "transform": {
                "translation": {
                    "x": 0.13781221210956573,
                    "y": 0.06159967556595802,
                    "z": 0.04591911658644676
                },
                "rotation": {
                    "x": 0.4142345190048218,
                    "y": 0.24555997550487518,
                    "z": 0.2188567966222763,
                    "w": -0.8486528992652893
                }
            }
        },
        {
            "header": {
                "seq": 0,
                "stamp": {
                    "secs": 1687318012,
                    "nsecs": 80461148
                },
                "frame_id": "polhemus_base_0"
            },
            "child_frame_id": "polhemus_station_5",
            "transform": {
                "translation": {
                    "x": 0.18833713233470917,
                    "y": 0.05243518203496933,
                    "z": 0.009476296603679657
                },
                "rotation": {
                    "x": 0.27992716431617737,
                    "y": -0.3058517575263977,
                    "z": 0.083698570728302,
                    "w": -0.9061402082443237
                }
            }
        }
    ]
}