{
    "transforms": [
        {
            "header": {
                "seq": 0,
                "stamp": {
                    "secs": 1687318004,
                    "nsecs": 5579978
                },
                "frame_id": "ra_base"
            },
            "child_frame_id": "ra_tool0_controller",
            "transform": {
                "translation": {
                    "x": -0.6760727827878426,
                    "y": -0.0915630806257622,
                    "z": 0.6376506289438634
                },
                "rotation": {
                    "x": -0.5027878311496949,
                    "y": -0.5053273765245824,
                    "z": 0.49626323599562355,
                    "w": 0.49555165218342373
                }
            }
        }
    ]
}