{
    "transforms": [
        {
            "header": {
                "seq": 0,
                "stamp": {
                    "secs": 1687318007,
                    "nsecs": 927184906
                },
                "frame_id": "ra_base"
            },
            "child_frame_id": "ra_tool0_controller",
            "transform": {
                "translation": {
                    "x": -0.6891612849444853,
                    "y": -0.11169070630336975,
                    "z": 0.6421233801584745
                },
                "rotation": {
                    "x": -0.5019219322821011,
                    "y": -0.505456110870409,
                    "z": 0.49639360099610064,
                    "w": 0.49616719638453227
                }
            }
        }
    ]
}