{
    "transforms": [
        {
            "header": {
                "seq": 0,
                "stamp": {
                    "secs": 1687318017,
                    "nsecs": 485184906
                },
                "frame_id": "ra_base"
            },
            "child_frame_id": "ra_tool0_controller",
            "transform": {
                "translation": {
                    "x": -0.6728440735489574,
                    "y": -0.7293852324385585,
                    "z": 0.629948401793679
                },
                "rotation": {
                    "x": -0.490739869799673,
                    "y": -0.5021534831701362,
                    "z": 0.5050183423634554,
                    "w": 0.5019688570076508
                }
            }
        }
    ]
}