{
    "transforms": [
        {
            "header": {
                "seq": 0,
                "stamp": {
                    "secs": 1687318027,
                    "nsecs": 210806120
                },
                "frame_id": "polhemus_base_0"
            },
            "child_frame_id": "rh_user_forearm",
            "transform": {
                "translation": {
                    "x": -0.18832117319107056,
                    "y": 0.051840923726558685,
                    "z": 0.009238364174962044
                },
                "rotation": {
                    "x": -0.2839694105485654,
                    "y": -0.3059463887726611,
                    "z": 0.08730973556523021,
                    "w": 0.904508259301814
                }
            }
        }
    ]
}