{
    "transforms": [
        {
            "header": {
                "seq": 0,
                "stamp": {
                    "secs": 1687318021,
                    "nsecs": 821184906
                },
                "frame_id": "ra_base"
            },
            "child_frame_id": "ra_tool0_controller",
            "transform": {
                "translation": {
                    "x": -0.67286231976832,
                    "y": -0.7293815970849024,
                    "z": 0.6299397314463273
                },
                "rotation": {
                    "x": -0.4907400219227718,
                    "y": -0.5021558659979313,
                    "z": 0.5050117159699774,
                    "w": 0.5019729911660229
                }
            }
        }
    ]
}