{
    "transforms": [
        {
            "header": {
                "seq": 0,
                "stamp": {
                    "secs": 1687317999,
                    "nsecs": 672110883
                },
                "frame_id": "polhemus_base_0"
            },
            "child_frame_id": "polhemus_station_0",
            "transform": {
                "translation": {
                    "x": 0.04721762612462044,
                    "y": -0.07205170392990112,
                    "z": 0.14038319885730743
                },
                "rotation": {
                    "x": -0.23463916778564453,
                    "y": -0.5790467858314514,
                    "z": -0.1495938003063202,
                    "w": 0.7663359045982361
                }
            }
        },
        {
            "header": {
                "seq": 0,
                "stamp": {
                    "secs": 1687317999,
                    "nsecs": 672110883
                },
                "frame_id": "polhemus_base_0"
            },
            "child_frame_id": "polhemus_station_1",
            "transform": {
                "translation": {
                    "x": 0.13540534675121307,
                    "y": -0.023877372965216637,
                    "z": 0.050978805869817734
                },
                "rotation": {
                    "x": 0.0859285444021225,
                    "y": -0.28743505477905273,
                    "z": 0.10339734703302383,
                    "w": 0.9483175873756409
                }
            }
        },
        {
            "header": {
                "seq": 0,
                "stamp": {
                    "secs": 1687317999,
                    "nsecs": 672110883
                },
                "frame_id": "polhemus_base_0"
            },
            "child_frame_id": "polhemus_station_2",
            "transform": {
                "translation": {
                    "x": 0.1438826471567154,
                    "y": -0.01312408596277237,
                    "z": 0.0615709088742733
                },
                "rotation": {
                    "x": 0.02952537126839161,
                    "y": -0.41438060998916626,
                    "z": -0.1394544243812561,
                    "w": 0.8988712430000305
                }
            }
        },
        {
            "header": {
                "seq": 0,
                "stamp": {
                    "secs": 1687317999,
                    "nsecs": 672110883
                },
                "frame_id": "polhemus_base_0"
            },
            "child_frame_id": "polhemus_station_3",
            "transform": {
                "translation": {
                    "x": 0.1225430965423584,
                    "y": 0.04507382586598396,
                    "z": 0.042036838829517365
                },
                "rotation": {
                    "x": -0.22253376245498657,
                    "y": -0.3532419204711914,
                    "z": -0.09330395609140396,
                    "w": 0.9038766026496887
                }
            }
        },
        {
            "header": {
                "seq": 0,
                "stamp": {
                    "secs": 1687317999,
                    "nsecs": 672110883
                },
                "frame_id": "polhemus_base_0"
            },
            "child_frame_id": "polhemus_station_4",
            "transform": {
                "translation": {
                    "x": 0.1366613209247589,
                    "y": 0.0625811368227005,
                    "z": 0.04702077805995941
                },
                "rotation": {
                    "x": 0.40279364585876465,
                    "y": 0.2509019076824188,
                    "z": 0.211955264210701,
                    "w": -0.8543304204940796
                }
            }
        },
        {
            "header": {
                "seq": 0,
                "stamp": {
                    "secs": 1687317999,
                    "nsecs": 672110883
                },
                "frame_id": "polhemus_base_0"
            },
            "child_frame_id": "polhemus_station_5",
            "transform": {
                "translation": {
                    "x": 0.1884092092514038,
                    "y": 0.05368376150727272,
                    "z": 0.00956028699874878
                },
                "rotation": {
                    "x": 0.27634987235069275,
                    "y": -0.305738240480423,
                    "z": 0.07736112177371979,
                    "w": -0.9078381657600403
                }
            }
        }
    ]
}