{
    "transforms": [
        {
            "header": {
                "seq": 0,
                "stamp": {
                    "secs": 1687318025,
                    "nsecs": 10829586
                },
                "frame_id": "polhemus_base_0"
            },
            "child_frame_id": "rh_user_forearm",
            "transform": {
                "translation": {
                    "x": -0.18831752240657806,
                    "y": 0.05192200839519501,
                    "z": 0.009214963763952255
                },
                "rotation": {
                    "x": -0.28357147416872247,
                    "y": -0.30608090181471137,
                    "z": 0.08678770746773903,
                    "w": 0.904637824996592
                }
            }
        }
    ]
}