{
    "transforms": [
        {
            "header": {
                "seq": 0,
                "stamp": {
                    "secs": 1687318003,
                    "nsecs": 253579978
                },
                "frame_id": "ra_base"
            },
            "child_frame_id": "ra_tool0_controller",
            "transform": {
                "translation": {
                    "x": -0.6760829722449353,
                    "y": -0.09152837747967597,
                    "z": 0.6376209641814354
                },
                "rotation": {
                    "x": -0.5028284999742296,
                    "y": -0.5053134633388916,
                    "z": 0.496236068008957,
                    "w": 0.49555178154167767
                }
            }
        }
    ]
}