{
    "transforms": [
        {
            "header": {
                "seq": 0,
                "stamp": {
                    "secs": 1687318003,
                    "nsecs": 665579978
                },
                "frame_id": "ra_base"
            },
            "child_frame_id": "ra_tool0_controller",
            "transform": {
                "translation": {
                    "x": -0.6760834438368586,
                    "y": -0.09155175766333994,
                    "z": 0.6376379116546733
                },
                "rotation": {
                    "x": -0.5028031431377382,
                    "y": -0.5053201778743955,
                    "z": 0.4962586678101614,
                    "w": 0.4955480316852082
                }
            }
        }
    ]
}