{
    "transforms": [
        {
            "header": {
                "seq": 0,
                "stamp": {
                    "secs": 1687318018,
                    "nsecs": 859184906
                },
                "frame_id": "ra_base"
            },
            "child_frame_id": "ra_tool0_controller",
            "transform": {
                "translation": {
                    "x": -0.672841794199499,
                    "y": -0.7293913352560089,
                    "z": 0.6299027936446838
                },
                "rotation": {
                    "x": -0.49073519774574553,
                    "y": -0.5021868020886839,
                    "z": 0.5049841656562648,
                    "w": 0.5019744753847861
                }
            }
        }
    ]
}