{
    "transforms": [
        {
            "header": {
                "seq": 0,
                "stamp": {
                    "secs": 1687318021,
                    "nsecs": 163184906
                },
                "frame_id": "ra_base"
            },
            "child_frame_id": "ra_tool0_controller",
            "transform": {
                "translation": {
                    "x": -0.6728371321102061,
                    "y": -0.7293871932087048,
                    "z": 0.6299418275460891
                },
                "rotation": {
                    "x": -0.49074311910531215,
                    "y": -0.5021646899474747,
                    "z": 0.505006245804253,
                    "w": 0.5019666392495027
                }
            }
        }
    ]
}