{
    "transforms": [
        {
            "header": {
                "seq": 0,
                "stamp": {
                    "secs": 1687318015,
                    "nsecs": 5184906
                },
                "frame_id": "ra_base"
            },
            "child_frame_id": "ra_tool0_controller",
            "transform": {
                "translation": {
                    "x": -0.6728688568066274,
                    "y": -0.7293855956457116,
                    "z": 0.6299451301752514
                },
                "rotation": {
                    "x": -0.4907437647038523,
                    "y": -0.5021462719005622,
                    "z": 0.5050115787088133,
                    "w": 0.5019790676817998
                }
            }
        }
    ]
}