{
    "transforms": [
        {
            "header": {
                "seq": 0,
                "stamp": {
                    "secs": 1687318005,
                    "nsecs": 899184906
                },
                "frame_id": "ra_base"
            },
            "child_frame_id": "ra_tool0_controller",
            "transform": {
                "translation": {
                    "x": -0.676076095240063,
                    "y": -0.09154313426599985,
                    "z": 0.6376472055934617
                },
                "rotation": {
                    "x": -0.5028040079946242,
                    "y": -0.5053171632293366,
                    "z": 0.4962557832400728,
                    "w": 0.4955531169220709
                }
            }
        }
    ]
}