{
    "transforms": [
        {
            "header": {
                "seq": 0,
                "stamp": {
                    "secs": 1687318005,
                    "nsecs": 888831188
                },
                "frame_id": "polhemus_base_0"
            },
            "child_frame_id": "polhemus_station_0",
            "transform": {
                "translation": {
                    "x": 0.04661092534661293,
                    "y": -0.07150088250637054,
                    "z": 0.14074641466140747
                },
                "rotation": {
                    "x": -0.23814734816551208,
                    "y": -0.581353485584259,
                    "z": -0.1492668092250824,
                    "w": 0.763566255569458
                }
            }
        },
        {
            "header": {
                "seq": 0,
                "stamp": {
                    "secs": 1687318005,
                    "nsecs": 888831188
                },
                "frame_id": "polhemus_base_0"
            },
            "child_frame_id": "polhemus_station_1",
            "transform": {
                "translation": {
                    "x": 0.13557247817516327,
                    "y": -0.024136055260896683,
                    "z": 0.05075449496507645
                },
                "rotation": {
                    "x": 0.08766975998878479,
                    "y": -0.28595298528671265,
                    "z": 0.10228930413722992,
                    "w": 0.9487264156341553
                }
            }
        },
        {
            "header": {
                "seq": 0,
                "stamp": {
                    "secs": 1687318005,
                    "nsecs": 888831188
                },
                "frame_id": "polhemus_base_0"
            },
            "child_frame_id": "polhemus_station_2",
            "transform": {
                "translation": {
                    "x": 0.14406536519527435,
                    "y": -0.013432755134999752,
                    "z": 0.06141821667551994
                },
                "rotation": {
                    "x": 0.031580060720443726,
                    "y": -0.4131300747394562,
                    "z": -0.1405004858970642,
                    "w": 0.8992140889167786
                }
            }
        },
        {
            "header": {
                "seq": 0,
                "stamp": {
                    "secs": 1687318005,
                    "nsecs": 888831188
                },
                "frame_id": "polhemus_base_0"
            },
            "child_frame_id": "polhemus_station_3",
            "transform": {
                "translation": {
                    "x": 0.12292434275150299,
                    "y": 0.0444912388920784,
                    "z": 0.041134484112262726
                },
                "rotation": {
                    "x": -0.22229382395744324,
                    "y": -0.34954288601875305,
                    "z": -0.09586114436388016,
                    "w": 0.9051052927970886
                }
            }
        },
        {
            "header": {
                "seq": 0,
                "stamp": {
                    "secs": 1687318005,
                    "nsecs": 888831188
                },
                "frame_id": "polhemus_base_0"
            },
            "child_frame_id": "polhemus_station_4",
            "transform": {
                "translation": {
                    "x": 0.1375468373298645,
                    "y": 0.0617399737238884,
                    "z": 0.04622146487236023
                },
                "rotation": {
                    "x": 0.4102739989757538,
                    "y": 0.2460288554430008,
                    "z": 0.21775463223457336,
                    "w": -0.8507220149040222
                }
            }
        },
        {
            "header": {
                "seq": 0,
                "stamp": {
                    "secs": 1687318005,
                    "nsecs": 888831188
                },
                "frame_id": "polhemus_base_0"
            },
            "child_frame_id": "polhemus_station_5",
            "transform": {
                "translation": {
                    "x": 0.18835586309432983,
                    "y": 0.052793558686971664,
                    "z": 0.009513931348919868
                },
                "rotation": {
                    "x": 0.2778622508049011,
                    "y": -0.30631887912750244,
                    "z": 0.08156982064247131,
                    "w": -0.9068117141723633
                }
            }
        }
    ]
}