{
    "transforms": [
        {
            "header": {
                "seq": 0,
                "stamp": {
                    "secs": 1687318008,
                    "nsecs": 721184906
                },
                "frame_id": "ra_base"
            },
            "child_frame_id": "ra_tool0_controller",
            "transform": {
                "translation": {
                    "x": -0.7311493814021259,
                    "y": -0.19825746856898213,
                    "z": 0.6549295338181728
                },
                "rotation": {
                    "x": -0.49884699645138464,
                    "y": -0.5055874986535149,
                    "z": 0.4971998953441148,
                    "w": 0.49832240508180614
                }
            }
        }
    ]
}