{
    "transforms": [
        {
            "header": {
                "seq": 0,
                "stamp": {
                    "secs": 1687318021,
                    "nsecs": 605499345
                },
                "frame_id": "polhemus_base_0"
            },
            "child_frame_id": "polhemus_station_0",
            "transform": {
                "translation": {
                    "x": 0.045483898371458054,
                    "y": -0.07025399059057236,
                    "z": 0.14146362245082855
                },
                "rotation": {
                    "x": -0.24442489445209503,
                    "y": -0.5856994986534119,
                    "z": -0.14795759320259094,
                    "w": 0.7584992051124573
                }
            }
        },
        {
            "header": {
                "seq": 0,
                "stamp": {
                    "secs": 1687318021,
                    "nsecs": 605499345
                },
                "frame_id": "polhemus_base_0"
            },
            "child_frame_id": "polhemus_station_1",
            "transform": {
                "translation": {
                    "x": 0.1355898082256317,
                    "y": -0.02397303096950054,
                    "z": 0.050809312611818314
                },
                "rotation": {
                    "x": 0.08824753016233444,
                    "y": -0.2856637239456177,
                    "z": 0.10328962653875351,
                    "w": 0.9486515522003174
                }
            }
        },
        {
            "header": {
                "seq": 0,
                "stamp": {
                    "secs": 1687318021,
                    "nsecs": 605499345
                },
                "frame_id": "polhemus_base_0"
            },
            "child_frame_id": "polhemus_station_2",
            "transform": {
                "translation": {
                    "x": 0.1440499871969223,
                    "y": -0.013272633776068687,
                    "z": 0.06146913766860962
                },
                "rotation": {
                    "x": 0.03073393926024437,
                    "y": -0.41289985179901123,
                    "z": -0.138780415058136,
                    "w": 0.8996161818504333
                }
            }
        },
        {
            "header": {
                "seq": 0,
                "stamp": {
                    "secs": 1687318021,
                    "nsecs": 605499345
                },
                "frame_id": "polhemus_base_0"
            },
            "child_frame_id": "polhemus_station_3",
            "transform": {
                "translation": {
                    "x": 0.12333642691373825,
                    "y": 0.04449169710278511,
                    "z": 0.0404219888150692
                },
                "rotation": {
                    "x": -0.22115930914878845,
                    "y": -0.3456306457519531,
                    "z": -0.0965655967593193,
                    "w": 0.9068091511726379
                }
            }
        },
        {
            "header": {
                "seq": 0,
                "stamp": {
                    "secs": 1687318021,
                    "nsecs": 605499345
                },
                "frame_id": "polhemus_base_0"
            },
            "child_frame_id": "polhemus_station_4",
            "transform": {
                "translation": {
                    "x": 0.13817545771598816,
                    "y": 0.06147085130214691,
                    "z": 0.045454517006874084
                },
                "rotation": {
                    "x": 0.420878142118454,
                    "y": 0.24547338485717773,
                    "z": 0.21992528438568115,
                    "w": -0.8451255559921265
                }
            }
        },
        {
            "header": {
                "seq": 0,
                "stamp": {
                    "secs": 1687318021,
                    "nsecs": 605499345
                },
                "frame_id": "polhemus_base_0"
            },
            "child_frame_id": "polhemus_station_5",
            "transform": {
                "translation": {
                    "x": 0.18829961121082306,
                    "y": 0.05203257501125336,
                    "z": 0.009203498251736164
                },
                "rotation": {
                    "x": 0.2835863530635834,
                    "y": -0.30671584606170654,
                    "z": 0.08564376831054688,
                    "w": -0.9045271873474121
                }
            }
        }
    ]
}