{
    "transforms": [
        {
            "header": {
                "seq": 0,
                "stamp": {
                    "secs": 1687318003,
                    "nsecs": 101579978
                },
                "frame_id": "ra_base"
            },
            "child_frame_id": "ra_tool0_controller",
            "transform": {
                "translation": {
                    "x": -0.6760725250726646,
                    "y": -0.09155191778307656,
                    "z": 0.6376353978784515
                },
                "rotation": {
                    "x": -0.5028089362007283,
                    "y": -0.505327345884838,
                    "z": 0.496245165386143,
                    "w": 0.4955483659629571
                }
            }
        }
    ]
}