{
    "transforms": [
        {
            "header": {
                "seq": 0,
                "stamp": {
                    "secs": 1687318008,
                    "nsecs": 907184906
                },
                "frame_id": "ra_base"
            },
            "child_frame_id": "ra_tool0_controller",
            "transform": {
                "translation": {
                    "x": -0.7400570290414737,
                    "y": -0.22436924319424997,
                    "z": 0.6572871035613819
                },
                "rotation": {
                    "x": -0.49805790314772075,
                    "y": -0.5055643255160264,
                    "z": 0.49748761407045416,
                    "w": 0.49884778412267977
                }
            }
        }
    ]
}