{
    "transforms": [
        {
            "header": {
                "seq": 0,
                "stamp": {
                    "secs": 1687318009,
                    "nsecs": 713842690
                },
                "frame_id": "polhemus_base_0"
            },
            "child_frame_id": "polhemus_station_0",
            "transform": {
                "translation": {
                    "x": 0.04662691801786423,
                    "y": -0.07127828896045685,
                    "z": 0.14085303246974945
                },
                "rotation": {
                    "x": -0.23953327536582947,
                    "y": -0.5812146067619324,
                    "z": -0.14910593628883362,
                    "w": 0.7632696628570557
                }
            }
        },
        {
            "header": {
                "seq": 0,
                "stamp": {
                    "secs": 1687318009,
                    "nsecs": 713842690
                },
                "frame_id": "polhemus_base_0"
            },
            "child_frame_id": "polhemus_station_1",
            "transform": {
                "translation": {
                    "x": 0.135592520236969,
                    "y": -0.024167343974113464,
                    "z": 0.05075028911232948
                },
                "rotation": {
                    "x": 0.08781035244464874,
                    "y": -0.2859818637371063,
                    "z": 0.10216671228408813,
                    "w": 0.9487179517745972
                }
            }
        },
        {
            "header": {
                "seq": 0,
                "stamp": {
                    "secs": 1687318009,
                    "nsecs": 713842690
                },
                "frame_id": "polhemus_base_0"
            },
            "child_frame_id": "polhemus_station_2",
            "transform": {
                "translation": {
                    "x": 0.14410237967967987,
                    "y": -0.013475855812430382,
                    "z": 0.0613982118666172
                },
                "rotation": {
                    "x": 0.03124016895890236,
                    "y": -0.4129263162612915,
                    "z": -0.14073634147644043,
                    "w": 0.8992826342582703
                }
            }
        },
        {
            "header": {
                "seq": 0,
                "stamp": {
                    "secs": 1687318009,
                    "nsecs": 713842690
                },
                "frame_id": "polhemus_base_0"
            },
            "child_frame_id": "polhemus_station_3",
            "transform": {
                "translation": {
                    "x": 0.12300261855125427,
                    "y": 0.04450032114982605,
                    "z": 0.04095424711704254
                },
                "rotation": {
                    "x": -0.22086623311042786,
                    "y": -0.348425030708313,
                    "z": -0.09508572518825531,
                    "w": 0.9059672355651855
                }
            }
        },
        {
            "header": {
                "seq": 0,
                "stamp": {
                    "secs": 1687318009,
                    "nsecs": 713842690
                },
                "frame_id": "polhemus_base_0"
            },
            "child_frame_id": "polhemus_station_4",
            "transform": {
                "translation": {
                    "x": 0.1377221643924713,
                    "y": 0.0616365522146225,
                    "z": 0.04603861644864082
                },
                "rotation": {
                    "x": 0.4119420349597931,
                    "y": 0.2451438158750534,
                    "z": 0.2185050994157791,
                    "w": -0.8499786853790283
                }
            }
        },
        {
            "header": {
                "seq": 0,
                "stamp": {
                    "secs": 1687318009,
                    "nsecs": 713842690
                },
                "frame_id": "polhemus_base_0"
            },
            "child_frame_id": "polhemus_station_5",
            "transform": {
                "translation": {
                    "x": 0.18835830688476562,
                    "y": 0.05262288823723793,
                    "z": 0.009489101357758045
                },
                "rotation": {
                    "x": 0.27894091606140137,
                    "y": -0.30617907643318176,
                    "z": 0.08257442712783813,
                    "w": -0.9064368009567261
                }
            }
        }
    ]
}