{
    "transforms": [
        {
            "header": {
                "seq": 0,
                "stamp": {
                    "secs": 1687318010,
                    "nsecs": 772184090
                },
                "frame_id": "polhemus_base_0"
            },
            "child_frame_id": "polhemus_station_0",
            "transform": {
                "translation": {
                    "x": 0.046585578471422195,
                    "y": -0.07123693823814392,
                    "z": 0.14089515805244446
                },
                "rotation": {
                    "x": -0.23997443914413452,
                    "y": -0.5812264680862427,
                    "z": -0.14929834008216858,
                    "w": 0.7630844712257385
                }
            }
        },
        {
            "header": {
                "seq": 0,
                "stamp": {
                    "secs": 1687318010,
                    "nsecs": 772184090
                },
                "frame_id": "polhemus_base_0"
            },
            "child_frame_id": "polhemus_station_1",
            "transform": {
                "translation": {
                    "x": 0.13558903336524963,
                    "y": -0.02417830005288124,
                    "z": 0.050766948610544205
                },
                "rotation": {
                    "x": 0.08791759610176086,
                    "y": -0.2860521376132965,
                    "z": 0.10215619951486588,
                    "w": 0.9486878514289856
                }
            }
        },
        {
            "header": {
                "seq": 0,
                "stamp": {
                    "secs": 1687318010,
                    "nsecs": 772184090
                },
                "frame_id": "polhemus_base_0"
            },
            "child_frame_id": "polhemus_station_2",
            "transform": {
                "translation": {
                    "x": 0.14411227405071259,
                    "y": -0.013523083180189133,
                    "z": 0.06138889491558075
                },
                "rotation": {
                    "x": 0.031145205721259117,
                    "y": -0.41279202699661255,
                    "z": -0.1408296823501587,
                    "w": 0.8993329405784607
                }
            }
        },
        {
            "header": {
                "seq": 0,
                "stamp": {
                    "secs": 1687318010,
                    "nsecs": 772184090
                },
                "frame_id": "polhemus_base_0"
            },
            "child_frame_id": "polhemus_station_3",
            "transform": {
                "translation": {
                    "x": 0.12303751707077026,
                    "y": 0.044482097029685974,
                    "z": 0.040904782712459564
                },
                "rotation": {
                    "x": -0.22076326608657837,
                    "y": -0.34816861152648926,
                    "z": -0.09527802467346191,
                    "w": 0.9060707092285156
                }
            }
        },
        {
            "header": {
                "seq": 0,
                "stamp": {
                    "secs": 1687318010,
                    "nsecs": 772184090
                },
                "frame_id": "polhemus_base_0"
            },
            "child_frame_id": "polhemus_station_4",
            "transform": {
                "translation": {
                    "x": 0.1377330720424652,
                    "y": 0.06163914501667023,
                    "z": 0.04602253437042236
                },
                "rotation": {
                    "x": 0.4126189649105072,
                    "y": 0.24557340145111084,
                    "z": 0.21851027011871338,
                    "w": -0.8495248556137085
                }
            }
        },
        {
            "header": {
                "seq": 0,
                "stamp": {
                    "secs": 1687318010,
                    "nsecs": 772184090
                },
                "frame_id": "polhemus_base_0"
            },
            "child_frame_id": "polhemus_station_5",
            "transform": {
                "translation": {
                    "x": 0.18835000693798065,
                    "y": 0.05255116894841194,
                    "z": 0.00949365459382534
                },
                "rotation": {
                    "x": 0.2794310748577118,
                    "y": -0.3062779903411865,
                    "z": 0.08281265199184418,
                    "w": -0.9062307476997375
                }
            }
        }
    ]
}