{
    "transforms": [
        {
            "header": {
                "seq": 0,
                "stamp": {
                    "secs": 1687318004,
                    "nsecs": 499579978
                },
                "frame_id": "ra_base"
            },
            "child_frame_id": "ra_tool0_controller",
            "transform": {
                "translation": {
                    "x": -0.6760827294149568,
                    "y": -0.09153894003775918,
                    "z": 0.6376467341063875
                },
                "rotation": {
                    "x": -0.5028178458768767,
                    "y": -0.5053069298544041,
                    "z": 0.4962520472738418,
                    "w": 0.49555325252224364
                }
            }
        }
    ]
}