{
    "transforms": [
        {
            "header": {
                "seq": 0,
                "stamp": {
                    "secs": 1687318020,
                    "nsecs": 113836439
                },
                "frame_id": "polhemus_base_0"
            },
            "child_frame_id": "polhemus_station_0",
            "transform": {
                "translation": {
                    "x": 0.045532144606113434,
                    "y": -0.07034260034561157,
                    "z": 0.1414194256067276
                },
                "rotation": {
                    "x": -0.24404335021972656,
                    "y": -0.5856035947799683,
                    "z": -0.14815261960029602,
                    "w": 0.7586580514907837
                }
            }
        },
        {
            "header": {
                "seq": 0,
                "stamp": {
                    "secs": 1687318020,
                    "nsecs": 113836439
                },
                "frame_id": "polhemus_base_0"
            },
            "child_frame_id": "polhemus_station_1",
            "transform": {
                "translation": {
                    "x": 0.1355917751789093,
                    "y": -0.024037251248955727,
                    "z": 0.05080193653702736
                },
                "rotation": {
                    "x": 0.08816264569759369,
                    "y": -0.28570133447647095,
                    "z": 0.10296889394521713,
                    "w": 0.948682963848114
                }
            }
        },
        {
            "header": {
                "seq": 0,
                "stamp": {
                    "secs": 1687318020,
                    "nsecs": 113836439
                },
                "frame_id": "polhemus_base_0"
            },
            "child_frame_id": "polhemus_station_2",
            "transform": {
                "translation": {
                    "x": 0.14406228065490723,
                    "y": -0.013326765969395638,
                    "z": 0.06146339327096939
                },
                "rotation": {
                    "x": 0.030483435839414597,
                    "y": -0.4129651188850403,
                    "z": -0.1391981840133667,
                    "w": 0.8995301127433777
                }
            }
        },
        {
            "header": {
                "seq": 0,
                "stamp": {
                    "secs": 1687318020,
                    "nsecs": 113836439
                },
                "frame_id": "polhemus_base_0"
            },
            "child_frame_id": "polhemus_station_3",
            "transform": {
                "translation": {
                    "x": 0.12330436706542969,
                    "y": 0.04448135942220688,
                    "z": 0.04047034680843353
                },
                "rotation": {
                    "x": -0.2207079529762268,
                    "y": -0.3458373248577118,
                    "z": -0.09640175104141235,
                    "w": 0.9068577885627747
                }
            }
        },
        {
            "header": {
                "seq": 0,
                "stamp": {
                    "secs": 1687318020,
                    "nsecs": 113836439
                },
                "frame_id": "polhemus_base_0"
            },
            "child_frame_id": "polhemus_station_4",
            "transform": {
                "translation": {
                    "x": 0.13813450932502747,
                    "y": 0.061478227376937866,
                    "z": 0.04549053683876991
                },
                "rotation": {
                    "x": 0.4195491671562195,
                    "y": 0.2455262839794159,
                    "z": 0.2194957733154297,
                    "w": -0.8458822965621948
                }
            }
        },
        {
            "header": {
                "seq": 0,
                "stamp": {
                    "secs": 1687318020,
                    "nsecs": 113836439
                },
                "frame_id": "polhemus_base_0"
            },
            "child_frame_id": "polhemus_station_5",
            "transform": {
                "translation": {
                    "x": 0.1883106231689453,
                    "y": 0.05206398293375969,
                    "z": 0.00937220174819231
                },
                "rotation": {
                    "x": 0.282492458820343,
                    "y": -0.30561527609825134,
                    "z": 0.08624041080474854,
                    "w": -0.9051850438117981
                }
            }
        }
    ]
}