{
    "transforms": [
        {
            "header": {
                "seq": 0,
                "stamp": {
                    "secs": 1687318026,
                    "nsecs": 453184906
                },
                "frame_id": "ra_base"
            },
            "child_frame_id": "ra_tool0_controller",
            "transform": {
                "translation": {
                    "x": -0.6728307090771269,
                    "y": -0.729396761832421,
                    "z": 0.6299634992927765
                },
                "rotation": {
                    "x": -0.49072869795495405,
                    "y": -0.5021640689158905,
                    "z": 0.5050105509847023,
                    "w": 0.5019770276490746
                }
            }
        }
    ]
}