{
    "transforms": [
        {
            "header": {
                "seq": 0,
                "stamp": {
                    "secs": 1687318023,
                    "nsecs": 763798425
                },
                "frame_id": "polhemus_base_0"
            },
            "child_frame_id": "polhemus_station_0",
            "transform": {
                "translation": {
                    "x": 0.045297108590602875,
                    "y": -0.07012563198804855,
                    "z": 0.14154964685440063
                },
                "rotation": {
                    "x": -0.24527601897716522,
                    "y": -0.5864200592041016,
                    "z": -0.14820563793182373,
                    "w": 0.75761878490448
                }
            }
        },
        {
            "header": {
                "seq": 0,
                "stamp": {
                    "secs": 1687318023,
                    "nsecs": 763798425
                },
                "frame_id": "polhemus_base_0"
            },
            "child_frame_id": "polhemus_station_1",
            "transform": {
                "translation": {
                    "x": 0.1355954110622406,
                    "y": -0.023987626656889915,
                    "z": 0.05082085356116295
                },
                "rotation": {
                    "x": 0.08839995414018631,
                    "y": -0.2856295108795166,
                    "z": 0.10318832099437714,
                    "w": 0.9486585855484009
                }
            }
        },
        {
            "header": {
                "seq": 0,
                "stamp": {
                    "secs": 1687318023,
                    "nsecs": 763798425
                },
                "frame_id": "polhemus_base_0"
            },
            "child_frame_id": "polhemus_station_2",
            "transform": {
                "translation": {
                    "x": 0.14405040442943573,
                    "y": -0.013245991431176662,
                    "z": 0.061493005603551865
                },
                "rotation": {
                    "x": 0.030340738594532013,
                    "y": -0.4129418134689331,
                    "z": -0.1384713053703308,
                    "w": 0.8996578454971313
                }
            }
        },
        {
            "header": {
                "seq": 0,
                "stamp": {
                    "secs": 1687318023,
                    "nsecs": 763798425
                },
                "frame_id": "polhemus_base_0"
            },
            "child_frame_id": "polhemus_station_3",
            "transform": {
                "translation": {
                    "x": 0.12338721752166748,
                    "y": 0.04451517388224602,
                    "z": 0.040398530662059784
                },
                "rotation": {
                    "x": -0.22201500833034515,
                    "y": -0.3453080356121063,
                    "z": -0.09698282927274704,
                    "w": 0.9066784381866455
                }
            }
        },
        {
            "header": {
                "seq": 0,
                "stamp": {
                    "secs": 1687318023,
                    "nsecs": 763798425
                },
                "frame_id": "polhemus_base_0"
            },
            "child_frame_id": "polhemus_station_4",
            "transform": {
                "translation": {
                    "x": 0.13826406002044678,
                    "y": 0.06150224432349205,
                    "z": 0.045371636748313904
                },
                "rotation": {
                    "x": 0.42218753695487976,
                    "y": 0.24532285332679749,
                    "z": 0.22013071179389954,
                    "w": -0.8444623947143555
                }
            }
        },
        {
            "header": {
                "seq": 0,
                "stamp": {
                    "secs": 1687318023,
                    "nsecs": 763798425
                },
                "frame_id": "polhemus_base_0"
            },
            "child_frame_id": "polhemus_station_5",
            "transform": {
                "translation": {
                    "x": 0.18830682337284088,
                    "y": 0.051943548023700714,
                    "z": 0.009291354566812515
                },
                "rotation": {
                    "x": 0.28337031602859497,
                    "y": -0.30580246448516846,
                    "z": 0.08672703802585602,
                    "w": -0.9048008918762207
                }
            }
        }
    ]
}