{
    "transforms": [
        {
            "header": {
                "seq": 0,
                "stamp": {
                    "secs": 1687318011,
                    "nsecs": 963184906
                },
                "frame_id": "ra_base"
            },
            "child_frame_id": "ra_tool0_controller",
            "transform": {
                "translation": {
                    "x": -0.6838716227944959,
                    "y": -0.709652995004645,
                    "z": 0.6331003003911021
                },
                "rotation": {
                    "x": -0.49084030297731823,
                    "y": -0.5023104350139036,
                    "z": 0.504678664109808,
                    "w": 0.5020552458062928
                }
            }
        }
    ]
}