{
    "transforms": [
        {
            "header": {
                "seq": 0,
                "stamp": {
                    "secs": 1687318024,
                    "nsecs": 245184906
                },
                "frame_id": "ra_base"
            },
            "child_frame_id": "ra_tool0_controller",
            "transform": {
                "translation": {
                    "x": -0.6728365308014647,
                    "y": -0.7293842481356257,
                    "z": 0.6299567697930264
                },
                "rotation": {
                    "x": -0.49074440857456014,
                    "y": -0.5021547275013746,
                    "z": 0.5050242872728458,
                    "w": 0.5019571937579734
                }
            }
        }
    ]
}