{
    "transforms": [
        {
            "header": {
                "seq": 0,
                "stamp": {
                    "secs": 1687318009,
                    "nsecs": 425184906
                },
                "frame_id": "ra_base"
            },
            "child_frame_id": "ra_tool0_controller",
            "transform": {
                "translation": {
                    "x": -0.7582733842843217,
                    "y": -0.3020348897886405,
                    "z": 0.6611177690643664
                },
                "rotation": {
                    "x": -0.49611099949396975,
                    "y": -0.5053342587971922,
                    "z": 0.49844199994318955,
                    "w": 0.500066731306553
                }
            }
        }
    ]
}