{
    "transforms": [
        {
            "header": {
                "seq": 0,
                "stamp": {
                    "secs": 1687318002,
                    "nsecs": 122136686
                },
                "frame_id": "polhemus_base_0"
            },
            "child_frame_id": "polhemus_station_0",
            "transform": {
                "translation": {
                    "x": 0.04717087000608444,
                    "y": -0.07189279049634933,
                    "z": 0.1404699832201004
                },
                "rotation": {
                    "x": -0.23569700121879578,
                    "y": -0.5792005062103271,
                    "z": -0.1494675725698471,
                    "w": 0.7659198641777039
                }
            }
        },
        {
            "header": {
                "seq": 0,
                "stamp": {
                    "secs": 1687318002,
                    "nsecs": 122136686
                },
                "frame_id": "polhemus_base_0"
            },
            "child_frame_id": "polhemus_station_1",
            "transform": {
                "translation": {
                    "x": 0.13543060421943665,
                    "y": -0.02392096444964409,
                    "z": 0.05096345767378807
                },
                "rotation": {
                    "x": 0.08633413910865784,
                    "y": -0.2872304320335388,
                    "z": 0.10321041941642761,
                    "w": 0.9483631253242493
                }
            }
        },
        {
            "header": {
                "seq": 0,
                "stamp": {
                    "secs": 1687318002,
                    "nsecs": 122136686
                },
                "frame_id": "polhemus_base_0"
            },
            "child_frame_id": "polhemus_station_2",
            "transform": {
                "translation": {
                    "x": 0.14391718804836273,
                    "y": -0.013180550187826157,
                    "z": 0.06157257780432701
                },
                "rotation": {
                    "x": 0.029969708994030952,
                    "y": -0.41433465480804443,
                    "z": -0.13947206735610962,
                    "w": 0.8988749384880066
                }
            }
        },
        {
            "header": {
                "seq": 0,
                "stamp": {
                    "secs": 1687318002,
                    "nsecs": 122136686
                },
                "frame_id": "polhemus_base_0"
            },
            "child_frame_id": "polhemus_station_3",
            "transform": {
                "translation": {
                    "x": 0.1226409301161766,
                    "y": 0.04485281929373741,
                    "z": 0.04190114513039589
                },
                "rotation": {
                    "x": -0.22326546907424927,
                    "y": -0.35247641801834106,
                    "z": -0.09510239213705063,
                    "w": 0.9038076400756836
                }
            }
        },
        {
            "header": {
                "seq": 0,
                "stamp": {
                    "secs": 1687318002,
                    "nsecs": 122136686
                },
                "frame_id": "polhemus_base_0"
            },
            "child_frame_id": "polhemus_station_4",
            "transform": {
                "translation": {
                    "x": 0.13683998584747314,
                    "y": 0.062360528856515884,
                    "z": 0.04685664921998978
                },
                "rotation": {
                    "x": 0.4041557312011719,
                    "y": 0.25010010600090027,
                    "z": 0.21307674050331116,
                    "w": -0.853643000125885
                }
            }
        },
        {
            "header": {
                "seq": 0,
                "stamp": {
                    "secs": 1687318002,
                    "nsecs": 122136686
                },
                "frame_id": "polhemus_base_0"
            },
            "child_frame_id": "polhemus_station_5",
            "transform": {
                "translation": {
                    "x": 0.18841522932052612,
                    "y": 0.05347912386059761,
                    "z": 0.009642166085541248
                },
                "rotation": {
                    "x": 0.2761957347393036,
                    "y": -0.3056783676147461,
                    "z": 0.07832947373390198,
                    "w": -0.9078221917152405
                }
            }
        }
    ]
}