{
    "transforms": [
        {
            "header": {
                "seq": 0,
                "stamp": {
                    "secs": 1687318013,
                    "nsecs": 241184906
                },
                "frame_id": "ra_base"
            },
            "child_frame_id": "ra_tool0_controller",
            "transform": {
                "translation": {
                    "x": -0.6728400585102595,
                    "y": -0.7294053503035296,
                    "z": 0.6299287551565679
                },
                "rotation": {
                    "x": -0.49073124897269454,
                    "y": -0.5021735755746102,
                    "z": 0.5050030091715055,
                    "w": 0.5019726108106249
                }
            }
        }
    ]
}