{
    "transforms": [
        {
            "header": {
                "seq": 0,
                "stamp": {
                    "secs": 1687318001,
                    "nsecs": 759579978
                },
                "frame_id": "ra_base"
            },
            "child_frame_id": "ra_tool0_controller",
            "transform": {
                "translation": {
                    "x": -0.6760683042341976,
                    "y": -0.09153677703486911,
                    "z": 0.6376411717434104
                },
                "rotation": {
                    "x": -0.5027985147877861,
                    "y": -0.5053296987833267,
                    "z": 0.4962469212830228,
                    "w": 0.49555478221067567
                }
            }
        }
    ]
}