{
    "transforms": [
        {
            "header": {
                "seq": 0,
                "stamp": {
                    "secs": 1687318007,
                    "nsecs": 869134800
                },
                "frame_id": "polhemus_base_0"
            },
            "child_frame_id": "rh_user_forearm",
            "transform": {
                "translation": {
                    "x": -0.1883530169725418,
                    "y": 0.05277249962091446,
                    "z": 0.009491230361163616
                },
                "rotation": {
                    "x": -0.2788631915386648,
                    "y": -0.3061959146729173,
                    "z": 0.08185413477869191,
                    "w": 0.9065204260589593
                }
            }
        }
    ]
}