{
    "transforms": [
        {
            "header": {
                "seq": 0,
                "stamp": {
                    "secs": 1687318020,
                    "nsecs": 680480796
                },
                "frame_id": "polhemus_base_0"
            },
            "child_frame_id": "polhemus_station_0",
            "transform": {
                "translation": {
                    "x": 0.0455012246966362,
                    "y": -0.07031580060720444,
                    "z": 0.14142918586730957
                },
                "rotation": {
                    "x": -0.2441013604402542,
                    "y": -0.5857069492340088,
                    "z": -0.14810559153556824,
                    "w": 0.7585688233375549
                }
            }
        },
        {
            "header": {
                "seq": 0,
                "stamp": {
                    "secs": 1687318020,
                    "nsecs": 680480796
                },
                "frame_id": "polhemus_base_0"
            },
            "child_frame_id": "polhemus_station_1",
            "transform": {
                "translation": {
                    "x": 0.1355752795934677,
                    "y": -0.024040503427386284,
                    "z": 0.050815481692552567
                },
                "rotation": {
                    "x": 0.08819911628961563,
                    "y": -0.2858089804649353,
                    "z": 0.1028437614440918,
                    "w": 0.948660671710968
                }
            }
        },
        {
            "header": {
                "seq": 0,
                "stamp": {
                    "secs": 1687318020,
                    "nsecs": 680480796
                },
                "frame_id": "polhemus_base_0"
            },
            "child_frame_id": "polhemus_station_2",
            "transform": {
                "translation": {
                    "x": 0.14404816925525665,
                    "y": -0.013309800997376442,
                    "z": 0.061472196131944656
                },
                "rotation": {
                    "x": 0.030435141175985336,
                    "y": -0.4130294919013977,
                    "z": -0.13898345828056335,
                    "w": 0.8995354175567627
                }
            }
        },
        {
            "header": {
                "seq": 0,
                "stamp": {
                    "secs": 1687318020,
                    "nsecs": 680480796
                },
                "frame_id": "polhemus_base_0"
            },
            "child_frame_id": "polhemus_station_3",
            "transform": {
                "translation": {
                    "x": 0.12331607937812805,
                    "y": 0.04446979984641075,
                    "z": 0.04046088084578514
                },
                "rotation": {
                    "x": -0.22075243294239044,
                    "y": -0.34578627347946167,
                    "z": -0.09642365574836731,
                    "w": 0.9068641066551208
                }
            }
        },
        {
            "header": {
                "seq": 0,
                "stamp": {
                    "secs": 1687318020,
                    "nsecs": 680480796
                },
                "frame_id": "polhemus_base_0"
            },
            "child_frame_id": "polhemus_station_4",
            "transform": {
                "translation": {
                    "x": 0.13814377784729004,
                    "y": 0.06149035692214966,
                    "z": 0.045472402125597
                },
                "rotation": {
                    "x": 0.42005640268325806,
                    "y": 0.2456517219543457,
                    "z": 0.21934548020362854,
                    "w": -0.8456330895423889
                }
            }
        },
        {
            "header": {
                "seq": 0,
                "stamp": {
                    "secs": 1687318020,
                    "nsecs": 680480796
                },
                "frame_id": "polhemus_base_0"
            },
            "child_frame_id": "polhemus_station_5",
            "transform": {
                "translation": {
                    "x": 0.1883474588394165,
                    "y": 0.05201441049575806,
                    "z": 0.009301639162003994
                },
                "rotation": {
                    "x": 0.283016562461853,
                    "y": -0.306083083152771,
                    "z": 0.086189404129982,
                    "w": -0.9048681259155273
                }
            }
        }
    ]
}