{
    "transforms": [
        {
            "header": {
                "seq": 0,
                "stamp": {
                    "secs": 1687318004,
                    "nsecs": 141579978
                },
                "frame_id": "ra_base"
            },
            "child_frame_id": "ra_tool0_controller",
            "transform": {
                "translation": {
                    "x": -0.6760751794725182,
                    "y": -0.09154327361389397,
                    "z": 0.6376381153673357
                },
                "rotation": {
                    "x": -0.5028080443090276,
                    "y": -0.5053148367141129,
                    "z": 0.49625808176240777,
                    "w": 0.4955490920788937
                }
            }
        }
    ]
}