{
    "transforms": [
        {
            "header": {
                "seq": 0,
                "stamp": {
                    "secs": 1687318009,
                    "nsecs": 391184906
                },
                "frame_id": "ra_base"
            },
            "child_frame_id": "ra_tool0_controller",
            "transform": {
                "translation": {
                    "x": -0.7573683456249378,
                    "y": -0.2967864994270557,
                    "z": 0.6609900767929309
                },
                "rotation": {
                    "x": -0.4962079988173693,
                    "y": -0.5053761848180435,
                    "z": 0.4984109016747427,
                    "w": 0.4999591051478014
                }
            }
        }
    ]
}