{
    "transforms": [
        {
            "header": {
                "seq": 0,
                "stamp": {
                    "secs": 1687318015,
                    "nsecs": 988791751
                },
                "frame_id": "polhemus_base_0"
            },
            "child_frame_id": "polhemus_station_0",
            "transform": {
                "translation": {
                    "x": 0.045985348522663116,
                    "y": -0.0706668272614479,
                    "z": 0.14123541116714478
                },
                "rotation": {
                    "x": -0.24244479835033417,
                    "y": -0.5836564898490906,
                    "z": -0.14850708842277527,
                    "w": 0.7605991959571838
                }
            }
        },
        {
            "header": {
                "seq": 0,
                "stamp": {
                    "secs": 1687318015,
                    "nsecs": 988791751
                },
                "frame_id": "polhemus_base_0"
            },
            "child_frame_id": "polhemus_station_1",
            "transform": {
                "translation": {
                    "x": 0.13558070361614227,
                    "y": -0.024076608940958977,
                    "z": 0.050771377980709076
                },
                "rotation": {
                    "x": 0.08811362832784653,
                    "y": -0.28581222891807556,
                    "z": 0.10277943313121796,
                    "w": 0.9486746788024902
                }
            }
        },
        {
            "header": {
                "seq": 0,
                "stamp": {
                    "secs": 1687318015,
                    "nsecs": 988791751
                },
                "frame_id": "polhemus_base_0"
            },
            "child_frame_id": "polhemus_station_2",
            "transform": {
                "translation": {
                    "x": 0.14406011998653412,
                    "y": -0.013379772193729877,
                    "z": 0.06142605468630791
                },
                "rotation": {
                    "x": 0.030672136694192886,
                    "y": -0.41300925612449646,
                    "z": -0.13971957564353943,
                    "w": 0.8994226455688477
                }
            }
        },
        {
            "header": {
                "seq": 0,
                "stamp": {
                    "secs": 1687318015,
                    "nsecs": 988791751
                },
                "frame_id": "polhemus_base_0"
            },
            "child_frame_id": "polhemus_station_3",
            "transform": {
                "translation": {
                    "x": 0.12322163581848145,
                    "y": 0.04446965456008911,
                    "z": 0.04059756547212601
                },
                "rotation": {
                    "x": -0.22000715136528015,
                    "y": -0.3463922142982483,
                    "z": -0.09603102505207062,
                    "w": 0.9068556427955627
                }
            }
        },
        {
            "header": {
                "seq": 0,
                "stamp": {
                    "secs": 1687318015,
                    "nsecs": 988791751
                },
                "frame_id": "polhemus_base_0"
            },
            "child_frame_id": "polhemus_station_4",
            "transform": {
                "translation": {
                    "x": 0.13801296055316925,
                    "y": 0.061510711908340454,
                    "z": 0.045649703592061996
                },
                "rotation": {
                    "x": 0.41689881682395935,
                    "y": 0.24531258642673492,
                    "z": 0.21928808093070984,
                    "w": -0.8473074436187744
                }
            }
        },
        {
            "header": {
                "seq": 0,
                "stamp": {
                    "secs": 1687318015,
                    "nsecs": 988791751
                },
                "frame_id": "polhemus_base_0"
            },
            "child_frame_id": "polhemus_station_5",
            "transform": {
                "translation": {
                    "x": 0.18833783268928528,
                    "y": 0.05224183201789856,
                    "z": 0.009369973093271255
                },
                "rotation": {
                    "x": 0.28136926889419556,
                    "y": -0.3060494065284729,
                    "z": 0.08480675518512726,
                    "w": -0.9055235385894775
                }
            }
        }
    ]
}