{
    "transforms": [
        {
            "header": {
                "seq": 0,
                "stamp": {
                    "secs": 1687318016,
                    "nsecs": 749184906
                },
                "frame_id": "ra_base"
            },
            "child_frame_id": "ra_tool0_controller",
            "transform": {
                "translation": {
                    "x": -0.6728421452221226,
                    "y": -0.7293883966238631,
                    "z": 0.629949516861116
                },
                "rotation": {
                    "x": -0.49073652654144817,
                    "y": -0.502159318447206,
                    "z": 0.5050158168672917,
                    "w": 0.501968828841527
                }
            }
        }
    ]
}