{
    "transforms": [
        {
            "header": {
                "seq": 0,
                "stamp": {
                    "secs": 1687318004,
                    "nsecs": 597162338
                },
                "frame_id": "polhemus_base_0"
            },
            "child_frame_id": "polhemus_station_0",
            "transform": {
                "translation": {
                    "x": 0.04667423665523529,
                    "y": -0.07160159200429916,
                    "z": 0.14069589972496033
                },
                "rotation": {
                    "x": -0.23790153861045837,
                    "y": -0.5810043811798096,
                    "z": -0.14962780475616455,
                    "w": 0.7638378143310547
                }
            }
        },
        {
            "header": {
                "seq": 0,
                "stamp": {
                    "secs": 1687318004,
                    "nsecs": 597162338
                },
                "frame_id": "polhemus_base_0"
            },
            "child_frame_id": "polhemus_station_1",
            "transform": {
                "translation": {
                    "x": 0.13555218279361725,
                    "y": -0.02413918450474739,
                    "z": 0.050780847668647766
                },
                "rotation": {
                    "x": 0.08757950365543365,
                    "y": -0.2862572968006134,
                    "z": 0.10223688930273056,
                    "w": 0.9486485719680786
                }
            }
        },
        {
            "header": {
                "seq": 0,
                "stamp": {
                    "secs": 1687318004,
                    "nsecs": 597162338
                },
                "frame_id": "polhemus_base_0"
            },
            "child_frame_id": "polhemus_station_2",
            "transform": {
                "translation": {
                    "x": 0.14405792951583862,
                    "y": -0.013437245972454548,
                    "z": 0.0614212304353714
                },
                "rotation": {
                    "x": 0.031514596194028854,
                    "y": -0.4131697714328766,
                    "z": -0.14054541289806366,
                    "w": 0.89919114112854
                }
            }
        },
        {
            "header": {
                "seq": 0,
                "stamp": {
                    "secs": 1687318004,
                    "nsecs": 597162338
                },
                "frame_id": "polhemus_base_0"
            },
            "child_frame_id": "polhemus_station_3",
            "transform": {
                "translation": {
                    "x": 0.12290383875370026,
                    "y": 0.044513825327157974,
                    "z": 0.041167475283145905
                },
                "rotation": {
                    "x": -0.2221534103155136,
                    "y": -0.3496699929237366,
                    "z": -0.09562837332487106,
                    "w": 0.9051153063774109
                }
            }
        },
        {
            "header": {
                "seq": 0,
                "stamp": {
                    "secs": 1687318004,
                    "nsecs": 597162338
                },
                "frame_id": "polhemus_base_0"
            },
            "child_frame_id": "polhemus_station_4",
            "transform": {
                "translation": {
                    "x": 0.13751578330993652,
                    "y": 0.06177634373307228,
                    "z": 0.04625408351421356
                },
                "rotation": {
                    "x": 0.40994900465011597,
                    "y": 0.24605360627174377,
                    "z": 0.21728353202342987,
                    "w": -0.85099196434021
                }
            }
        },
        {
            "header": {
                "seq": 0,
                "stamp": {
                    "secs": 1687318004,
                    "nsecs": 597162338
                },
                "frame_id": "polhemus_base_0"
            },
            "child_frame_id": "polhemus_station_5",
            "transform": {
                "translation": {
                    "x": 0.18836712837219238,
                    "y": 0.05285169556736946,
                    "z": 0.009501512162387371
                },
                "rotation": {
                    "x": 0.2782851457595825,
                    "y": -0.3065551519393921,
                    "z": 0.08127075433731079,
                    "w": -0.906629204750061
                }
            }
        }
    ]
}