{
    "transforms": [
        {
            "header": {
                "seq": 0,
                "stamp": {
                    "secs": 1687318004,
                    "nsecs": 947579978
                },
                "frame_id": "ra_base"
            },
            "child_frame_id": "ra_tool0_controller",
            "transform": {
                "translation": {
                    "x": -0.6760780507918922,
                    "y": -0.0915396343381507,
                    "z": 0.6376353976927651
                },
                "rotation": {
                    "x": -0.5028124712200155,
                    "y": -0.5053060966391539,
                    "z": 0.49625296261027996,
                    "w": 0.4955586388969959
                }
            }
        }
    ]
}