{
    "transforms": [
        {
            "header": {
                "seq": 0,
                "stamp": {
                    "secs": 1687318007,
                    "nsecs": 622172325
                },
                "frame_id": "polhemus_base_0"
            },
            "child_frame_id": "polhemus_station_0",
            "transform": {
                "translation": {
                    "x": 0.04664647951722145,
                    "y": -0.07141523063182831,
                    "z": 0.14077968895435333
                },
                "rotation": {
                    "x": -0.2385558784008026,
                    "y": -0.5811890363693237,
                    "z": -0.14903473854064941,
                    "w": 0.7636091113090515
                }
            }
        },
        {
            "header": {
                "seq": 0,
                "stamp": {
                    "secs": 1687318007,
                    "nsecs": 622172325
                },
                "frame_id": "polhemus_base_0"
            },
            "child_frame_id": "polhemus_station_1",
            "transform": {
                "translation": {
                    "x": 0.13557368516921997,
                    "y": -0.024141822010278702,
                    "z": 0.050762247294187546
                },
                "rotation": {
                    "x": 0.08774501830339432,
                    "y": -0.28598135709762573,
                    "z": 0.10233818739652634,
                    "w": 0.9487055540084839
                }
            }
        },
        {
            "header": {
                "seq": 0,
                "stamp": {
                    "secs": 1687318007,
                    "nsecs": 622172325
                },
                "frame_id": "polhemus_base_0"
            },
            "child_frame_id": "polhemus_station_2",
            "transform": {
                "translation": {
                    "x": 0.14407888054847717,
                    "y": -0.013445996679365635,
                    "z": 0.061408866196870804
                },
                "rotation": {
                    "x": 0.031403303146362305,
                    "y": -0.4130333662033081,
                    "z": -0.14064732193946838,
                    "w": 0.8992417454719543
                }
            }
        },
        {
            "header": {
                "seq": 0,
                "stamp": {
                    "secs": 1687318007,
                    "nsecs": 622172325
                },
                "frame_id": "polhemus_base_0"
            },
            "child_frame_id": "polhemus_station_3",
            "transform": {
                "translation": {
                    "x": 0.12294644862413406,
                    "y": 0.044472936540842056,
                    "z": 0.041093986481428146
                },
                "rotation": {
                    "x": -0.22224752604961395,
                    "y": -0.3494042754173279,
                    "z": -0.09601074457168579,
                    "w": 0.9051544070243835
                }
            }
        },
        {
            "header": {
                "seq": 0,
                "stamp": {
                    "secs": 1687318007,
                    "nsecs": 622172325
                },
                "frame_id": "polhemus_base_0"
            },
            "child_frame_id": "polhemus_station_4",
            "transform": {
                "translation": {
                    "x": 0.13756728172302246,
                    "y": 0.06171685829758644,
                    "z": 0.04619820788502693
                },
                "rotation": {
                    "x": 0.410878449678421,
                    "y": 0.24614420533180237,
                    "z": 0.21814113855361938,
                    "w": -0.8502976894378662
                }
            }
        },
        {
            "header": {
                "seq": 0,
                "stamp": {
                    "secs": 1687318007,
                    "nsecs": 622172325
                },
                "frame_id": "polhemus_base_0"
            },
            "child_frame_id": "polhemus_station_5",
            "transform": {
                "translation": {
                    "x": 0.1883421093225479,
                    "y": 0.05277510732412338,
                    "z": 0.009521950036287308
                },
                "rotation": {
                    "x": 0.2787386476993561,
                    "y": -0.30593743920326233,
                    "z": 0.08199760317802429,
                    "w": -0.9066330790519714
                }
            }
        }
    ]
}