{
    "transforms": [
        {
            "header": {
                "seq": 0,
                "stamp": {
                    "secs": 1687318015,
                    "nsecs": 737184906
                },
                "frame_id": "ra_base"
            },
            "child_frame_id": "ra_tool0_controller",
            "transform": {
                "translation": {
                    "x": -0.672843446154148,
                    "y": -0.7293881222237845,
                    "z": 0.6299598205275635
                },
                "rotation": {
                    "x": -0.490741620847874,
                    "y": -0.5021413910185568,
                    "z": 0.5050275394570295,
                    "w": 0.5019699885287255
                }
            }
        }
    ]
}