{
    "transforms": [
        {
            "header": {
                "seq": 0,
                "stamp": {
                    "secs": 1687318004,
                    "nsecs": 873579978
                },
                "frame_id": "ra_base"
            },
            "child_frame_id": "ra_tool0_controller",
            "transform": {
                "translation": {
                    "x": -0.6760766566137142,
                    "y": -0.0915439046431988,
                    "z": 0.6376256145878328
                },
                "rotation": {
                    "x": -0.502803562221209,
                    "y": -0.5053283954771121,
                    "z": 0.4962482697411811,
                    "w": 0.4955496396135046
                }
            }
        }
    ]
}