{
    "transforms": [
        {
            "header": {
                "seq": 0,
                "stamp": {
                    "secs": 1687318018,
                    "nsecs": 130487211
                },
                "frame_id": "polhemus_base_0"
            },
            "child_frame_id": "polhemus_station_0",
            "transform": {
                "translation": {
                    "x": 0.04595062881708145,
                    "y": -0.07053956389427185,
                    "z": 0.14131693542003632
                },
                "rotation": {
                    "x": -0.2431207001209259,
                    "y": -0.5837371945381165,
                    "z": -0.1485534906387329,
                    "w": 0.7603124380111694
                }
            }
        },
        {
            "header": {
                "seq": 0,
                "stamp": {
                    "secs": 1687318018,
                    "nsecs": 130487211
                },
                "frame_id": "polhemus_base_0"
            },
            "child_frame_id": "polhemus_station_1",
            "transform": {
                "translation": {
                    "x": 0.1355886608362198,
                    "y": -0.024081449955701828,
                    "z": 0.05078473687171936
                },
                "rotation": {
                    "x": 0.08813115209341049,
                    "y": -0.28579187393188477,
                    "z": 0.10270624607801437,
                    "w": 0.9486870765686035
                }
            }
        },
        {
            "header": {
                "seq": 0,
                "stamp": {
                    "secs": 1687318018,
                    "nsecs": 130487211
                },
                "frame_id": "polhemus_base_0"
            },
            "child_frame_id": "polhemus_station_2",
            "transform": {
                "translation": {
                    "x": 0.14408248662948608,
                    "y": -0.01337036956101656,
                    "z": 0.06142081692814827
                },
                "rotation": {
                    "x": 0.03034890443086624,
                    "y": -0.4127688407897949,
                    "z": -0.13955441117286682,
                    "w": 0.899569571018219
                }
            }
        },
        {
            "header": {
                "seq": 0,
                "stamp": {
                    "secs": 1687318018,
                    "nsecs": 130487211
                },
                "frame_id": "polhemus_base_0"
            },
            "child_frame_id": "polhemus_station_3",
            "transform": {
                "translation": {
                    "x": 0.1232687383890152,
                    "y": 0.04444644972681999,
                    "z": 0.04054160416126251
                },
                "rotation": {
                    "x": -0.22011154890060425,
                    "y": -0.3460471034049988,
                    "z": -0.09630203247070312,
                    "w": 0.9069333076477051
                }
            }
        },
        {
            "header": {
                "seq": 0,
                "stamp": {
                    "secs": 1687318018,
                    "nsecs": 130487211
                },
                "frame_id": "polhemus_base_0"
            },
            "child_frame_id": "polhemus_station_4",
            "transform": {
                "translation": {
                    "x": 0.13807320594787598,
                    "y": 0.0614682175219059,
                    "z": 0.045588478446006775
                },
                "rotation": {
                    "x": 0.41816064715385437,
                    "y": 0.24528682231903076,
                    "z": 0.21964536607265472,
                    "w": -0.8466002345085144
                }
            }
        },
        {
            "header": {
                "seq": 0,
                "stamp": {
                    "secs": 1687318018,
                    "nsecs": 130487211
                },
                "frame_id": "polhemus_base_0"
            },
            "child_frame_id": "polhemus_station_5",
            "transform": {
                "translation": {
                    "x": 0.18832336366176605,
                    "y": 0.05216400697827339,
                    "z": 0.00928430911153555
                },
                "rotation": {
                    "x": 0.28194281458854675,
                    "y": -0.30646419525146484,
                    "z": 0.08509477972984314,
                    "w": -0.9051777124404907
                }
            }
        }
    ]
}