{
    "transforms": [
        {
            "header": {
                "seq": 0,
                "stamp": {
                    "secs": 1687317999,
                    "nsecs": 103579978
                },
                "frame_id": "ra_base"
            },
            "child_frame_id": "ra_tool0_controller",
            "transform": {
                "translation": {
                    "x": -0.6760656312553307,
                    "y": -0.09155114580588733,
                    "z": 0.6376518192820887
                },
                "rotation": {
                    "x": -0.5028116226703698,
                    "y": -0.5053089214712928,
                    "z": 0.49625579497785577,
                    "w": 0.4955537830952406
                }
            }
        }
    ]
}