{
    "transforms": [
        {
            "header": {
                "seq": 0,
                "stamp": {
                    "secs": 1687318010,
                    "nsecs": 547256590
                },
                "frame_id": "polhemus_base_0"
            },
            "child_frame_id": "polhemus_station_0",
            "transform": {
                "translation": {
                    "x": 0.046607811003923416,
                    "y": -0.07127021253108978,
                    "z": 0.140872523188591
                },
                "rotation": {
                    "x": -0.23987388610839844,
                    "y": -0.5811092257499695,
                    "z": -0.1493588387966156,
                    "w": 0.7631935477256775
                }
            }
        },
        {
            "header": {
                "seq": 0,
                "stamp": {
                    "secs": 1687318010,
                    "nsecs": 547256590
                },
                "frame_id": "polhemus_base_0"
            },
            "child_frame_id": "polhemus_station_1",
            "transform": {
                "translation": {
                    "x": 0.13559585809707642,
                    "y": -0.024153750389814377,
                    "z": 0.05075009539723396
                },
                "rotation": {
                    "x": 0.08794593811035156,
                    "y": -0.28593945503234863,
                    "z": 0.1022745743393898,
                    "w": 0.9487063884735107
                }
            }
        },
        {
            "header": {
                "seq": 0,
                "stamp": {
                    "secs": 1687318010,
                    "nsecs": 547256590
                },
                "frame_id": "polhemus_base_0"
            },
            "child_frame_id": "polhemus_station_2",
            "transform": {
                "translation": {
                    "x": 0.1441057324409485,
                    "y": -0.013488180935382843,
                    "z": 0.06138800457119942
                },
                "rotation": {
                    "x": 0.03126242756843567,
                    "y": -0.41281139850616455,
                    "z": -0.1407194286584854,
                    "w": 0.8993372917175293
                }
            }
        },
        {
            "header": {
                "seq": 0,
                "stamp": {
                    "secs": 1687318010,
                    "nsecs": 547256590
                },
                "frame_id": "polhemus_base_0"
            },
            "child_frame_id": "polhemus_station_3",
            "transform": {
                "translation": {
                    "x": 0.12302400171756744,
                    "y": 0.044504474848508835,
                    "z": 0.04089774936437607
                },
                "rotation": {
                    "x": -0.22090019285678864,
                    "y": -0.34822550415992737,
                    "z": -0.09512971341609955,
                    "w": 0.9060310125350952
                }
            }
        },
        {
            "header": {
                "seq": 0,
                "stamp": {
                    "secs": 1687318010,
                    "nsecs": 547256590
                },
                "frame_id": "polhemus_base_0"
            },
            "child_frame_id": "polhemus_station_4",
            "transform": {
                "translation": {
                    "x": 0.1377221941947937,
                    "y": 0.06166708469390869,
                    "z": 0.04601678252220154
                },
                "rotation": {
                    "x": 0.4125277101993561,
                    "y": 0.24563737213611603,
                    "z": 0.2180854231119156,
                    "w": -0.8496599197387695
                }
            }
        },
        {
            "header": {
                "seq": 0,
                "stamp": {
                    "secs": 1687318010,
                    "nsecs": 547256590
                },
                "frame_id": "polhemus_base_0"
            },
            "child_frame_id": "polhemus_station_5",
            "transform": {
                "translation": {
                    "x": 0.18834544718265533,
                    "y": 0.0525875948369503,
                    "z": 0.009437809698283672
                },
                "rotation": {
                    "x": 0.27938592433929443,
                    "y": -0.3068183660507202,
                    "z": 0.0823449045419693,
                    "w": -0.9061045050621033
                }
            }
        }
    ]
}