{
    "transforms": [
        {
            "header": {
                "seq": 0,
                "stamp": {
                    "secs": 1687318009,
                    "nsecs": 85184906
                },
                "frame_id": "ra_base"
            },
            "child_frame_id": "ra_tool0_controller",
            "transform": {
                "translation": {
                    "x": -0.747430179582753,
                    "y": -0.2502364996364245,
                    "z": 0.6590441335121665
                },
                "rotation": {
                    "x": -0.49733109545916243,
                    "y": -0.5055226484113566,
                    "z": 0.4978351545870047,
                    "w": 0.499268256841841
                }
            }
        }
    ]
}