{
    "transforms": [
        {
            "header": {
                "seq": 0,
                "stamp": {
                    "secs": 1687318010,
                    "nsecs": 277184906
                },
                "frame_id": "ra_base"
            },
            "child_frame_id": "ra_tool0_controller",
            "transform": {
                "translation": {
                    "x": -0.7636326001853381,
                    "y": -0.4431647246034382,
                    "z": 0.6595903795515012
                },
                "rotation": {
                    "x": -0.4934056652802208,
                    "y": -0.5045109553776506,
                    "z": 0.5005008149373786,
                    "w": 0.5015161808160662
                }
            }
        }
    ]
}