{
    "transforms": [
        {
            "header": {
                "seq": 0,
                "stamp": {
                    "secs": 1687318012,
                    "nsecs": 287184906
                },
                "frame_id": "ra_base"
            },
            "child_frame_id": "ra_tool0_controller",
            "transform": {
                "translation": {
                    "x": -0.6736231619167442,
                    "y": -0.7280582893067256,
                    "z": 0.6301859827768485
                },
                "rotation": {
                    "x": -0.4907476680843615,
                    "y": -0.502127092780382,
                    "z": 0.5050033990463644,
                    "w": 0.5020026652492012
                }
            }
        }
    ]
}