{
    "transforms": [
        {
            "header": {
                "seq": 0,
                "stamp": {
                    "secs": 1687318007,
                    "nsecs": 780463044
                },
                "frame_id": "polhemus_base_0"
            },
            "child_frame_id": "polhemus_station_0",
            "transform": {
                "translation": {
                    "x": 0.046608276665210724,
                    "y": -0.07138346135616302,
                    "z": 0.14080092310905457
                },
                "rotation": {
                    "x": -0.23872357606887817,
                    "y": -0.5813462138175964,
                    "z": -0.14910060167312622,
                    "w": 0.7634242177009583
                }
            }
        },
        {
            "header": {
                "seq": 0,
                "stamp": {
                    "secs": 1687318007,
                    "nsecs": 780463044
                },
                "frame_id": "polhemus_base_0"
            },
            "child_frame_id": "polhemus_station_1",
            "transform": {
                "translation": {
                    "x": 0.13557220995426178,
                    "y": -0.024141155183315277,
                    "z": 0.05076732859015465
                },
                "rotation": {
                    "x": 0.08773019164800644,
                    "y": -0.2860386371612549,
                    "z": 0.10233837366104126,
                    "w": 0.9486896991729736
                }
            }
        },
        {
            "header": {
                "seq": 0,
                "stamp": {
                    "secs": 1687318007,
                    "nsecs": 780463044
                },
                "frame_id": "polhemus_base_0"
            },
            "child_frame_id": "polhemus_station_2",
            "transform": {
                "translation": {
                    "x": 0.14407764375209808,
                    "y": -0.01345361303538084,
                    "z": 0.06141120195388794
                },
                "rotation": {
                    "x": 0.031402744352817535,
                    "y": -0.4130546748638153,
                    "z": -0.1406863033771515,
                    "w": 0.8992258310317993
                }
            }
        },
        {
            "header": {
                "seq": 0,
                "stamp": {
                    "secs": 1687318007,
                    "nsecs": 780463044
                },
                "frame_id": "polhemus_base_0"
            },
            "child_frame_id": "polhemus_station_3",
            "transform": {
                "translation": {
                    "x": 0.1229500025510788,
                    "y": 0.044475898146629333,
                    "z": 0.04108326882123947
                },
                "rotation": {
                    "x": -0.22217270731925964,
                    "y": -0.3493112325668335,
                    "z": -0.09598831832408905,
                    "w": 0.9052109718322754
                }
            }
        },
        {
            "header": {
                "seq": 0,
                "stamp": {
                    "secs": 1687318007,
                    "nsecs": 780463044
                },
                "frame_id": "polhemus_base_0"
            },
            "child_frame_id": "polhemus_station_4",
            "transform": {
                "translation": {
                    "x": 0.1375749111175537,
                    "y": 0.06171827390789986,
                    "z": 0.04618781432509422
                },
                "rotation": {
                    "x": 0.41113364696502686,
                    "y": 0.24628908932209015,
                    "z": 0.2180468887090683,
                    "w": -0.8501566648483276
                }
            }
        },
        {
            "header": {
                "seq": 0,
                "stamp": {
                    "secs": 1687318007,
                    "nsecs": 780463044
                },
                "frame_id": "polhemus_base_0"
            },
            "child_frame_id": "polhemus_station_5",
            "transform": {
                "translation": {
                    "x": 0.18835794925689697,
                    "y": 0.05276469141244888,
                    "z": 0.009513072669506073
                },
                "rotation": {
                    "x": 0.2787671983242035,
                    "y": -0.30610740184783936,
                    "z": 0.08193767070770264,
                    "w": -0.9065722823143005
                }
            }
        }
    ]
}