{
    "transforms": [
        {
            "header": {
                "seq": 0,
                "stamp": {
                    "secs": 1687318001,
                    "nsecs": 213821680
                },
                "frame_id": "polhemus_base_0"
            },
            "child_frame_id": "polhemus_station_0",
            "transform": {
                "translation": {
                    "x": 0.04721291735768318,
                    "y": -0.07196051627397537,
                    "z": 0.14042127132415771
                },
                "rotation": {
                    "x": -0.23508985340595245,
                    "y": -0.5791157484054565,
                    "z": -0.14930924773216248,
                    "w": 0.7662013173103333
                }
            }
        },
        {
            "header": {
                "seq": 0,
                "stamp": {
                    "secs": 1687318001,
                    "nsecs": 213821680
                },
                "frame_id": "polhemus_base_0"
            },
            "child_frame_id": "polhemus_station_1",
            "transform": {
                "translation": {
                    "x": 0.13542431592941284,
                    "y": -0.023879557847976685,
                    "z": 0.05095716565847397
                },
                "rotation": {
                    "x": 0.08612269163131714,
                    "y": -0.28723931312561035,
                    "z": 0.10338075459003448,
                    "w": 0.9483610987663269
                }
            }
        },
        {
            "header": {
                "seq": 0,
                "stamp": {
                    "secs": 1687318001,
                    "nsecs": 213821680
                },
                "frame_id": "polhemus_base_0"
            },
            "child_frame_id": "polhemus_station_2",
            "transform": {
                "translation": {
                    "x": 0.14389894902706146,
                    "y": -0.01310419850051403,
                    "z": 0.06155955046415329
                },
                "rotation": {
                    "x": 0.02988874912261963,
                    "y": -0.414383202791214,
                    "z": -0.139149010181427,
                    "w": 0.8989052772521973
                }
            }
        },
        {
            "header": {
                "seq": 0,
                "stamp": {
                    "secs": 1687318001,
                    "nsecs": 213821680
                },
                "frame_id": "polhemus_base_0"
            },
            "child_frame_id": "polhemus_station_3",
            "transform": {
                "translation": {
                    "x": 0.12257107347249985,
                    "y": 0.04502258449792862,
                    "z": 0.0419841967523098
                },
                "rotation": {
                    "x": -0.22267764806747437,
                    "y": -0.35286712646484375,
                    "z": -0.09377683699131012,
                    "w": 0.9039387106895447
                }
            }
        },
        {
            "header": {
                "seq": 0,
                "stamp": {
                    "secs": 1687318001,
                    "nsecs": 213821680
                },
                "frame_id": "polhemus_base_0"
            },
            "child_frame_id": "polhemus_station_4",
            "transform": {
                "translation": {
                    "x": 0.13670484721660614,
                    "y": 0.06254372745752335,
                    "z": 0.04697319492697716
                },
                "rotation": {
                    "x": 0.40336230397224426,
                    "y": 0.25082433223724365,
                    "z": 0.21219207346439362,
                    "w": -0.8540260195732117
                }
            }
        },
        {
            "header": {
                "seq": 0,
                "stamp": {
                    "secs": 1687318001,
                    "nsecs": 213821680
                },
                "frame_id": "polhemus_base_0"
            },
            "child_frame_id": "polhemus_station_5",
            "transform": {
                "translation": {
                    "x": 0.1884031593799591,
                    "y": 0.053616441786289215,
                    "z": 0.009590039029717445
                },
                "rotation": {
                    "x": 0.2763424217700958,
                    "y": -0.30558788776397705,
                    "z": 0.07775451242923737,
                    "w": -0.9078574180603027
                }
            }
        }
    ]
}