{
    "transforms": [
        {
            "header": {
                "seq": 0,
                "stamp": {
                    "secs": 1687318011,
                    "nsecs": 844138291
                },
                "frame_id": "polhemus_base_0"
            },
            "child_frame_id": "rh_user_forearm",
            "transform": {
                "translation": {
                    "x": -0.1883399933576584,
                    "y": 0.052533309906721115,
                    "z": 0.009420756250619888
                },
                "rotation": {
                    "x": -0.2798081969784566,
                    "y": -0.30619267015860885,
                    "z": 0.08303792879532623,
                    "w": 0.9061225767114454
                }
            }
        }
    ]
}