{
    "transforms": [
        {
            "header": {
                "seq": 0,
                "stamp": {
                    "secs": 1687318024,
                    "nsecs": 457184906
                },
                "frame_id": "ra_base"
            },
            "child_frame_id": "ra_tool0_controller",
            "transform": {
                "translation": {
                    "x": -0.6728427126457034,
                    "y": -0.729389358614417,
                    "z": 0.6299686539491386
                },
                "rotation": {
                    "x": -0.4907330273476845,
                    "y": -0.5021552674342531,
                    "z": 0.505021593868914,
                    "w": 0.5019704901528698
                }
            }
        }
    ]
}