{
    "transforms": [
        {
            "header": {
                "seq": 0,
                "stamp": {
                    "secs": 1687317999,
                    "nsecs": 355469612
                },
                "frame_id": "polhemus_base_0"
            },
            "child_frame_id": "polhemus_station_0",
            "transform": {
                "translation": {
                    "x": 0.047202225774526596,
                    "y": -0.07204609364271164,
                    "z": 0.14038728177547455
                },
                "rotation": {
                    "x": -0.23465342819690704,
                    "y": -0.5790985822677612,
                    "z": -0.14957672357559204,
                    "w": 0.7662957906723022
                }
            }
        },
        {
            "header": {
                "seq": 0,
                "stamp": {
                    "secs": 1687317999,
                    "nsecs": 355469612
                },
                "frame_id": "polhemus_base_0"
            },
            "child_frame_id": "polhemus_station_1",
            "transform": {
                "translation": {
                    "x": 0.13540633022785187,
                    "y": -0.023891370743513107,
                    "z": 0.05097672715783119
                },
                "rotation": {
                    "x": 0.085890993475914,
                    "y": -0.28734079003334045,
                    "z": 0.10328860580921173,
                    "w": 0.9483613967895508
                }
            }
        },
        {
            "header": {
                "seq": 0,
                "stamp": {
                    "secs": 1687317999,
                    "nsecs": 355469612
                },
                "frame_id": "polhemus_base_0"
            },
            "child_frame_id": "polhemus_station_2",
            "transform": {
                "translation": {
                    "x": 0.143872931599617,
                    "y": -0.013110005296766758,
                    "z": 0.06159821152687073
                },
                "rotation": {
                    "x": 0.02943531796336174,
                    "y": -0.4146602749824524,
                    "z": -0.1393117904663086,
                    "w": 0.8987672924995422
                }
            }
        },
        {
            "header": {
                "seq": 0,
                "stamp": {
                    "secs": 1687317999,
                    "nsecs": 355469612
                },
                "frame_id": "polhemus_base_0"
            },
            "child_frame_id": "polhemus_station_3",
            "transform": {
                "translation": {
                    "x": 0.1225406602025032,
                    "y": 0.04506610333919525,
                    "z": 0.04206022992730141
                },
                "rotation": {
                    "x": -0.22249360382556915,
                    "y": -0.3532668352127075,
                    "z": -0.09341483563184738,
                    "w": 0.9038653373718262
                }
            }
        },
        {
            "header": {
                "seq": 0,
                "stamp": {
                    "secs": 1687317999,
                    "nsecs": 355469612
                },
                "frame_id": "polhemus_base_0"
            },
            "child_frame_id": "polhemus_station_4",
            "transform": {
                "translation": {
                    "x": 0.13664840161800385,
                    "y": 0.06259042024612427,
                    "z": 0.04704289510846138
                },
                "rotation": {
                    "x": 0.40263545513153076,
                    "y": 0.25091058015823364,
                    "z": 0.2119685709476471,
                    "w": -0.8543991446495056
                }
            }
        },
        {
            "header": {
                "seq": 0,
                "stamp": {
                    "secs": 1687317999,
                    "nsecs": 355469612
                },
                "frame_id": "polhemus_base_0"
            },
            "child_frame_id": "polhemus_station_5",
            "transform": {
                "translation": {
                    "x": 0.18843935430049896,
                    "y": 0.053631193935871124,
                    "z": 0.009699727408587933
                },
                "rotation": {
                    "x": 0.27574995160102844,
                    "y": -0.3051120340824127,
                    "z": 0.07786212861537933,
                    "w": -0.9081883430480957
                }
            }
        }
    ]
}