{
    "transforms": [
        {
            "header": {
                "seq": 0,
                "stamp": {
                    "secs": 1687318022,
                    "nsecs": 583184906
                },
                "frame_id": "ra_base"
            },
            "child_frame_id": "ra_tool0_controller",
            "transform": {
                "translation": {
                    "x": -0.6728416292122523,
                    "y": -0.7293852056229473,
                    "z": 0.6299483829428674
                },
                "rotation": {
                    "x": -0.49074027257139996,
                    "y": -0.5021531708019856,
                    "z": 0.5050103154503647,
                    "w": 0.5019768512778084
                }
            }
        }
    ]
}