{
    "transforms": [
        {
            "header": {
                "seq": 0,
                "stamp": {
                    "secs": 1687318025,
                    "nsecs": 435184906
                },
                "frame_id": "ra_base"
            },
            "child_frame_id": "ra_tool0_controller",
            "transform": {
                "translation": {
                    "x": -0.6728299510501111,
                    "y": -0.7293914302741632,
                    "z": 0.6299969671681257
                },
                "rotation": {
                    "x": -0.49073974979235135,
                    "y": -0.5021299406520691,
                    "z": 0.5050428192116184,
                    "w": 0.5019678988115382
                }
            }
        }
    ]
}