{
    "transforms": [
        {
            "header": {
                "seq": 0,
                "stamp": {
                    "secs": 1687318007,
                    "nsecs": 401184906
                },
                "frame_id": "ra_base"
            },
            "child_frame_id": "ra_tool0_controller",
            "transform": {
                "translation": {
                    "x": -0.6761231472186169,
                    "y": -0.09165158192632568,
                    "z": 0.6376527296604985
                },
                "rotation": {
                    "x": -0.5027930401972683,
                    "y": -0.5053276615214317,
                    "z": 0.49626166133206934,
                    "w": 0.49554765333154793
                }
            }
        }
    ]
}