{
    "transforms": [
        {
            "header": {
                "seq": 0,
                "stamp": {
                    "secs": 1687318013,
                    "nsecs": 887184906
                },
                "frame_id": "ra_base"
            },
            "child_frame_id": "ra_tool0_controller",
            "transform": {
                "translation": {
                    "x": -0.6728460520877065,
                    "y": -0.7293922976003012,
                    "z": 0.629944329176448
                },
                "rotation": {
                    "x": -0.4907354920115075,
                    "y": -0.5021633687739818,
                    "z": 0.5050135634184869,
                    "w": 0.5019680554628467
                }
            }
        }
    ]
}