{
    "transforms": [
        {
            "header": {
                "seq": 0,
                "stamp": {
                    "secs": 1687318002,
                    "nsecs": 722251961
                },
                "frame_id": "polhemus_base_0"
            },
            "child_frame_id": "polhemus_station_0",
            "transform": {
                "translation": {
                    "x": 0.047180067747831345,
                    "y": -0.07188454270362854,
                    "z": 0.14047598838806152
                },
                "rotation": {
                    "x": -0.23638556897640228,
                    "y": -0.5789496302604675,
                    "z": -0.1497253030538559,
                    "w": 0.7658469080924988
                }
            }
        },
        {
            "header": {
                "seq": 0,
                "stamp": {
                    "secs": 1687318002,
                    "nsecs": 722251961
                },
                "frame_id": "polhemus_base_0"
            },
            "child_frame_id": "polhemus_station_1",
            "transform": {
                "translation": {
                    "x": 0.13549484312534332,
                    "y": -0.02402842417359352,
                    "z": 0.05089236795902252
                },
                "rotation": {
                    "x": 0.08685257285833359,
                    "y": -0.286749929189682,
                    "z": 0.10265390574932098,
                    "w": 0.9485214948654175
                }
            }
        },
        {
            "header": {
                "seq": 0,
                "stamp": {
                    "secs": 1687318002,
                    "nsecs": 722251961
                },
                "frame_id": "polhemus_base_0"
            },
            "child_frame_id": "polhemus_station_2",
            "transform": {
                "translation": {
                    "x": 0.14398203790187836,
                    "y": -0.013320275582373142,
                    "z": 0.06152952089905739
                },
                "rotation": {
                    "x": 0.030418120324611664,
                    "y": -0.4138302803039551,
                    "z": -0.14021673798561096,
                    "w": 0.8989764451980591
                }
            }
        },
        {
            "header": {
                "seq": 0,
                "stamp": {
                    "secs": 1687318002,
                    "nsecs": 722251961
                },
                "frame_id": "polhemus_base_0"
            },
            "child_frame_id": "polhemus_station_3",
            "transform": {
                "translation": {
                    "x": 0.12273149937391281,
                    "y": 0.04465480148792267,
                    "z": 0.04170816391706467
                },
                "rotation": {
                    "x": -0.22312256693840027,
                    "y": -0.3517443537712097,
                    "z": -0.09631908684968948,
                    "w": 0.9039991497993469
                }
            }
        },
        {
            "header": {
                "seq": 0,
                "stamp": {
                    "secs": 1687318002,
                    "nsecs": 722251961
                },
                "frame_id": "polhemus_base_0"
            },
            "child_frame_id": "polhemus_station_4",
            "transform": {
                "translation": {
                    "x": 0.1369910091161728,
                    "y": 0.062109895050525665,
                    "z": 0.04673035070300102
                },
                "rotation": {
                    "x": 0.40557512640953064,
                    "y": 0.24941793084144592,
                    "z": 0.21470195055007935,
                    "w": -0.8527617454528809
                }
            }
        },
        {
            "header": {
                "seq": 0,
                "stamp": {
                    "secs": 1687318002,
                    "nsecs": 722251961
                },
                "frame_id": "polhemus_base_0"
            },
            "child_frame_id": "polhemus_station_5",
            "transform": {
                "translation": {
                    "x": 0.188376784324646,
                    "y": 0.05335936322808266,
                    "z": 0.009639258496463299
                },
                "rotation": {
                    "x": 0.27653515338897705,
                    "y": -0.3056133985519409,
                    "z": 0.07890534400939941,
                    "w": -0.9076908230781555
                }
            }
        }
    ]
}