{
    "transforms": [
        {
            "header": {
                "seq": 0,
                "stamp": {
                    "secs": 1687318026,
                    "nsecs": 49184906
                },
                "frame_id": "ra_base"
            },
            "child_frame_id": "ra_tool0_controller",
            "transform": {
                "translation": {
                    "x": -0.6728387151544905,
                    "y": -0.7293820539042934,
                    "z": 0.6299407465189272
                },
                "rotation": {
                    "x": -0.4907386371704538,
                    "y": -0.5021736222524805,
                    "z": 0.5049876617234416,
                    "w": 0.5019807811151734
                }
            }
        }
    ]
}