{
    "transforms": [
        {
            "header": {
                "seq": 0,
                "stamp": {
                    "secs": 1687318013,
                    "nsecs": 701184906
                },
                "frame_id": "ra_base"
            },
            "child_frame_id": "ra_tool0_controller",
            "transform": {
                "translation": {
                    "x": -0.6728316609711879,
                    "y": -0.7293933690863573,
                    "z": 0.6299523380434761
                },
                "rotation": {
                    "x": -0.4907347131108489,
                    "y": -0.5021625098714199,
                    "z": 0.5050123420875787,
                    "w": 0.5019709049007397
                }
            }
        }
    ]
}