{
    "transforms": [
        {
            "header": {
                "seq": 0,
                "stamp": {
                    "secs": 1687318017,
                    "nsecs": 517184906
                },
                "frame_id": "ra_base"
            },
            "child_frame_id": "ra_tool0_controller",
            "transform": {
                "translation": {
                    "x": -0.6728228711770531,
                    "y": -0.729391877402542,
                    "z": 0.6299377466010678
                },
                "rotation": {
                    "x": -0.4907325439986463,
                    "y": -0.5021763291894235,
                    "z": 0.5050083183929731,
                    "w": 0.5019632486710099
                }
            }
        }
    ]
}