{
    "transforms": [
        {
            "header": {
                "seq": 0,
                "stamp": {
                    "secs": 1687318004,
                    "nsecs": 455579978
                },
                "frame_id": "ra_base"
            },
            "child_frame_id": "ra_tool0_controller",
            "transform": {
                "translation": {
                    "x": -0.6760769701223934,
                    "y": -0.09153758904962647,
                    "z": 0.637647733394604
                },
                "rotation": {
                    "x": -0.5028065226305439,
                    "y": -0.5053123668238887,
                    "z": 0.49624512982770497,
                    "w": 0.49556612460629745
                }
            }
        }
    ]
}