{
    "transforms": [
        {
            "header": {
                "seq": 0,
                "stamp": {
                    "secs": 1687318024,
                    "nsecs": 953184906
                },
                "frame_id": "ra_base"
            },
            "child_frame_id": "ra_tool0_controller",
            "transform": {
                "translation": {
                    "x": -0.6728498804524727,
                    "y": -0.729390563907857,
                    "z": 0.6299359916120504
                },
                "rotation": {
                    "x": -0.49073713158516213,
                    "y": -0.5021591778411773,
                    "z": 0.505014223920115,
                    "w": 0.5019699806082075
                }
            }
        }
    ]
}