{
    "transforms": [
        {
            "header": {
                "seq": 0,
                "stamp": {
                    "secs": 1687318017,
                    "nsecs": 833184906
                },
                "frame_id": "ra_base"
            },
            "child_frame_id": "ra_tool0_controller",
            "transform": {
                "translation": {
                    "x": -0.6728569503545629,
                    "y": -0.7293753917460638,
                    "z": 0.6299593506029915
                },
                "rotation": {
                    "x": -0.49075541973734066,
                    "y": -0.5021337196614728,
                    "z": 0.505026148238693,
                    "w": 0.5019655717004402
                }
            }
        }
    ]
}