{
    "transforms": [
        {
            "header": {
                "seq": 0,
                "stamp": {
                    "secs": 1687318008,
                    "nsecs": 535184906
                },
                "frame_id": "ra_base"
            },
            "child_frame_id": "ra_tool0_controller",
            "transform": {
                "translation": {
                    "x": -0.7207119911950425,
                    "y": -0.1723179518894104,
                    "z": 0.6519610151675779
                },
                "rotation": {
                    "x": -0.49966434158703865,
                    "y": -0.5056416611538413,
                    "z": 0.49693757503844355,
                    "w": 0.4977098580165822
                }
            }
        }
    ]
}