{
    "transforms": [
        {
            "header": {
                "seq": 0,
                "stamp": {
                    "secs": 1687317998,
                    "nsecs": 865579978
                },
                "frame_id": "ra_base"
            },
            "child_frame_id": "ra_tool0_controller",
            "transform": {
                "translation": {
                    "x": -0.676079243119598,
                    "y": -0.09155276917231348,
                    "z": 0.6376257500927758
                },
                "rotation": {
                    "x": -0.502805256838094,
                    "y": -0.50533311686982,
                    "z": 0.49624740250444865,
                    "w": 0.4955439740307605
                }
            }
        }
    ]
}