{
    "transforms": [
        {
            "header": {
                "seq": 0,
                "stamp": {
                    "secs": 1687318016,
                    "nsecs": 877471778
                },
                "frame_id": "polhemus_base_0"
            },
            "child_frame_id": "rh_user_forearm",
            "transform": {
                "translation": {
                    "x": -0.18834413588047028,
                    "y": 0.05218622088432312,
                    "z": 0.009352466091513634
                },
                "rotation": {
                    "x": -0.2813195011125902,
                    "y": -0.30620151986417704,
                    "z": 0.08498337928217164,
                    "w": 0.905471033646253
                }
            }
        }
    ]
}