{
    "transforms": [
        {
            "header": {
                "seq": 0,
                "stamp": {
                    "secs": 1687318027,
                    "nsecs": 113184906
                },
                "frame_id": "ra_base"
            },
            "child_frame_id": "ra_tool0_controller",
            "transform": {
                "translation": {
                    "x": -0.6728484723976029,
                    "y": -0.7293767965482182,
                    "z": 0.6299346185133966
                },
                "rotation": {
                    "x": -0.4907453112819732,
                    "y": -0.5021643442780516,
                    "z": 0.5049988987080154,
                    "w": 0.5019722333897021
                }
            }
        }
    ]
}