{
    "transforms": [
        {
            "header": {
                "seq": 0,
                "stamp": {
                    "secs": 1687318001,
                    "nsecs": 17579978
                },
                "frame_id": "ra_base"
            },
            "child_frame_id": "ra_tool0_controller",
            "transform": {
                "translation": {
                    "x": -0.6760676447384024,
                    "y": -0.09155530679100093,
                    "z": 0.6376241429415614
                },
                "rotation": {
                    "x": -0.5028147614227814,
                    "y": -0.5053310680216653,
                    "z": 0.496252827543376,
                    "w": 0.49553098646062355
                }
            }
        }
    ]
}