{
    "transforms": [
        {
            "header": {
                "seq": 0,
                "stamp": {
                    "secs": 1687318020,
                    "nsecs": 855184906
                },
                "frame_id": "ra_base"
            },
            "child_frame_id": "ra_tool0_controller",
            "transform": {
                "translation": {
                    "x": -0.6728354729634348,
                    "y": -0.729398649227154,
                    "z": 0.6299232881819378
                },
                "rotation": {
                    "x": -0.49073800205481016,
                    "y": -0.5021741169103954,
                    "z": 0.5050091176705408,
                    "w": 0.5019593217723322
                }
            }
        }
    ]
}