{
    "transforms": [
        {
            "header": {
                "seq": 0,
                "stamp": {
                    "secs": 1687318024,
                    "nsecs": 329184906
                },
                "frame_id": "ra_base"
            },
            "child_frame_id": "ra_tool0_controller",
            "transform": {
                "translation": {
                    "x": -0.6728537779132308,
                    "y": -0.7293768124801748,
                    "z": 0.6299446005211471
                },
                "rotation": {
                    "x": -0.4907462933413457,
                    "y": -0.5021499142272894,
                    "z": 0.5050114572758317,
                    "w": 0.5019730742115524
                }
            }
        }
    ]
}