{
    "transforms": [
        {
            "header": {
                "seq": 0,
                "stamp": {
                    "secs": 1687318014,
                    "nsecs": 241184906
                },
                "frame_id": "ra_base"
            },
            "child_frame_id": "ra_tool0_controller",
            "transform": {
                "translation": {
                    "x": -0.6728581911370852,
                    "y": -0.7293805726978035,
                    "z": 0.6299527936866122
                },
                "rotation": {
                    "x": -0.49074699975526453,
                    "y": -0.5021461846273538,
                    "z": 0.505013440635659,
                    "w": 0.5019741191264062
                }
            }
        }
    ]
}