{
    "transforms": [
        {
            "header": {
                "seq": 0,
                "stamp": {
                    "secs": 1687318020,
                    "nsecs": 813818832
                },
                "frame_id": "polhemus_base_0"
            },
            "child_frame_id": "polhemus_station_0",
            "transform": {
                "translation": {
                    "x": 0.045498818159103394,
                    "y": -0.07030428946018219,
                    "z": 0.14143288135528564
                },
                "rotation": {
                    "x": -0.24414889514446259,
                    "y": -0.5857205390930176,
                    "z": -0.14806081354618073,
                    "w": 0.7585517168045044
                }
            }
        },
        {
            "header": {
                "seq": 0,
                "stamp": {
                    "secs": 1687318020,
                    "nsecs": 813818832
                },
                "frame_id": "polhemus_base_0"
            },
            "child_frame_id": "polhemus_station_1",
            "transform": {
                "translation": {
                    "x": 0.13557860255241394,
                    "y": -0.024022774770855904,
                    "z": 0.05081164836883545
                },
                "rotation": {
                    "x": 0.08818202465772629,
                    "y": -0.2857668399810791,
                    "z": 0.10297231376171112,
                    "w": 0.9486610889434814
                }
            }
        },
        {
            "header": {
                "seq": 0,
                "stamp": {
                    "secs": 1687318020,
                    "nsecs": 813818832
                },
                "frame_id": "polhemus_base_0"
            },
            "child_frame_id": "polhemus_station_2",
            "transform": {
                "translation": {
                    "x": 0.1440468728542328,
                    "y": -0.013288114219903946,
                    "z": 0.06147532910108566
                },
                "rotation": {
                    "x": 0.030500084161758423,
                    "y": -0.4130244255065918,
                    "z": -0.13883927464485168,
                    "w": 0.8995577692985535
                }
            }
        },
        {
            "header": {
                "seq": 0,
                "stamp": {
                    "secs": 1687318020,
                    "nsecs": 813818832
                },
                "frame_id": "polhemus_base_0"
            },
            "child_frame_id": "polhemus_station_3",
            "transform": {
                "translation": {
                    "x": 0.123319111764431,
                    "y": 0.044475656002759933,
                    "z": 0.04045548662543297
                },
                "rotation": {
                    "x": -0.22077742218971252,
                    "y": -0.3457813560962677,
                    "z": -0.09640844911336899,
                    "w": 0.906861424446106
                }
            }
        },
        {
            "header": {
                "seq": 0,
                "stamp": {
                    "secs": 1687318020,
                    "nsecs": 813818832
                },
                "frame_id": "polhemus_base_0"
            },
            "child_frame_id": "polhemus_station_4",
            "transform": {
                "translation": {
                    "x": 0.13814738392829895,
                    "y": 0.06148434802889824,
                    "z": 0.045467521995306015
                },
                "rotation": {
                    "x": 0.42002713680267334,
                    "y": 0.24564388394355774,
                    "z": 0.21940279006958008,
                    "w": -0.8456349968910217
                }
            }
        },
        {
            "header": {
                "seq": 0,
                "stamp": {
                    "secs": 1687318020,
                    "nsecs": 813818832
                },
                "frame_id": "polhemus_base_0"
            },
            "child_frame_id": "polhemus_station_5",
            "transform": {
                "translation": {
                    "x": 0.18831931054592133,
                    "y": 0.05203286185860634,
                    "z": 0.009203936904668808
                },
                "rotation": {
                    "x": 0.28312402963638306,
                    "y": -0.3063894510269165,
                    "z": 0.08598978817462921,
                    "w": -0.9047496914863586
                }
            }
        }
    ]
}