{
    "transforms": [
        {
            "header": {
                "seq": 0,
                "stamp": {
                    "secs": 1687318023,
                    "nsecs": 45184906
                },
                "frame_id": "ra_base"
            },
            "child_frame_id": "ra_tool0_controller",
            "transform": {
                "translation": {
                    "x": -0.6728519864897129,
                    "y": -0.7293947055781643,
                    "z": 0.629950211834709
                },
                "rotation": {
                    "x": -0.49072811931942506,
                    "y": -0.5021658175181719,
                    "z": 0.5050170039088976,
                    "w": 0.5019693520409456
                }
            }
        }
    ]
}