{
    "transforms": [
        {
            "header": {
                "seq": 0,
                "stamp": {
                    "secs": 1687318000,
                    "nsecs": 885579978
                },
                "frame_id": "ra_base"
            },
            "child_frame_id": "ra_tool0_controller",
            "transform": {
                "translation": {
                    "x": -0.6760786259717482,
                    "y": -0.09154275668823478,
                    "z": 0.637652665167865
                },
                "rotation": {
                    "x": -0.502799593745265,
                    "y": -0.505320681676292,
                    "z": 0.4962523115559826,
                    "w": 0.49555748453145987
                }
            }
        }
    ]
}