{
    "transforms": [
        {
            "header": {
                "seq": 0,
                "stamp": {
                    "secs": 1687317999,
                    "nsecs": 372151727
                },
                "frame_id": "polhemus_base_0"
            },
            "child_frame_id": "polhemus_station_0",
            "transform": {
                "translation": {
                    "x": 0.04720091447234154,
                    "y": -0.07204485684633255,
                    "z": 0.14038735628128052
                },
                "rotation": {
                    "x": -0.2346574366092682,
                    "y": -0.5791115760803223,
                    "z": -0.14956894516944885,
                    "w": 0.7662862539291382
                }
            }
        },
        {
            "header": {
                "seq": 0,
                "stamp": {
                    "secs": 1687317999,
                    "nsecs": 372151727
                },
                "frame_id": "polhemus_base_0"
            },
            "child_frame_id": "polhemus_station_1",
            "transform": {
                "translation": {
                    "x": 0.1354047954082489,
                    "y": -0.023892538622021675,
                    "z": 0.05097941309213638
                },
                "rotation": {
                    "x": 0.0859006941318512,
                    "y": -0.28736352920532227,
                    "z": 0.1032916009426117,
                    "w": 0.9483532905578613
                }
            }
        },
        {
            "header": {
                "seq": 0,
                "stamp": {
                    "secs": 1687317999,
                    "nsecs": 372151727
                },
                "frame_id": "polhemus_base_0"
            },
            "child_frame_id": "polhemus_station_2",
            "transform": {
                "translation": {
                    "x": 0.14387200772762299,
                    "y": -0.013112944550812244,
                    "z": 0.06159847974777222
                },
                "rotation": {
                    "x": 0.029432374984025955,
                    "y": -0.4146610498428345,
                    "z": -0.13932712376117706,
                    "w": 0.8987645506858826
                }
            }
        },
        {
            "header": {
                "seq": 0,
                "stamp": {
                    "secs": 1687317999,
                    "nsecs": 372151727
                },
                "frame_id": "polhemus_base_0"
            },
            "child_frame_id": "polhemus_station_3",
            "transform": {
                "translation": {
                    "x": 0.12254136055707932,
                    "y": 0.0450625941157341,
                    "z": 0.04206005111336708
                },
                "rotation": {
                    "x": -0.22249609231948853,
                    "y": -0.3532547354698181,
                    "z": -0.09344124794006348,
                    "w": 0.9038667678833008
                }
            }
        },
        {
            "header": {
                "seq": 0,
                "stamp": {
                    "secs": 1687317999,
                    "nsecs": 372151727
                },
                "frame_id": "polhemus_base_0"
            },
            "child_frame_id": "polhemus_station_4",
            "transform": {
                "translation": {
                    "x": 0.13664403557777405,
                    "y": 0.06259602308273315,
                    "z": 0.047048524022102356
                },
                "rotation": {
                    "x": 0.40263909101486206,
                    "y": 0.25096970796585083,
                    "z": 0.21196135878562927,
                    "w": -0.8543819189071655
                }
            }
        },
        {
            "header": {
                "seq": 0,
                "stamp": {
                    "secs": 1687317999,
                    "nsecs": 372151727
                },
                "frame_id": "polhemus_base_0"
            },
            "child_frame_id": "polhemus_station_5",
            "transform": {
                "translation": {
                    "x": 0.18843451142311096,
                    "y": 0.053649675101041794,
                    "z": 0.009688882157206535
                },
                "rotation": {
                    "x": 0.2758219242095947,
                    "y": -0.3051314949989319,
                    "z": 0.07776682078838348,
                    "w": -0.9081680774688721
                }
            }
        }
    ]
}