{
    "transforms": [
        {
            "header": {
                "seq": 0,
                "stamp": {
                    "secs": 1687317998,
                    "nsecs": 359579978
                },
                "frame_id": "ra_base"
            },
            "child_frame_id": "ra_tool0_controller",
            "transform": {
                "translation": {
                    "x": -0.6760692629639601,
                    "y": -0.09154594775912657,
                    "z": 0.6376611170605448
                },
                "rotation": {
                    "x": -0.5027848022125958,
                    "y": -0.5053196119665774,
                    "z": 0.4962612875305827,
                    "w": 0.4955645940989702
                }
            }
        }
    ]
}