{
    "transforms": [
        {
            "header": {
                "seq": 0,
                "stamp": {
                    "secs": 1687318024,
                    "nsecs": 845184906
                },
                "frame_id": "ra_base"
            },
            "child_frame_id": "ra_tool0_controller",
            "transform": {
                "translation": {
                    "x": -0.6728420360846246,
                    "y": -0.7293863967901041,
                    "z": 0.6299348702109493
                },
                "rotation": {
                    "x": -0.49073705102542425,
                    "y": -0.5021633629060172,
                    "z": 0.5050037248849956,
                    "w": 0.5019764352617258
                }
            }
        }
    ]
}