{
    "transforms": [
        {
            "header": {
                "seq": 0,
                "stamp": {
                    "secs": 1687318026,
                    "nsecs": 473184906
                },
                "frame_id": "ra_base"
            },
            "child_frame_id": "ra_tool0_controller",
            "transform": {
                "translation": {
                    "x": -0.6728352003706716,
                    "y": -0.7293961203959201,
                    "z": 0.6299555977572204
                },
                "rotation": {
                    "x": -0.490739816581062,
                    "y": -0.5021476367658889,
                    "z": 0.5050254756293758,
                    "w": 0.501967580903131
                }
            }
        }
    ]
}