{
    "transforms": [
        {
            "header": {
                "seq": 0,
                "stamp": {
                    "secs": 1687318009,
                    "nsecs": 988823537
                },
                "frame_id": "polhemus_base_0"
            },
            "child_frame_id": "polhemus_station_0",
            "transform": {
                "translation": {
                    "x": 0.04662260413169861,
                    "y": -0.07127653062343597,
                    "z": 0.14085789024829865
                },
                "rotation": {
                    "x": -0.23958361148834229,
                    "y": -0.5811793804168701,
                    "z": -0.14911028742790222,
                    "w": 0.7632800936698914
                }
            }
        },
        {
            "header": {
                "seq": 0,
                "stamp": {
                    "secs": 1687318009,
                    "nsecs": 988823537
                },
                "frame_id": "polhemus_base_0"
            },
            "child_frame_id": "polhemus_station_1",
            "transform": {
                "translation": {
                    "x": 0.13559454679489136,
                    "y": -0.024163642898201942,
                    "z": 0.05075256898999214
                },
                "rotation": {
                    "x": 0.08785078674554825,
                    "y": -0.2859525680541992,
                    "z": 0.10221818089485168,
                    "w": 0.9487172961235046
                }
            }
        },
        {
            "header": {
                "seq": 0,
                "stamp": {
                    "secs": 1687318009,
                    "nsecs": 988823537
                },
                "frame_id": "polhemus_base_0"
            },
            "child_frame_id": "polhemus_station_2",
            "transform": {
                "translation": {
                    "x": 0.14410759508609772,
                    "y": -0.013477090746164322,
                    "z": 0.061391521245241165
                },
                "rotation": {
                    "x": 0.03124699741601944,
                    "y": -0.4128633439540863,
                    "z": -0.14071343839168549,
                    "w": 0.8993148803710938
                }
            }
        },
        {
            "header": {
                "seq": 0,
                "stamp": {
                    "secs": 1687318009,
                    "nsecs": 988823537
                },
                "frame_id": "polhemus_base_0"
            },
            "child_frame_id": "polhemus_station_3",
            "transform": {
                "translation": {
                    "x": 0.12301154434680939,
                    "y": 0.044494908303022385,
                    "z": 0.040941301733255386
                },
                "rotation": {
                    "x": -0.22090907394886017,
                    "y": -0.34834396839141846,
                    "z": -0.09515468031167984,
                    "w": 0.9059807062149048
                }
            }
        },
        {
            "header": {
                "seq": 0,
                "stamp": {
                    "secs": 1687318009,
                    "nsecs": 988823537
                },
                "frame_id": "polhemus_base_0"
            },
            "child_frame_id": "polhemus_station_4",
            "transform": {
                "translation": {
                    "x": 0.13772337138652802,
                    "y": 0.06164005398750305,
                    "z": 0.04603801667690277
                },
                "rotation": {
                    "x": 0.41200143098831177,
                    "y": 0.24521228671073914,
                    "z": 0.21848952770233154,
                    "w": -0.8499341011047363
                }
            }
        },
        {
            "header": {
                "seq": 0,
                "stamp": {
                    "secs": 1687318009,
                    "nsecs": 988823537
                },
                "frame_id": "polhemus_base_0"
            },
            "child_frame_id": "polhemus_station_5",
            "transform": {
                "translation": {
                    "x": 0.18835367262363434,
                    "y": 0.052597057074308395,
                    "z": 0.009474915452301502
                },
                "rotation": {
                    "x": 0.2788487374782562,
                    "y": -0.3061302900314331,
                    "z": 0.08266390860080719,
                    "w": -0.9064735770225525
                }
            }
        }
    ]
}