{
    "transforms": [
        {
            "header": {
                "seq": 0,
                "stamp": {
                    "secs": 1687318000,
                    "nsecs": 87579978
                },
                "frame_id": "ra_base"
            },
            "child_frame_id": "ra_tool0_controller",
            "transform": {
                "translation": {
                    "x": -0.676067655491746,
                    "y": -0.09154293388670441,
                    "z": 0.6376192663426964
                },
                "rotation": {
                    "x": -0.5028242406708444,
                    "y": -0.5053251045668977,
                    "z": 0.49623355204237596,
                    "w": 0.49554675209877924
                }
            }
        }
    ]
}