{
    "transforms": [
        {
            "header": {
                "seq": 0,
                "stamp": {
                    "secs": 1687318019,
                    "nsecs": 537184906
                },
                "frame_id": "ra_base"
            },
            "child_frame_id": "ra_tool0_controller",
            "transform": {
                "translation": {
                    "x": -0.6728382459191188,
                    "y": -0.7293834533244942,
                    "z": 0.629944980357743
                },
                "rotation": {
                    "x": -0.490742227213822,
                    "y": -0.5021655835898393,
                    "z": 0.5050035269732747,
                    "w": 0.5019693524824465
                }
            }
        }
    ]
}