{
    "transforms": [
        {
            "header": {
                "seq": 0,
                "stamp": {
                    "secs": 1687318018,
                    "nsecs": 172111394
                },
                "frame_id": "polhemus_base_0"
            },
            "child_frame_id": "polhemus_station_0",
            "transform": {
                "translation": {
                    "x": 0.04595278203487396,
                    "y": -0.07054398953914642,
                    "z": 0.1413157880306244
                },
                "rotation": {
                    "x": -0.2431146502494812,
                    "y": -0.5837348103523254,
                    "z": -0.14855636656284332,
                    "w": 0.7603155374526978
                }
            }
        },
        {
            "header": {
                "seq": 0,
                "stamp": {
                    "secs": 1687318018,
                    "nsecs": 172111394
                },
                "frame_id": "polhemus_base_0"
            },
            "child_frame_id": "polhemus_station_1",
            "transform": {
                "translation": {
                    "x": 0.13559019565582275,
                    "y": -0.02408234030008316,
                    "z": 0.05078026279807091
                },
                "rotation": {
                    "x": 0.08815097063779831,
                    "y": -0.28576192259788513,
                    "z": 0.10270749032497406,
                    "w": 0.948694109916687
                }
            }
        },
        {
            "header": {
                "seq": 0,
                "stamp": {
                    "secs": 1687318018,
                    "nsecs": 172111394
                },
                "frame_id": "polhemus_base_0"
            },
            "child_frame_id": "polhemus_station_2",
            "transform": {
                "translation": {
                    "x": 0.14408278465270996,
                    "y": -0.013372947461903095,
                    "z": 0.06141836941242218
                },
                "rotation": {
                    "x": 0.03033538907766342,
                    "y": -0.41275468468666077,
                    "z": -0.13957124948501587,
                    "w": 0.8995739221572876
                }
            }
        },
        {
            "header": {
                "seq": 0,
                "stamp": {
                    "secs": 1687318018,
                    "nsecs": 172111394
                },
                "frame_id": "polhemus_base_0"
            },
            "child_frame_id": "polhemus_station_3",
            "transform": {
                "translation": {
                    "x": 0.1232726201415062,
                    "y": 0.04444455727934837,
                    "z": 0.04053528234362602
                },
                "rotation": {
                    "x": -0.2201424241065979,
                    "y": -0.3460272252559662,
                    "z": -0.09632273763418198,
                    "w": 0.9069311618804932
                }
            }
        },
        {
            "header": {
                "seq": 0,
                "stamp": {
                    "secs": 1687318018,
                    "nsecs": 172111394
                },
                "frame_id": "polhemus_base_0"
            },
            "child_frame_id": "polhemus_station_4",
            "transform": {
                "translation": {
                    "x": 0.13807615637779236,
                    "y": 0.06146642193198204,
                    "z": 0.04558110237121582
                },
                "rotation": {
                    "x": 0.41818368434906006,
                    "y": 0.2452867180109024,
                    "z": 0.21964898705482483,
                    "w": -0.8465878963470459
                }
            }
        },
        {
            "header": {
                "seq": 0,
                "stamp": {
                    "secs": 1687318018,
                    "nsecs": 172111394
                },
                "frame_id": "polhemus_base_0"
            },
            "child_frame_id": "polhemus_station_5",
            "transform": {
                "translation": {
                    "x": 0.18832364678382874,
                    "y": 0.052152276039123535,
                    "z": 0.009285124950110912
                },
                "rotation": {
                    "x": 0.2819792330265045,
                    "y": -0.30647581815719604,
                    "z": 0.08515119552612305,
                    "w": -0.905157208442688
                }
            }
        }
    ]
}