{
    "transforms": [
        {
            "header": {
                "seq": 0,
                "stamp": {
                    "secs": 1687318017,
                    "nsecs": 183184906
                },
                "frame_id": "ra_base"
            },
            "child_frame_id": "ra_tool0_controller",
            "transform": {
                "translation": {
                    "x": -0.6728600277818267,
                    "y": -0.7293871088161965,
                    "z": 0.6299172633476698
                },
                "rotation": {
                    "x": -0.4907412855009827,
                    "y": -0.5021664625876554,
                    "z": 0.5049967321709861,
                    "w": 0.5019762295703546
                }
            }
        }
    ]
}