{
    "transforms": [
        {
            "header": {
                "seq": 0,
                "stamp": {
                    "secs": 1687318020,
                    "nsecs": 938792394
                },
                "frame_id": "polhemus_base_0"
            },
            "child_frame_id": "polhemus_station_0",
            "transform": {
                "translation": {
                    "x": 0.04549577087163925,
                    "y": -0.07029754668474197,
                    "z": 0.1414366066455841
                },
                "rotation": {
                    "x": -0.2441817820072174,
                    "y": -0.5857218503952026,
                    "z": -0.14800970256328583,
                    "w": 0.7585500478744507
                }
            }
        },
        {
            "header": {
                "seq": 0,
                "stamp": {
                    "secs": 1687318020,
                    "nsecs": 938792394
                },
                "frame_id": "polhemus_base_0"
            },
            "child_frame_id": "polhemus_station_1",
            "transform": {
                "translation": {
                    "x": 0.13558605313301086,
                    "y": -0.02401038259267807,
                    "z": 0.05080583691596985
                },
                "rotation": {
                    "x": 0.08822090178728104,
                    "y": -0.28571754693984985,
                    "z": 0.10304289311170578,
                    "w": 0.948664665222168
                }
            }
        },
        {
            "header": {
                "seq": 0,
                "stamp": {
                    "secs": 1687318020,
                    "nsecs": 938792394
                },
                "frame_id": "polhemus_base_0"
            },
            "child_frame_id": "polhemus_station_2",
            "transform": {
                "translation": {
                    "x": 0.1440487653017044,
                    "y": -0.013278704136610031,
                    "z": 0.061478257179260254
                },
                "rotation": {
                    "x": 0.03048955649137497,
                    "y": -0.4130334258079529,
                    "z": -0.13877682387828827,
                    "w": 0.899563729763031
                }
            }
        },
        {
            "header": {
                "seq": 0,
                "stamp": {
                    "secs": 1687318020,
                    "nsecs": 938792394
                },
                "frame_id": "polhemus_base_0"
            },
            "child_frame_id": "polhemus_station_3",
            "transform": {
                "translation": {
                    "x": 0.12331781536340714,
                    "y": 0.04447254166007042,
                    "z": 0.04045587405562401
                },
                "rotation": {
                    "x": -0.22078964114189148,
                    "y": -0.3457910120487213,
                    "z": -0.09646499902009964,
                    "w": 0.9068487882614136
                }
            }
        },
        {
            "header": {
                "seq": 0,
                "stamp": {
                    "secs": 1687318020,
                    "nsecs": 938792394
                },
                "frame_id": "polhemus_base_0"
            },
            "child_frame_id": "polhemus_station_4",
            "transform": {
                "translation": {
                    "x": 0.13814657926559448,
                    "y": 0.061489399522542953,
                    "z": 0.04546801373362541
                },
                "rotation": {
                    "x": 0.42004698514938354,
                    "y": 0.2457205057144165,
                    "z": 0.21942830085754395,
                    "w": -0.8455963730812073
                }
            }
        },
        {
            "header": {
                "seq": 0,
                "stamp": {
                    "secs": 1687318020,
                    "nsecs": 938792394
                },
                "frame_id": "polhemus_base_0"
            },
            "child_frame_id": "polhemus_station_5",
            "transform": {
                "translation": {
                    "x": 0.18831294775009155,
                    "y": 0.05202477425336838,
                    "z": 0.009256470948457718
                },
                "rotation": {
                    "x": 0.28298306465148926,
                    "y": -0.3061826229095459,
                    "z": 0.08609189093112946,
                    "w": -0.9048541188240051
                }
            }
        }
    ]
}