{
    "transforms": [
        {
            "header": {
                "seq": 0,
                "stamp": {
                    "secs": 1687318023,
                    "nsecs": 261184906
                },
                "frame_id": "ra_base"
            },
            "child_frame_id": "ra_tool0_controller",
            "transform": {
                "translation": {
                    "x": -0.6728411662810767,
                    "y": -0.7293780466667762,
                    "z": 0.6299489138812374
                },
                "rotation": {
                    "x": -0.49074148214401386,
                    "y": -0.5021621079819782,
                    "z": 0.5050095923011135,
                    "w": 0.5019674558116848
                }
            }
        }
    ]
}