{
    "transforms": [
        {
            "header": {
                "seq": 0,
                "stamp": {
                    "secs": 1687318024,
                    "nsecs": 167184906
                },
                "frame_id": "ra_base"
            },
            "child_frame_id": "ra_tool0_controller",
            "transform": {
                "translation": {
                    "x": -0.6728376959844203,
                    "y": -0.7293844246621756,
                    "z": 0.6299463375883526
                },
                "rotation": {
                    "x": -0.49073540128397464,
                    "y": -0.5021617651446604,
                    "z": 0.5050133735087987,
                    "w": 0.5019699394692053
                }
            }
        }
    ]
}