{
    "transforms": [
        {
            "header": {
                "seq": 0,
                "stamp": {
                    "secs": 1687318026,
                    "nsecs": 393184906
                },
                "frame_id": "ra_base"
            },
            "child_frame_id": "ra_tool0_controller",
            "transform": {
                "translation": {
                    "x": -0.6728597531262052,
                    "y": -0.7293775541964693,
                    "z": 0.6299322458457003
                },
                "rotation": {
                    "x": -0.4907451875163877,
                    "y": -0.5021629168453522,
                    "z": 0.5049967835550461,
                    "w": 0.501975910252605
                }
            }
        }
    ]
}