{
    "transforms": [
        {
            "header": {
                "seq": 0,
                "stamp": {
                    "secs": 1687318017,
                    "nsecs": 753184906
                },
                "frame_id": "ra_base"
            },
            "child_frame_id": "ra_tool0_controller",
            "transform": {
                "translation": {
                    "x": -0.6728384748586143,
                    "y": -0.729390036783799,
                    "z": 0.6299477683594672
                },
                "rotation": {
                    "x": -0.4907308653751438,
                    "y": -0.5021649486394365,
                    "z": 0.5050135712876821,
                    "w": 0.5019709901392468
                }
            }
        }
    ]
}