{
    "transforms": [
        {
            "header": {
                "seq": 0,
                "stamp": {
                    "secs": 1687318009,
                    "nsecs": 872145135
                },
                "frame_id": "polhemus_base_0"
            },
            "child_frame_id": "polhemus_station_0",
            "transform": {
                "translation": {
                    "x": 0.04663688689470291,
                    "y": -0.07127517461776733,
                    "z": 0.14085309207439423
                },
                "rotation": {
                    "x": -0.2395395189523697,
                    "y": -0.5811472535133362,
                    "z": -0.14904579520225525,
                    "w": 0.7633309364318848
                }
            }
        },
        {
            "header": {
                "seq": 0,
                "stamp": {
                    "secs": 1687318009,
                    "nsecs": 872145135
                },
                "frame_id": "polhemus_base_0"
            },
            "child_frame_id": "polhemus_station_1",
            "transform": {
                "translation": {
                    "x": 0.1355961263179779,
                    "y": -0.024163400754332542,
                    "z": 0.05074761435389519
                },
                "rotation": {
                    "x": 0.08778907358646393,
                    "y": -0.28592920303344727,
                    "z": 0.10220406949520111,
                    "w": 0.9487316608428955
                }
            }
        },
        {
            "header": {
                "seq": 0,
                "stamp": {
                    "secs": 1687318009,
                    "nsecs": 872145135
                },
                "frame_id": "polhemus_base_0"
            },
            "child_frame_id": "polhemus_station_2",
            "transform": {
                "translation": {
                    "x": 0.14410561323165894,
                    "y": -0.013476529158651829,
                    "z": 0.06139488145709038
                },
                "rotation": {
                    "x": 0.031277261674404144,
                    "y": -0.412888765335083,
                    "z": -0.14072614908218384,
                    "w": 0.8993001580238342
                }
            }
        },
        {
            "header": {
                "seq": 0,
                "stamp": {
                    "secs": 1687318009,
                    "nsecs": 872145135
                },
                "frame_id": "polhemus_base_0"
            },
            "child_frame_id": "polhemus_station_3",
            "transform": {
                "translation": {
                    "x": 0.12300776690244675,
                    "y": 0.044493891298770905,
                    "z": 0.0409507118165493
                },
                "rotation": {
                    "x": -0.2208928018808365,
                    "y": -0.34838366508483887,
                    "z": -0.09515964239835739,
                    "w": 0.9059689044952393
                }
            }
        },
        {
            "header": {
                "seq": 0,
                "stamp": {
                    "secs": 1687318009,
                    "nsecs": 872145135
                },
                "frame_id": "polhemus_base_0"
            },
            "child_frame_id": "polhemus_station_4",
            "transform": {
                "translation": {
                    "x": 0.13773198425769806,
                    "y": 0.06163477525115013,
                    "z": 0.04601756110787392
                },
                "rotation": {
                    "x": 0.4119826555252075,
                    "y": 0.2450762391090393,
                    "z": 0.21848216652870178,
                    "w": -0.8499844074249268
                }
            }
        },
        {
            "header": {
                "seq": 0,
                "stamp": {
                    "secs": 1687318009,
                    "nsecs": 872145135
                },
                "frame_id": "polhemus_base_0"
            },
            "child_frame_id": "polhemus_station_5",
            "transform": {
                "translation": {
                    "x": 0.18835631012916565,
                    "y": 0.05261048674583435,
                    "z": 0.009508534334599972
                },
                "rotation": {
                    "x": 0.2788086235523224,
                    "y": -0.3060114085674286,
                    "z": 0.08266900479793549,
                    "w": -0.9065255522727966
                }
            }
        }
    ]
}