{
    "transforms": [
        {
            "header": {
                "seq": 0,
                "stamp": {
                    "secs": 1687318022,
                    "nsecs": 405184906
                },
                "frame_id": "ra_base"
            },
            "child_frame_id": "ra_tool0_controller",
            "transform": {
                "translation": {
                    "x": -0.6728299377103015,
                    "y": -0.7293913916837195,
                    "z": 0.629954491286707
                },
                "rotation": {
                    "x": -0.4907353316490329,
                    "y": -0.5021560614037698,
                    "z": 0.5050168624193596,
                    "w": 0.5019722033528081
                }
            }
        }
    ]
}