{
    "transforms": [
        {
            "header": {
                "seq": 0,
                "stamp": {
                    "secs": 1687318014,
                    "nsecs": 297186174
                },
                "frame_id": "polhemus_base_0"
            },
            "child_frame_id": "polhemus_station_0",
            "transform": {
                "translation": {
                    "x": 0.04605654999613762,
                    "y": -0.0708116888999939,
                    "z": 0.14113271236419678
                },
                "rotation": {
                    "x": -0.24165664613246918,
                    "y": -0.583500325679779,
                    "z": -0.148392915725708,
                    "w": 0.7609920501708984
                }
            }
        },
        {
            "header": {
                "seq": 0,
                "stamp": {
                    "secs": 1687318014,
                    "nsecs": 297186174
                },
                "frame_id": "polhemus_base_0"
            },
            "child_frame_id": "polhemus_station_1",
            "transform": {
                "translation": {
                    "x": 0.1355726569890976,
                    "y": -0.024108033627271652,
                    "z": 0.050770606845617294
                },
                "rotation": {
                    "x": 0.08807404339313507,
                    "y": -0.2859559655189514,
                    "z": 0.10259167104959488,
                    "w": 0.9486553072929382
                }
            }
        },
        {
            "header": {
                "seq": 0,
                "stamp": {
                    "secs": 1687318014,
                    "nsecs": 297186174
                },
                "frame_id": "polhemus_base_0"
            },
            "child_frame_id": "polhemus_station_2",
            "transform": {
                "translation": {
                    "x": 0.1440620720386505,
                    "y": -0.013399947434663773,
                    "z": 0.06142176687717438
                },
                "rotation": {
                    "x": 0.0309169702231884,
                    "y": -0.412980318069458,
                    "z": -0.1399640291929245,
                    "w": 0.8993895649909973
                }
            }
        },
        {
            "header": {
                "seq": 0,
                "stamp": {
                    "secs": 1687318014,
                    "nsecs": 297186174
                },
                "frame_id": "polhemus_base_0"
            },
            "child_frame_id": "polhemus_station_3",
            "transform": {
                "translation": {
                    "x": 0.1231621727347374,
                    "y": 0.04448677599430084,
                    "z": 0.04067697003483772
                },
                "rotation": {
                    "x": -0.22004446387290955,
                    "y": -0.34686005115509033,
                    "z": -0.09561135619878769,
                    "w": 0.9067120552062988
                }
            }
        },
        {
            "header": {
                "seq": 0,
                "stamp": {
                    "secs": 1687318014,
                    "nsecs": 297186174
                },
                "frame_id": "polhemus_base_0"
            },
            "child_frame_id": "polhemus_station_4",
            "transform": {
                "translation": {
                    "x": 0.137937530875206,
                    "y": 0.0615420863032341,
                    "z": 0.04574784263968468
                },
                "rotation": {
                    "x": 0.4158920645713806,
                    "y": 0.24533003568649292,
                    "z": 0.21896670758724213,
                    "w": -0.8478800058364868
                }
            }
        },
        {
            "header": {
                "seq": 0,
                "stamp": {
                    "secs": 1687318014,
                    "nsecs": 297186174
                },
                "frame_id": "polhemus_base_0"
            },
            "child_frame_id": "polhemus_station_5",
            "transform": {
                "translation": {
                    "x": 0.18832990527153015,
                    "y": 0.05237193405628204,
                    "z": 0.00935380905866623
                },
                "rotation": {
                    "x": 0.2812368869781494,
                    "y": -0.3061748743057251,
                    "z": 0.08417966961860657,
                    "w": -0.9055807590484619
                }
            }
        }
    ]
}