{
    "transforms": [
        {
            "header": {
                "seq": 0,
                "stamp": {
                    "secs": 1687318001,
                    "nsecs": 147579978
                },
                "frame_id": "ra_base"
            },
            "child_frame_id": "ra_tool0_controller",
            "transform": {
                "translation": {
                    "x": -0.6760744407197317,
                    "y": -0.09154721807574984,
                    "z": 0.6376463903757296
                },
                "rotation": {
                    "x": -0.5028039536875047,
                    "y": -0.5053207615397591,
                    "z": 0.49624851157007505,
                    "w": 0.49555678471551223
                }
            }
        }
    ]
}