{
    "transforms": [
        {
            "header": {
                "seq": 0,
                "stamp": {
                    "secs": 1687318016,
                    "nsecs": 822162235
                },
                "frame_id": "polhemus_base_0"
            },
            "child_frame_id": "polhemus_station_0",
            "transform": {
                "translation": {
                    "x": 0.04594837874174118,
                    "y": -0.07061529159545898,
                    "z": 0.1412781924009323
                },
                "rotation": {
                    "x": -0.24267035722732544,
                    "y": -0.5838881731033325,
                    "z": -0.14854493737220764,
                    "w": 0.760342001914978
                }
            }
        },
        {
            "header": {
                "seq": 0,
                "stamp": {
                    "secs": 1687318016,
                    "nsecs": 822162235
                },
                "frame_id": "polhemus_base_0"
            },
            "child_frame_id": "polhemus_station_1",
            "transform": {
                "translation": {
                    "x": 0.13557188212871552,
                    "y": -0.02406972460448742,
                    "z": 0.05080282688140869
                },
                "rotation": {
                    "x": 0.08804398775100708,
                    "y": -0.28597021102905273,
                    "z": 0.10280526429414749,
                    "w": 0.948630690574646
                }
            }
        },
        {
            "header": {
                "seq": 0,
                "stamp": {
                    "secs": 1687318016,
                    "nsecs": 822162235
                },
                "frame_id": "polhemus_base_0"
            },
            "child_frame_id": "polhemus_station_2",
            "transform": {
                "translation": {
                    "x": 0.144068643450737,
                    "y": -0.013374757021665573,
                    "z": 0.06142734736204147
                },
                "rotation": {
                    "x": 0.030424952507019043,
                    "y": -0.412911981344223,
                    "z": -0.13966959714889526,
                    "w": 0.8994834423065186
                }
            }
        },
        {
            "header": {
                "seq": 0,
                "stamp": {
                    "secs": 1687318016,
                    "nsecs": 822162235
                },
                "frame_id": "polhemus_base_0"
            },
            "child_frame_id": "polhemus_station_3",
            "transform": {
                "translation": {
                    "x": 0.12323448807001114,
                    "y": 0.04446539655327797,
                    "z": 0.04059069976210594
                },
                "rotation": {
                    "x": -0.22003549337387085,
                    "y": -0.3463779091835022,
                    "z": -0.09614408016204834,
                    "w": 0.9068422317504883
                }
            }
        },
        {
            "header": {
                "seq": 0,
                "stamp": {
                    "secs": 1687318016,
                    "nsecs": 822162235
                },
                "frame_id": "polhemus_base_0"
            },
            "child_frame_id": "polhemus_station_4",
            "transform": {
                "translation": {
                    "x": 0.138026624917984,
                    "y": 0.0614938884973526,
                    "z": 0.04565223678946495
                },
                "rotation": {
                    "x": 0.4173128306865692,
                    "y": 0.24548345804214478,
                    "z": 0.21940229833126068,
                    "w": -0.8470243811607361
                }
            }
        },
        {
            "header": {
                "seq": 0,
                "stamp": {
                    "secs": 1687318016,
                    "nsecs": 822162235
                },
                "frame_id": "polhemus_base_0"
            },
            "child_frame_id": "polhemus_station_5",
            "transform": {
                "translation": {
                    "x": 0.188335582613945,
                    "y": 0.05218483507633209,
                    "z": 0.009355953894555569
                },
                "rotation": {
                    "x": 0.28141191601753235,
                    "y": -0.3061313331127167,
                    "z": 0.08506304025650024,
                    "w": -0.9054586291313171
                }
            }
        }
    ]
}