{
    "transforms": [
        {
            "header": {
                "seq": 0,
                "stamp": {
                    "secs": 1687318012,
                    "nsecs": 697184906
                },
                "frame_id": "ra_base"
            },
            "child_frame_id": "ra_tool0_controller",
            "transform": {
                "translation": {
                    "x": -0.6728076615535131,
                    "y": -0.729356165782589,
                    "z": 0.629994047632872
                },
                "rotation": {
                    "x": -0.49076123281873596,
                    "y": -0.5021380974563654,
                    "z": 0.5049873820535359,
                    "w": 0.5019945093443278
                }
            }
        }
    ]
}