{
    "transforms": [
        {
            "header": {
                "seq": 0,
                "stamp": {
                    "secs": 1687318024,
                    "nsecs": 35184906
                },
                "frame_id": "ra_base"
            },
            "child_frame_id": "ra_tool0_controller",
            "transform": {
                "translation": {
                    "x": -0.6728272709901651,
                    "y": -0.7293962340069253,
                    "z": 0.629935983481005
                },
                "rotation": {
                    "x": -0.49074484859346545,
                    "y": -0.5021590523373873,
                    "z": 0.5050082182730994,
                    "w": 0.5019686038102616
                }
            }
        }
    ]
}