{
    "transforms": [
        {
            "header": {
                "seq": 0,
                "stamp": {
                    "secs": 1687318020,
                    "nsecs": 223184906
                },
                "frame_id": "ra_base"
            },
            "child_frame_id": "ra_tool0_controller",
            "transform": {
                "translation": {
                    "x": -0.672842433067371,
                    "y": -0.7293871654216857,
                    "z": 0.6299104403006621
                },
                "rotation": {
                    "x": -0.49073951775965396,
                    "y": -0.5021883038215709,
                    "z": 0.50498095786988,
                    "w": 0.5019719767105076
                }
            }
        }
    ]
}