{
    "transforms": [
        {
            "header": {
                "seq": 0,
                "stamp": {
                    "secs": 1687318003,
                    "nsecs": 897579978
                },
                "frame_id": "ra_base"
            },
            "child_frame_id": "ra_tool0_controller",
            "transform": {
                "translation": {
                    "x": -0.6760744444792034,
                    "y": -0.09155430283206624,
                    "z": 0.6376425951918254
                },
                "rotation": {
                    "x": -0.5027974592872818,
                    "y": -0.5053236257431235,
                    "z": 0.49626048075447254,
                    "w": 0.4955484672980208
                }
            }
        }
    ]
}