{
    "transforms": [
        {
            "header": {
                "seq": 0,
                "stamp": {
                    "secs": 1687318023,
                    "nsecs": 730484034
                },
                "frame_id": "polhemus_base_0"
            },
            "child_frame_id": "polhemus_station_0",
            "transform": {
                "translation": {
                    "x": 0.04530217498540878,
                    "y": -0.0701344683766365,
                    "z": 0.1415453851222992
                },
                "rotation": {
                    "x": -0.24522604048252106,
                    "y": -0.5863823294639587,
                    "z": -0.1482246220111847,
                    "w": 0.7576605081558228
                }
            }
        },
        {
            "header": {
                "seq": 0,
                "stamp": {
                    "secs": 1687318023,
                    "nsecs": 730484034
                },
                "frame_id": "polhemus_base_0"
            },
            "child_frame_id": "polhemus_station_1",
            "transform": {
                "translation": {
                    "x": 0.1355929672718048,
                    "y": -0.023992111906409264,
                    "z": 0.05082723870873451
                },
                "rotation": {
                    "x": 0.08836714923381805,
                    "y": -0.28567641973495483,
                    "z": 0.10315443575382233,
                    "w": 0.9486513733863831
                }
            }
        },
        {
            "header": {
                "seq": 0,
                "stamp": {
                    "secs": 1687318023,
                    "nsecs": 730484034
                },
                "frame_id": "polhemus_base_0"
            },
            "child_frame_id": "polhemus_station_2",
            "transform": {
                "translation": {
                    "x": 0.14404720067977905,
                    "y": -0.013252467848360538,
                    "z": 0.061498526483774185
                },
                "rotation": {
                    "x": 0.030361196026206017,
                    "y": -0.41297754645347595,
                    "z": -0.13852238655090332,
                    "w": 0.8996329307556152
                }
            }
        },
        {
            "header": {
                "seq": 0,
                "stamp": {
                    "secs": 1687318023,
                    "nsecs": 730484034
                },
                "frame_id": "polhemus_base_0"
            },
            "child_frame_id": "polhemus_station_3",
            "transform": {
                "translation": {
                    "x": 0.12338492274284363,
                    "y": 0.04451603814959526,
                    "z": 0.0404062494635582
                },
                "rotation": {
                    "x": -0.22198057174682617,
                    "y": -0.3453556299209595,
                    "z": -0.09697975218296051,
                    "w": 0.9066690802574158
                }
            }
        },
        {
            "header": {
                "seq": 0,
                "stamp": {
                    "secs": 1687318023,
                    "nsecs": 730484034
                },
                "frame_id": "polhemus_base_0"
            },
            "child_frame_id": "polhemus_station_4",
            "transform": {
                "translation": {
                    "x": 0.13826431334018707,
                    "y": 0.061501387506723404,
                    "z": 0.045370422303676605
                },
                "rotation": {
                    "x": 0.4221634566783905,
                    "y": 0.24529200792312622,
                    "z": 0.22013336420059204,
                    "w": -0.8444827198982239
                }
            }
        },
        {
            "header": {
                "seq": 0,
                "stamp": {
                    "secs": 1687318023,
                    "nsecs": 730484034
                },
                "frame_id": "polhemus_base_0"
            },
            "child_frame_id": "polhemus_station_5",
            "transform": {
                "translation": {
                    "x": 0.188307523727417,
                    "y": 0.051940254867076874,
                    "z": 0.009292387403547764
                },
                "rotation": {
                    "x": 0.28324684500694275,
                    "y": -0.30580222606658936,
                    "z": 0.08672608435153961,
                    "w": -0.9048396944999695
                }
            }
        }
    ]
}