{
    "transforms": [
        {
            "header": {
                "seq": 0,
                "stamp": {
                    "secs": 1687318007,
                    "nsecs": 455442433
                },
                "frame_id": "polhemus_base_0"
            },
            "child_frame_id": "polhemus_station_0",
            "transform": {
                "translation": {
                    "x": 0.04663703218102455,
                    "y": -0.07147200405597687,
                    "z": 0.14075897634029388
                },
                "rotation": {
                    "x": -0.23835177719593048,
                    "y": -0.5812118649482727,
                    "z": -0.14924800395965576,
                    "w": 0.7636139392852783
                }
            }
        },
        {
            "header": {
                "seq": 0,
                "stamp": {
                    "secs": 1687318007,
                    "nsecs": 455442433
                },
                "frame_id": "polhemus_base_0"
            },
            "child_frame_id": "polhemus_station_1",
            "transform": {
                "translation": {
                    "x": 0.1355753391981125,
                    "y": -0.024140477180480957,
                    "z": 0.05075667053461075
                },
                "rotation": {
                    "x": 0.08766055107116699,
                    "y": -0.2859882116317749,
                    "z": 0.10228727757930756,
                    "w": 0.9487168192863464
                }
            }
        },
        {
            "header": {
                "seq": 0,
                "stamp": {
                    "secs": 1687318007,
                    "nsecs": 455442433
                },
                "frame_id": "polhemus_base_0"
            },
            "child_frame_id": "polhemus_station_2",
            "transform": {
                "translation": {
                    "x": 0.14407247304916382,
                    "y": -0.013439306989312172,
                    "z": 0.061414703726768494
                },
                "rotation": {
                    "x": 0.03146198391914368,
                    "y": -0.4130980372428894,
                    "z": -0.1406000256538391,
                    "w": 0.8992173075675964
                }
            }
        },
        {
            "header": {
                "seq": 0,
                "stamp": {
                    "secs": 1687318007,
                    "nsecs": 455442433
                },
                "frame_id": "polhemus_base_0"
            },
            "child_frame_id": "polhemus_station_3",
            "transform": {
                "translation": {
                    "x": 0.1229441687464714,
                    "y": 0.04447253793478012,
                    "z": 0.04109421744942665
                },
                "rotation": {
                    "x": -0.22229477763175964,
                    "y": -0.34938615560531616,
                    "z": -0.09601294249296188,
                    "w": 0.9051494002342224
                }
            }
        },
        {
            "header": {
                "seq": 0,
                "stamp": {
                    "secs": 1687318007,
                    "nsecs": 455442433
                },
                "frame_id": "polhemus_base_0"
            },
            "child_frame_id": "polhemus_station_4",
            "transform": {
                "translation": {
                    "x": 0.13755130767822266,
                    "y": 0.06174829602241516,
                    "z": 0.046215470880270004
                },
                "rotation": {
                    "x": 0.4107459783554077,
                    "y": 0.2463170289993286,
                    "z": 0.21787334978580475,
                    "w": -0.8503804206848145
                }
            }
        },
        {
            "header": {
                "seq": 0,
                "stamp": {
                    "secs": 1687318007,
                    "nsecs": 455442433
                },
                "frame_id": "polhemus_base_0"
            },
            "child_frame_id": "polhemus_station_5",
            "transform": {
                "translation": {
                    "x": 0.1883387714624405,
                    "y": 0.05280464515089989,
                    "z": 0.009514215402305126
                },
                "rotation": {
                    "x": 0.27852198481559753,
                    "y": -0.30610764026641846,
                    "z": 0.0816129744052887,
                    "w": -0.9066767692565918
                }
            }
        }
    ]
}