{
    "transforms": [
        {
            "header": {
                "seq": 0,
                "stamp": {
                    "secs": 1687318014,
                    "nsecs": 95184906
                },
                "frame_id": "ra_base"
            },
            "child_frame_id": "ra_tool0_controller",
            "transform": {
                "translation": {
                    "x": -0.6728400404485763,
                    "y": -0.7294072307029684,
                    "z": 0.6299524324097737
                },
                "rotation": {
                    "x": -0.4907299687565604,
                    "y": -0.5021510532949217,
                    "z": 0.5050333329641186,
                    "w": 0.5019658853290132
                }
            }
        }
    ]
}