{
    "transforms": [
        {
            "header": {
                "seq": 0,
                "stamp": {
                    "secs": 1687318011,
                    "nsecs": 785184906
                },
                "frame_id": "ra_base"
            },
            "child_frame_id": "ra_tool0_controller",
            "transform": {
                "translation": {
                    "x": -0.6929495183375349,
                    "y": -0.6921666185599081,
                    "z": 0.635789526170097
                },
                "rotation": {
                    "x": -0.4909073564990182,
                    "y": -0.5024778266048139,
                    "z": 0.504409364750002,
                    "w": 0.5020928139877607
                }
            }
        }
    ]
}