{
    "transforms": [
        {
            "header": {
                "seq": 0,
                "stamp": {
                    "secs": 1687318020,
                    "nsecs": 361184906
                },
                "frame_id": "ra_base"
            },
            "child_frame_id": "ra_tool0_controller",
            "transform": {
                "translation": {
                    "x": -0.6728375855731974,
                    "y": -0.7294015851128827,
                    "z": 0.6299543390095206
                },
                "rotation": {
                    "x": -0.4907382718562784,
                    "y": -0.5021520462369524,
                    "z": 0.5050168472365265,
                    "w": 0.5019733608497905
                }
            }
        }
    ]
}