{
    "transforms": [
        {
            "header": {
                "seq": 0,
                "stamp": {
                    "secs": 1687318026,
                    "nsecs": 419184906
                },
                "frame_id": "ra_base"
            },
            "child_frame_id": "ra_tool0_controller",
            "transform": {
                "translation": {
                    "x": -0.6728385418853254,
                    "y": -0.7294041720139772,
                    "z": 0.6299411027254865
                },
                "rotation": {
                    "x": -0.4907372601640083,
                    "y": -0.502152793863112,
                    "z": 0.5050238806424122,
                    "w": 0.5019665258591177
                }
            }
        }
    ]
}