{
    "transforms": [
        {
            "header": {
                "seq": 0,
                "stamp": {
                    "secs": 1687318023,
                    "nsecs": 499184906
                },
                "frame_id": "ra_base"
            },
            "child_frame_id": "ra_tool0_controller",
            "transform": {
                "translation": {
                    "x": -0.6728406303322362,
                    "y": -0.729385147906584,
                    "z": 0.6299520265019869
                },
                "rotation": {
                    "x": -0.4907407200183607,
                    "y": -0.5021556673484951,
                    "z": 0.5050114171122582,
                    "w": 0.5019728080801961
                }
            }
        }
    ]
}