{
    "transforms": [
        {
            "header": {
                "seq": 0,
                "stamp": {
                    "secs": 1687318004,
                    "nsecs": 225579978
                },
                "frame_id": "ra_base"
            },
            "child_frame_id": "ra_tool0_controller",
            "transform": {
                "translation": {
                    "x": -0.6760829926195433,
                    "y": -0.09152838981145783,
                    "z": 0.63765929725864
                },
                "rotation": {
                    "x": -0.5028018216300048,
                    "y": -0.505307365345306,
                    "z": 0.4962425113845638,
                    "w": 0.4955786159511682
                }
            }
        }
    ]
}