{
    "transforms": [
        {
            "header": {
                "seq": 0,
                "stamp": {
                    "secs": 1687318025,
                    "nsecs": 391184906
                },
                "frame_id": "ra_base"
            },
            "child_frame_id": "ra_tool0_controller",
            "transform": {
                "translation": {
                    "x": -0.6728343324068493,
                    "y": -0.7294266805787805,
                    "z": 0.6299188824707709
                },
                "rotation": {
                    "x": -0.4907318747636755,
                    "y": -0.502170999250913,
                    "z": 0.5050196786040542,
                    "w": 0.5019578058212919
                }
            }
        }
    ]
}