{
    "transforms": [
        {
            "header": {
                "seq": 0,
                "stamp": {
                    "secs": 1687318011,
                    "nsecs": 261184906
                },
                "frame_id": "ra_base"
            },
            "child_frame_id": "ra_tool0_controller",
            "transform": {
                "translation": {
                    "x": -0.7248226632187375,
                    "y": -0.6188348117616281,
                    "z": 0.645433532353762
                },
                "rotation": {
                    "x": -0.491400770615778,
                    "y": -0.5031104734240371,
                    "z": 0.5031936419562022,
                    "w": 0.5021964683907227
                }
            }
        }
    ]
}