{
    "transforms": [
        {
            "header": {
                "seq": 0,
                "stamp": {
                    "secs": 1687318019,
                    "nsecs": 44140263
                },
                "frame_id": "polhemus_base_0"
            },
            "child_frame_id": "rh_user_forearm",
            "transform": {
                "translation": {
                    "x": -0.1883358657360077,
                    "y": 0.05207080766558647,
                    "z": 0.0093754343688488
                },
                "rotation": {
                    "x": -0.2819488301032027,
                    "y": -0.3059439013651493,
                    "z": 0.08592815558388923,
                    "w": 0.9052731844580717
                }
            }
        }
    ]
}