{
    "transforms": [
        {
            "header": {
                "seq": 0,
                "stamp": {
                    "secs": 1687318020,
                    "nsecs": 747141492
                },
                "frame_id": "polhemus_base_0"
            },
            "child_frame_id": "polhemus_station_0",
            "transform": {
                "translation": {
                    "x": 0.04550051689147949,
                    "y": -0.07030655443668365,
                    "z": 0.1414307951927185
                },
                "rotation": {
                    "x": -0.24412494897842407,
                    "y": -0.5857195854187012,
                    "z": -0.14807111024856567,
                    "w": 0.7585580945014954
                }
            }
        },
        {
            "header": {
                "seq": 0,
                "stamp": {
                    "secs": 1687318020,
                    "nsecs": 747141492
                },
                "frame_id": "polhemus_base_0"
            },
            "child_frame_id": "polhemus_station_1",
            "transform": {
                "translation": {
                    "x": 0.13558010756969452,
                    "y": -0.024030888453125954,
                    "z": 0.05080604925751686
                },
                "rotation": {
                    "x": 0.08818086981773376,
                    "y": -0.2857504189014435,
                    "z": 0.10291481018066406,
                    "w": 0.948672354221344
                }
            }
        },
        {
            "header": {
                "seq": 0,
                "stamp": {
                    "secs": 1687318020,
                    "nsecs": 747141492
                },
                "frame_id": "polhemus_base_0"
            },
            "child_frame_id": "polhemus_station_2",
            "transform": {
                "translation": {
                    "x": 0.14404802024364471,
                    "y": -0.013298267498612404,
                    "z": 0.061470065265893936
                },
                "rotation": {
                    "x": 0.030463069677352905,
                    "y": -0.41301465034484863,
                    "z": -0.13891825079917908,
                    "w": 0.8995513916015625
                }
            }
        },
        {
            "header": {
                "seq": 0,
                "stamp": {
                    "secs": 1687318020,
                    "nsecs": 747141492
                },
                "frame_id": "polhemus_base_0"
            },
            "child_frame_id": "polhemus_station_3",
            "transform": {
                "translation": {
                    "x": 0.12331733107566833,
                    "y": 0.044472597539424896,
                    "z": 0.04045681655406952
                },
                "rotation": {
                    "x": -0.22076785564422607,
                    "y": -0.34576910734176636,
                    "z": -0.09641588479280472,
                    "w": 0.9068676829338074
                }
            }
        },
        {
            "header": {
                "seq": 0,
                "stamp": {
                    "secs": 1687318020,
                    "nsecs": 747141492
                },
                "frame_id": "polhemus_base_0"
            },
            "child_frame_id": "polhemus_station_4",
            "transform": {
                "translation": {
                    "x": 0.13814491033554077,
                    "y": 0.06148483604192734,
                    "z": 0.04547445848584175
                },
                "rotation": {
                    "x": 0.42002978920936584,
                    "y": 0.2456633597612381,
                    "z": 0.21941690146923065,
                    "w": -0.8456244468688965
                }
            }
        },
        {
            "header": {
                "seq": 0,
                "stamp": {
                    "secs": 1687318020,
                    "nsecs": 747141492
                },
                "frame_id": "polhemus_base_0"
            },
            "child_frame_id": "polhemus_station_5",
            "transform": {
                "translation": {
                    "x": 0.18832692503929138,
                    "y": 0.052042171359062195,
                    "z": 0.009230798110365868
                },
                "rotation": {
                    "x": 0.28314709663391113,
                    "y": -0.30631324648857117,
                    "z": 0.08598574995994568,
                    "w": -0.904768705368042
                }
            }
        }
    ]
}