{
    "transforms": [
        {
            "header": {
                "seq": 0,
                "stamp": {
                    "secs": 1687318014,
                    "nsecs": 63184906
                },
                "frame_id": "ra_base"
            },
            "child_frame_id": "ra_tool0_controller",
            "transform": {
                "translation": {
                    "x": -0.6728331104924118,
                    "y": -0.7293987688169556,
                    "z": 0.6299797919352484
                },
                "rotation": {
                    "x": -0.4907343032101555,
                    "y": -0.502139844512914,
                    "z": 0.5050346966213443,
                    "w": 0.5019714886464933
                }
            }
        }
    ]
}