{
    "transforms": [
        {
            "header": {
                "seq": 0,
                "stamp": {
                    "secs": 1687318015,
                    "nsecs": 257184906
                },
                "frame_id": "ra_base"
            },
            "child_frame_id": "ra_tool0_controller",
            "transform": {
                "translation": {
                    "x": -0.6728415167638356,
                    "y": -0.7293900682384451,
                    "z": 0.629944033455237
                },
                "rotation": {
                    "x": -0.4907315361271944,
                    "y": -0.5021628837931338,
                    "z": 0.5050217350764646,
                    "w": 0.5019641866619218
                }
            }
        }
    ]
}