{
    "transforms": [
        {
            "header": {
                "seq": 0,
                "stamp": {
                    "secs": 1687318013,
                    "nsecs": 349184906
                },
                "frame_id": "ra_base"
            },
            "child_frame_id": "ra_tool0_controller",
            "transform": {
                "translation": {
                    "x": -0.672838091734288,
                    "y": -0.7294040806316994,
                    "z": 0.6299197782213957
                },
                "rotation": {
                    "x": -0.49074655075445434,
                    "y": -0.502168777666628,
                    "z": 0.5050100542806231,
                    "w": 0.5019553632892996
                }
            }
        }
    ]
}