{
    "transforms": [
        {
            "header": {
                "seq": 0,
                "stamp": {
                    "secs": 1687318014,
                    "nsecs": 565184906
                },
                "frame_id": "ra_base"
            },
            "child_frame_id": "ra_tool0_controller",
            "transform": {
                "translation": {
                    "x": -0.6728331593010037,
                    "y": -0.729400648190758,
                    "z": 0.6299405775576568
                },
                "rotation": {
                    "x": -0.4907278806935467,
                    "y": -0.5021736276288244,
                    "z": 0.5050090585285291,
                    "w": 0.5019697656515336
                }
            }
        }
    ]
}