{
    "transforms": [
        {
            "header": {
                "seq": 0,
                "stamp": {
                    "secs": 1687318025,
                    "nsecs": 965184906
                },
                "frame_id": "ra_base"
            },
            "child_frame_id": "ra_tool0_controller",
            "transform": {
                "translation": {
                    "x": -0.6728398126620811,
                    "y": -0.7293899443519912,
                    "z": 0.6299639326532616
                },
                "rotation": {
                    "x": -0.4907373451129565,
                    "y": -0.5021537935506584,
                    "z": 0.5050186171469089,
                    "w": 0.5019707382599048
                }
            }
        }
    ]
}