{
    "transforms": [
        {
            "header": {
                "seq": 0,
                "stamp": {
                    "secs": 1687318025,
                    "nsecs": 145184906
                },
                "frame_id": "ra_base"
            },
            "child_frame_id": "ra_tool0_controller",
            "transform": {
                "translation": {
                    "x": -0.6728424445199319,
                    "y": -0.7293783913821483,
                    "z": 0.6299345858605097
                },
                "rotation": {
                    "x": -0.4907608412087688,
                    "y": -0.50214930776536,
                    "z": 0.5050009966593112,
                    "w": 0.5019699819908892
                }
            }
        }
    ]
}