{
    "transforms": [
        {
            "header": {
                "seq": 0,
                "stamp": {
                    "secs": 1687318007,
                    "nsecs": 799184906
                },
                "frame_id": "ra_base"
            },
            "child_frame_id": "ra_tool0_controller",
            "transform": {
                "translation": {
                    "x": -0.6837699399264375,
                    "y": -0.10312242439370572,
                    "z": 0.6403634253157069
                },
                "rotation": {
                    "x": -0.5022775724665166,
                    "y": -0.505385343024307,
                    "z": 0.49633792532261367,
                    "w": 0.49593503520097304
                }
            }
        }
    ]
}