{
    "transforms": [
        {
            "header": {
                "seq": 0,
                "stamp": {
                    "secs": 1687318015,
                    "nsecs": 131184906
                },
                "frame_id": "ra_base"
            },
            "child_frame_id": "ra_tool0_controller",
            "transform": {
                "translation": {
                    "x": -0.672832554331186,
                    "y": -0.7294051099408952,
                    "z": 0.6299520654903541
                },
                "rotation": {
                    "x": -0.49072486834779716,
                    "y": -0.502170876226685,
                    "z": 0.5050151987620186,
                    "w": 0.5019692855883907
                }
            }
        }
    ]
}