{
    "transforms": [
        {
            "header": {
                "seq": 0,
                "stamp": {
                    "secs": 1687318016,
                    "nsecs": 21184906
                },
                "frame_id": "ra_base"
            },
            "child_frame_id": "ra_tool0_controller",
            "transform": {
                "translation": {
                    "x": -0.6728546380814594,
                    "y": -0.7293796154645449,
                    "z": 0.6299574879090067
                },
                "rotation": {
                    "x": -0.4907390340662941,
                    "y": -0.5021495790495006,
                    "z": 0.5050196245242513,
                    "w": 0.5019722896231167
                }
            }
        }
    ]
}