{
    "transforms": [
        {
            "header": {
                "seq": 0,
                "stamp": {
                    "secs": 1687318015,
                    "nsecs": 739184906
                },
                "frame_id": "ra_base"
            },
            "child_frame_id": "ra_tool0_controller",
            "transform": {
                "translation": {
                    "x": -0.6728451868183714,
                    "y": -0.7293934302280694,
                    "z": 0.6299413107520533
                },
                "rotation": {
                    "x": -0.49074314326173646,
                    "y": -0.502150327515134,
                    "z": 0.5050170095992074,
                    "w": 0.50197015442505
                }
            }
        }
    ]
}