{
    "transforms": [
        {
            "header": {
                "seq": 0,
                "stamp": {
                    "secs": 1687318012,
                    "nsecs": 893184906
                },
                "frame_id": "ra_base"
            },
            "child_frame_id": "ra_tool0_controller",
            "transform": {
                "translation": {
                    "x": -0.6728506315444949,
                    "y": -0.7293794399319509,
                    "z": 0.6299515204361473
                },
                "rotation": {
                    "x": -0.4907578261684472,
                    "y": -0.5021470889917513,
                    "z": 0.5049931393778079,
                    "w": 0.5019830537506982
                }
            }
        }
    ]
}