{
    "transforms": [
        {
            "header": {
                "seq": 0,
                "stamp": {
                    "secs": 1687318025,
                    "nsecs": 853184906
                },
                "frame_id": "ra_base"
            },
            "child_frame_id": "ra_tool0_controller",
            "transform": {
                "translation": {
                    "x": -0.6728319942746713,
                    "y": -0.7293936523851019,
                    "z": 0.6299404398330954
                },
                "rotation": {
                    "x": -0.4907326860731183,
                    "y": -0.5021765692819445,
                    "z": 0.5049983318711911,
                    "w": 0.5019729164915104
                }
            }
        }
    ]
}