{
    "transforms": [
        {
            "header": {
                "seq": 0,
                "stamp": {
                    "secs": 1687318006,
                    "nsecs": 663184906
                },
                "frame_id": "ra_base"
            },
            "child_frame_id": "ra_tool0_controller",
            "transform": {
                "translation": {
                    "x": -0.6760786953514955,
                    "y": -0.09153347650630375,
                    "z": 0.6376439637770803
                },
                "rotation": {
                    "x": -0.5028004814011691,
                    "y": -0.5053245834362858,
                    "z": 0.4962444562360847,
                    "w": 0.4955604715195204
                }
            }
        }
    ]
}