{
    "transforms": [
        {
            "header": {
                "seq": 0,
                "stamp": {
                    "secs": 1687318001,
                    "nsecs": 937579978
                },
                "frame_id": "ra_base"
            },
            "child_frame_id": "ra_tool0_controller",
            "transform": {
                "translation": {
                    "x": -0.6760691755077847,
                    "y": -0.09155142514155988,
                    "z": 0.6376546011190097
                },
                "rotation": {
                    "x": -0.5027970333374522,
                    "y": -0.5053200767897676,
                    "z": 0.49625613810502245,
                    "w": 0.49555686722446823
                }
            }
        }
    ]
}