{
    "transforms": [
        {
            "header": {
                "seq": 0,
                "stamp": {
                    "secs": 1687318018,
                    "nsecs": 559184906
                },
                "frame_id": "ra_base"
            },
            "child_frame_id": "ra_tool0_controller",
            "transform": {
                "translation": {
                    "x": -0.6728579468218092,
                    "y": -0.7293819723961841,
                    "z": 0.629933004045001
                },
                "rotation": {
                    "x": -0.4907397432667452,
                    "y": -0.5021650442371768,
                    "z": 0.5050024771371215,
                    "w": 0.5019733765949489
                }
            }
        }
    ]
}