{
    "transforms": [
        {
            "header": {
                "seq": 0,
                "stamp": {
                    "secs": 1687318006,
                    "nsecs": 339184906
                },
                "frame_id": "ra_base"
            },
            "child_frame_id": "ra_tool0_controller",
            "transform": {
                "translation": {
                    "x": -0.6760775964770532,
                    "y": -0.09154979981836972,
                    "z": 0.6376527467465783
                },
                "rotation": {
                    "x": -0.5028008898183977,
                    "y": -0.5053178555739164,
                    "z": 0.496248860848878,
                    "w": 0.49556250679626396
                }
            }
        }
    ]
}