{
    "transforms": [
        {
            "header": {
                "seq": 0,
                "stamp": {
                    "secs": 1687318005,
                    "nsecs": 938818239
                },
                "frame_id": "polhemus_base_0"
            },
            "child_frame_id": "polhemus_station_0",
            "transform": {
                "translation": {
                    "x": 0.046606190502643585,
                    "y": -0.07150989025831223,
                    "z": 0.1407451331615448
                },
                "rotation": {
                    "x": -0.23817023634910583,
                    "y": -0.5813397169113159,
                    "z": -0.14936116337776184,
                    "w": 0.7635511755943298
                }
            }
        },
        {
            "header": {
                "seq": 0,
                "stamp": {
                    "secs": 1687318005,
                    "nsecs": 938818239
                },
                "frame_id": "polhemus_base_0"
            },
            "child_frame_id": "polhemus_station_1",
            "transform": {
                "translation": {
                    "x": 0.1355724334716797,
                    "y": -0.0241329874843359,
                    "z": 0.05075543373823166
                },
                "rotation": {
                    "x": 0.08766680955886841,
                    "y": -0.2859693169593811,
                    "z": 0.10232299566268921,
                    "w": 0.9487180709838867
                }
            }
        },
        {
            "header": {
                "seq": 0,
                "stamp": {
                    "secs": 1687318005,
                    "nsecs": 938818239
                },
                "frame_id": "polhemus_base_0"
            },
            "child_frame_id": "polhemus_station_2",
            "transform": {
                "translation": {
                    "x": 0.1440609097480774,
                    "y": -0.013444051146507263,
                    "z": 0.061425816267728806
                },
                "rotation": {
                    "x": 0.031583696603775024,
                    "y": -0.413168728351593,
                    "z": -0.1405891478061676,
                    "w": 0.8991822600364685
                }
            }
        },
        {
            "header": {
                "seq": 0,
                "stamp": {
                    "secs": 1687318005,
                    "nsecs": 938818239
                },
                "frame_id": "polhemus_base_0"
            },
            "child_frame_id": "polhemus_station_3",
            "transform": {
                "translation": {
                    "x": 0.12292410433292389,
                    "y": 0.044491108506917953,
                    "z": 0.04113578051328659
                },
                "rotation": {
                    "x": -0.22226808965206146,
                    "y": -0.349556565284729,
                    "z": -0.09585818648338318,
                    "w": 0.9051066637039185
                }
            }
        },
        {
            "header": {
                "seq": 0,
                "stamp": {
                    "secs": 1687318005,
                    "nsecs": 938818239
                },
                "frame_id": "polhemus_base_0"
            },
            "child_frame_id": "polhemus_station_4",
            "transform": {
                "translation": {
                    "x": 0.13754229247570038,
                    "y": 0.06174420192837715,
                    "z": 0.04622931033372879
                },
                "rotation": {
                    "x": 0.4102553129196167,
                    "y": 0.24605490267276764,
                    "z": 0.2177351862192154,
                    "w": -0.850728452205658
                }
            }
        },
        {
            "header": {
                "seq": 0,
                "stamp": {
                    "secs": 1687318005,
                    "nsecs": 938818239
                },
                "frame_id": "polhemus_base_0"
            },
            "child_frame_id": "polhemus_station_5",
            "transform": {
                "translation": {
                    "x": 0.1883615404367447,
                    "y": 0.05277898907661438,
                    "z": 0.009538471698760986
                },
                "rotation": {
                    "x": 0.2777513563632965,
                    "y": -0.30623915791511536,
                    "z": 0.08167587220668793,
                    "w": -0.9068631529808044
                }
            }
        }
    ]
}