{
    "transforms": [
        {
            "header": {
                "seq": 0,
                "stamp": {
                    "secs": 1687318026,
                    "nsecs": 861184906
                },
                "frame_id": "ra_base"
            },
            "child_frame_id": "ra_tool0_controller",
            "transform": {
                "translation": {
                    "x": -0.6728383410642963,
                    "y": -0.7293839968405417,
                    "z": 0.6299703302741125
                },
                "rotation": {
                    "x": -0.4907353044166076,
                    "y": -0.5021375130382134,
                    "z": 0.5050330005441653,
                    "w": 0.501974548518443
                }
            }
        }
    ]
}