{
    "transforms": [
        {
            "header": {
                "seq": 0,
                "stamp": {
                    "secs": 1687318010,
                    "nsecs": 313184906
                },
                "frame_id": "ra_base"
            },
            "child_frame_id": "ra_tool0_controller",
            "transform": {
                "translation": {
                    "x": -0.763142667929414,
                    "y": -0.4493501419274197,
                    "z": 0.6592923291329827
                },
                "rotation": {
                    "x": -0.49334918809316936,
                    "y": -0.5044543016133711,
                    "z": 0.5005507016172581,
                    "w": 0.501578938256031
                }
            }
        }
    ]
}