{
    "transforms": [
        {
            "header": {
                "seq": 0,
                "stamp": {
                    "secs": 1687318013,
                    "nsecs": 753184906
                },
                "frame_id": "ra_base"
            },
            "child_frame_id": "ra_tool0_controller",
            "transform": {
                "translation": {
                    "x": -0.6728328181815785,
                    "y": -0.7293939621384233,
                    "z": 0.6299324583679587
                },
                "rotation": {
                    "x": -0.4907394085014379,
                    "y": -0.5021759865307024,
                    "z": 0.5049973238809289,
                    "w": 0.5019679415746339
                }
            }
        }
    ]
}