{
    "transforms": [
        {
            "header": {
                "seq": 0,
                "stamp": {
                    "secs": 1687318022,
                    "nsecs": 245184906
                },
                "frame_id": "ra_base"
            },
            "child_frame_id": "ra_tool0_controller",
            "transform": {
                "translation": {
                    "x": -0.672831011104845,
                    "y": -0.7293970763762279,
                    "z": 0.6299423992199478
                },
                "rotation": {
                    "x": -0.49073567412573205,
                    "y": -0.5021615648844052,
                    "z": 0.5050132268588655,
                    "w": 0.5019700206096025
                }
            }
        }
    ]
}