{
    "transforms": [
        {
            "header": {
                "seq": 0,
                "stamp": {
                    "secs": 1687318017,
                    "nsecs": 267184906
                },
                "frame_id": "ra_base"
            },
            "child_frame_id": "ra_tool0_controller",
            "transform": {
                "translation": {
                    "x": -0.6728407034333875,
                    "y": -0.7293916039212704,
                    "z": 0.6299430004739974
                },
                "rotation": {
                    "x": -0.49073762618271694,
                    "y": -0.5021609609013349,
                    "z": 0.5050159400073517,
                    "w": 0.5019659868294772
                }
            }
        }
    ]
}