{
    "transforms": [
        {
            "header": {
                "seq": 0,
                "stamp": {
                    "secs": 1687318013,
                    "nsecs": 769184906
                },
                "frame_id": "ra_base"
            },
            "child_frame_id": "ra_tool0_controller",
            "transform": {
                "translation": {
                    "x": -0.6728486675545009,
                    "y": -0.729394646803596,
                    "z": 0.6299545186339421
                },
                "rotation": {
                    "x": -0.490734695220631,
                    "y": -0.5021509463187606,
                    "z": 0.5050258698464559,
                    "w": 0.5019688803140273
                }
            }
        }
    ]
}