{
    "transforms": [
        {
            "header": {
                "seq": 0,
                "stamp": {
                    "secs": 1687318019,
                    "nsecs": 735184906
                },
                "frame_id": "ra_base"
            },
            "child_frame_id": "ra_tool0_controller",
            "transform": {
                "translation": {
                    "x": -0.6728495071954789,
                    "y": -0.7293916964327881,
                    "z": 0.6299264492351785
                },
                "rotation": {
                    "x": -0.49075172215718255,
                    "y": -0.5021491411376373,
                    "z": 0.5050124296190802,
                    "w": 0.501967561884955
                }
            }
        }
    ]
}