{
    "transforms": [
        {
            "header": {
                "seq": 0,
                "stamp": {
                    "secs": 1687318019,
                    "nsecs": 891184906
                },
                "frame_id": "ra_base"
            },
            "child_frame_id": "ra_tool0_controller",
            "transform": {
                "translation": {
                    "x": -0.6728499921149927,
                    "y": -0.7293939562535104,
                    "z": 0.6299436144061303
                },
                "rotation": {
                    "x": -0.4907392563655863,
                    "y": -0.50214940602474,
                    "z": 0.5050195474347539,
                    "w": 0.501972322941762
                }
            }
        }
    ]
}