{
    "transforms": [
        {
            "header": {
                "seq": 0,
                "stamp": {
                    "secs": 1687318004,
                    "nsecs": 207579978
                },
                "frame_id": "ra_base"
            },
            "child_frame_id": "ra_tool0_controller",
            "transform": {
                "translation": {
                    "x": -0.6760680422024185,
                    "y": -0.09154433226741979,
                    "z": 0.6376381122918703
                },
                "rotation": {
                    "x": -0.5028097210753808,
                    "y": -0.5053129346585364,
                    "z": 0.4962599535046141,
                    "w": 0.4955474558571297
                }
            }
        }
    ]
}