{
    "transforms": [
        {
            "header": {
                "seq": 0,
                "stamp": {
                    "secs": 1687318023,
                    "nsecs": 245184906
                },
                "frame_id": "ra_base"
            },
            "child_frame_id": "ra_tool0_controller",
            "transform": {
                "translation": {
                    "x": -0.6728298441908722,
                    "y": -0.7294030092818546,
                    "z": 0.6299277230451307
                },
                "rotation": {
                    "x": -0.4907308982071823,
                    "y": -0.5021867826681199,
                    "z": 0.5049998564366389,
                    "w": 0.5019629128304091
                }
            }
        }
    ]
}