{
    "transforms": [
        {
            "header": {
                "seq": 0,
                "stamp": {
                    "secs": 1687318027,
                    "nsecs": 307184906
                },
                "frame_id": "ra_base"
            },
            "child_frame_id": "ra_tool0_controller",
            "transform": {
                "translation": {
                    "x": -0.6728403906449216,
                    "y": -0.7293891332586588,
                    "z": 0.6299615788485621
                },
                "rotation": {
                    "x": -0.49073880914866624,
                    "y": -0.5021458738930173,
                    "z": 0.5050211384196984,
                    "w": 0.5019746928649281
                }
            }
        }
    ]
}