{
    "transforms": [
        {
            "header": {
                "seq": 0,
                "stamp": {
                    "secs": 1687318000,
                    "nsecs": 631579978
                },
                "frame_id": "ra_base"
            },
            "child_frame_id": "ra_tool0_controller",
            "transform": {
                "translation": {
                    "x": -0.6760682011257377,
                    "y": -0.09153887662944617,
                    "z": 0.6376253750534466
                },
                "rotation": {
                    "x": -0.5028175844707627,
                    "y": -0.5053236276497632,
                    "z": 0.4962337116653503,
                    "w": 0.49555485215332196
                }
            }
        }
    ]
}