{
    "transforms": [
        {
            "header": {
                "seq": 0,
                "stamp": {
                    "secs": 1687318002,
                    "nsecs": 659579978
                },
                "frame_id": "ra_base"
            },
            "child_frame_id": "ra_tool0_controller",
            "transform": {
                "translation": {
                    "x": -0.6760725153245444,
                    "y": -0.09155459217842575,
                    "z": 0.6376410425499921
                },
                "rotation": {
                    "x": -0.5027932974568193,
                    "y": -0.5053257843276021,
                    "z": 0.49625839345577827,
                    "w": 0.49555257909820455
                }
            }
        }
    ]
}