{
    "transforms": [
        {
            "header": {
                "seq": 0,
                "stamp": {
                    "secs": 1687318022,
                    "nsecs": 145184906
                },
                "frame_id": "ra_base"
            },
            "child_frame_id": "ra_tool0_controller",
            "transform": {
                "translation": {
                    "x": -0.6728242575431511,
                    "y": -0.7294025464249507,
                    "z": 0.6299631826913648
                },
                "rotation": {
                    "x": -0.49072461396761197,
                    "y": -0.5021693922856737,
                    "z": 0.5050111572269954,
                    "w": 0.5019750848140038
                }
            }
        }
    ]
}