{
    "transforms": [
        {
            "header": {
                "seq": 0,
                "stamp": {
                    "secs": 1687318003,
                    "nsecs": 113851253
                },
                "frame_id": "polhemus_base_0"
            },
            "child_frame_id": "polhemus_station_0",
            "transform": {
                "translation": {
                    "x": 0.047103527933359146,
                    "y": -0.07178996503353119,
                    "z": 0.14052999019622803
                },
                "rotation": {
                    "x": -0.23691517114639282,
                    "y": -0.5793462991714478,
                    "z": -0.1496330201625824,
                    "w": 0.7654012441635132
                }
            }
        },
        {
            "header": {
                "seq": 0,
                "stamp": {
                    "secs": 1687318003,
                    "nsecs": 113851253
                },
                "frame_id": "polhemus_base_0"
            },
            "child_frame_id": "polhemus_station_1",
            "transform": {
                "translation": {
                    "x": 0.1355275809764862,
                    "y": -0.02408473752439022,
                    "z": 0.05086284875869751
                },
                "rotation": {
                    "x": 0.08697308599948883,
                    "y": -0.28666576743125916,
                    "z": 0.10240847617387772,
                    "w": 0.9485625624656677
                }
            }
        },
        {
            "header": {
                "seq": 0,
                "stamp": {
                    "secs": 1687318003,
                    "nsecs": 113851253
                },
                "frame_id": "polhemus_base_0"
            },
            "child_frame_id": "polhemus_station_2",
            "transform": {
                "translation": {
                    "x": 0.1440448760986328,
                    "y": -0.013391181826591492,
                    "z": 0.061487358063459396
                },
                "rotation": {
                    "x": 0.030743900686502457,
                    "y": -0.41340872645378113,
                    "z": -0.14052468538284302,
                    "w": 0.899111270904541
                }
            }
        },
        {
            "header": {
                "seq": 0,
                "stamp": {
                    "secs": 1687318003,
                    "nsecs": 113851253
                },
                "frame_id": "polhemus_base_0"
            },
            "child_frame_id": "polhemus_station_3",
            "transform": {
                "translation": {
                    "x": 0.12284000962972641,
                    "y": 0.04448700696229935,
                    "z": 0.04152664169669151
                },
                "rotation": {
                    "x": -0.22359523177146912,
                    "y": -0.35092467069625854,
                    "z": -0.09745467454195023,
                    "w": 0.9040793180465698
                }
            }
        },
        {
            "header": {
                "seq": 0,
                "stamp": {
                    "secs": 1687318003,
                    "nsecs": 113851253
                },
                "frame_id": "polhemus_base_0"
            },
            "child_frame_id": "polhemus_station_4",
            "transform": {
                "translation": {
                    "x": 0.1371629387140274,
                    "y": 0.061876777559518814,
                    "z": 0.0465456023812294
                },
                "rotation": {
                    "x": 0.40678414702415466,
                    "y": 0.2484114021062851,
                    "z": 0.2159118950366974,
                    "w": -0.8521739840507507
                }
            }
        },
        {
            "header": {
                "seq": 0,
                "stamp": {
                    "secs": 1687318003,
                    "nsecs": 113851253
                },
                "frame_id": "polhemus_base_0"
            },
            "child_frame_id": "polhemus_station_5",
            "transform": {
                "translation": {
                    "x": 0.18838591873645782,
                    "y": 0.05314080789685249,
                    "z": 0.009613756090402603
                },
                "rotation": {
                    "x": 0.27660682797431946,
                    "y": -0.3061904311180115,
                    "z": 0.07940535247325897,
                    "w": -0.9074309468269348
                }
            }
        }
    ]
}