{
    "transforms": [
        {
            "header": {
                "seq": 0,
                "stamp": {
                    "secs": 1687318001,
                    "nsecs": 617579978
                },
                "frame_id": "ra_base"
            },
            "child_frame_id": "ra_tool0_controller",
            "transform": {
                "translation": {
                    "x": -0.6760767149229088,
                    "y": -0.09154691118509939,
                    "z": 0.6376130595455001
                },
                "rotation": {
                    "x": -0.5028169883354137,
                    "y": -0.5053305112307354,
                    "z": 0.4962309494617405,
                    "w": 0.4955512036680849
                }
            }
        }
    ]
}