{
    "transforms": [
        {
            "header": {
                "seq": 0,
                "stamp": {
                    "secs": 1687318019,
                    "nsecs": 549184906
                },
                "frame_id": "ra_base"
            },
            "child_frame_id": "ra_tool0_controller",
            "transform": {
                "translation": {
                    "x": -0.6728447799885706,
                    "y": -0.7293955054577613,
                    "z": 0.6299663990233689
                },
                "rotation": {
                    "x": -0.4907488863828531,
                    "y": -0.5021268308010007,
                    "z": 0.5050502162557087,
                    "w": 0.5019546347667238
                }
            }
        }
    ]
}