{
    "transforms": [
        {
            "header": {
                "seq": 0,
                "stamp": {
                    "secs": 1687318025,
                    "nsecs": 503184906
                },
                "frame_id": "ra_base"
            },
            "child_frame_id": "ra_tool0_controller",
            "transform": {
                "translation": {
                    "x": -0.6728464639037767,
                    "y": -0.7293903429071334,
                    "z": 0.6299353878368
                },
                "rotation": {
                    "x": -0.4907391364160074,
                    "y": -0.5021658822164301,
                    "z": 0.5050012568814943,
                    "w": 0.5019743591813995
                }
            }
        }
    ]
}