{
    "transforms": [
        {
            "header": {
                "seq": 0,
                "stamp": {
                    "secs": 1687318024,
                    "nsecs": 51184906
                },
                "frame_id": "ra_base"
            },
            "child_frame_id": "ra_tool0_controller",
            "transform": {
                "translation": {
                    "x": -0.6728442830106313,
                    "y": -0.7293860182765199,
                    "z": 0.6299600643680302
                },
                "rotation": {
                    "x": -0.4907343084835731,
                    "y": -0.5021604816819198,
                    "z": 0.5050146760720264,
                    "w": 0.5019709812987179
                }
            }
        }
    ]
}