{
    "transforms": [
        {
            "header": {
                "seq": 0,
                "stamp": {
                    "secs": 1687318011,
                    "nsecs": 723184906
                },
                "frame_id": "ra_base"
            },
            "child_frame_id": "ra_tool0_controller",
            "transform": {
                "translation": {
                    "x": -0.6963653967593779,
                    "y": -0.6853893993538762,
                    "z": 0.6367100071481567
                },
                "rotation": {
                    "x": -0.4909594695187564,
                    "y": -0.5025565113264685,
                    "z": 0.5042497829742001,
                    "w": 0.5021233997571738
                }
            }
        }
    ]
}