{
    "transforms": [
        {
            "header": {
                "seq": 0,
                "stamp": {
                    "secs": 1687318025,
                    "nsecs": 459184906
                },
                "frame_id": "ra_base"
            },
            "child_frame_id": "ra_tool0_controller",
            "transform": {
                "translation": {
                    "x": -0.672840047097393,
                    "y": -0.7293975521077065,
                    "z": 0.629918573957759
                },
                "rotation": {
                    "x": -0.49074487071098144,
                    "y": -0.5021659614216348,
                    "z": 0.5050137269431062,
                    "w": 0.5019561282217614
                }
            }
        }
    ]
}