{
    "transforms": [
        {
            "header": {
                "seq": 0,
                "stamp": {
                    "secs": 1687318004,
                    "nsecs": 275579978
                },
                "frame_id": "ra_base"
            },
            "child_frame_id": "ra_tool0_controller",
            "transform": {
                "translation": {
                    "x": -0.6760673113823055,
                    "y": -0.0915448462381043,
                    "z": 0.6376533773727509
                },
                "rotation": {
                    "x": -0.5027960394366955,
                    "y": -0.5053248033048664,
                    "z": 0.49624999708701684,
                    "w": 0.49555920562815375
                }
            }
        }
    ]
}