{
    "transforms": [
        {
            "header": {
                "seq": 0,
                "stamp": {
                    "secs": 1687318022,
                    "nsecs": 961184906
                },
                "frame_id": "ra_base"
            },
            "child_frame_id": "ra_tool0_controller",
            "transform": {
                "translation": {
                    "x": -0.6728380717404886,
                    "y": -0.729386586362579,
                    "z": 0.6299630233077148
                },
                "rotation": {
                    "x": -0.4907307565899204,
                    "y": -0.5021550373263151,
                    "z": 0.5050276633684441,
                    "w": 0.5019668338218185
                }
            }
        }
    ]
}