{
    "transforms": [
        {
            "header": {
                "seq": 0,
                "stamp": {
                    "secs": 1687318024,
                    "nsecs": 963797713
                },
                "frame_id": "polhemus_base_0"
            },
            "child_frame_id": "polhemus_station_0",
            "transform": {
                "translation": {
                    "x": 0.04528859257698059,
                    "y": -0.07005523145198822,
                    "z": 0.14158952236175537
                },
                "rotation": {
                    "x": -0.24553298950195312,
                    "y": -0.5864165425300598,
                    "z": -0.14796127378940582,
                    "w": 0.757585883140564
                }
            }
        },
        {
            "header": {
                "seq": 0,
                "stamp": {
                    "secs": 1687318024,
                    "nsecs": 963797713
                },
                "frame_id": "polhemus_base_0"
            },
            "child_frame_id": "polhemus_station_1",
            "transform": {
                "translation": {
                    "x": 0.13559091091156006,
                    "y": -0.02398890070617199,
                    "z": 0.05083936080336571
                },
                "rotation": {
                    "x": 0.08839722722768784,
                    "y": -0.28574860095977783,
                    "z": 0.10323626548051834,
                    "w": 0.9486178755760193
                }
            }
        },
        {
            "header": {
                "seq": 0,
                "stamp": {
                    "secs": 1687318024,
                    "nsecs": 963797713
                },
                "frame_id": "polhemus_base_0"
            },
            "child_frame_id": "polhemus_station_2",
            "transform": {
                "translation": {
                    "x": 0.14406678080558777,
                    "y": -0.01325119286775589,
                    "z": 0.061480067670345306
                },
                "rotation": {
                    "x": 0.030302641913294792,
                    "y": -0.41280806064605713,
                    "z": -0.13849219679832458,
                    "w": 0.8997172713279724
                }
            }
        },
        {
            "header": {
                "seq": 0,
                "stamp": {
                    "secs": 1687318024,
                    "nsecs": 963797713
                },
                "frame_id": "polhemus_base_0"
            },
            "child_frame_id": "polhemus_station_3",
            "transform": {
                "translation": {
                    "x": 0.12340489029884338,
                    "y": 0.04451468959450722,
                    "z": 0.04037060961127281
                },
                "rotation": {
                    "x": -0.22213169932365417,
                    "y": -0.34514617919921875,
                    "z": -0.09702085703611374,
                    "w": 0.9067074060440063
                }
            }
        },
        {
            "header": {
                "seq": 0,
                "stamp": {
                    "secs": 1687318024,
                    "nsecs": 963797713
                },
                "frame_id": "polhemus_base_0"
            },
            "child_frame_id": "polhemus_station_4",
            "transform": {
                "translation": {
                    "x": 0.13827824592590332,
                    "y": 0.0614924356341362,
                    "z": 0.04536353796720505
                },
                "rotation": {
                    "x": 0.4225737154483795,
                    "y": 0.24552248418331146,
                    "z": 0.22026187181472778,
                    "w": -0.8441770076751709
                }
            }
        },
        {
            "header": {
                "seq": 0,
                "stamp": {
                    "secs": 1687318024,
                    "nsecs": 963797713
                },
                "frame_id": "polhemus_base_0"
            },
            "child_frame_id": "polhemus_station_5",
            "transform": {
                "translation": {
                    "x": 0.18832240998744965,
                    "y": 0.05190654471516609,
                    "z": 0.00924281869083643
                },
                "rotation": {
                    "x": 0.2834518849849701,
                    "y": -0.3059718608856201,
                    "z": 0.0869169533252716,
                    "w": -0.9046998023986816
                }
            }
        }
    ]
}