{
    "transforms": [
        {
            "header": {
                "seq": 0,
                "stamp": {
                    "secs": 1687318016,
                    "nsecs": 625184906
                },
                "frame_id": "ra_base"
            },
            "child_frame_id": "ra_tool0_controller",
            "transform": {
                "translation": {
                    "x": -0.6728320696411347,
                    "y": -0.7294018907318965,
                    "z": 0.6299477815379372
                },
                "rotation": {
                    "x": -0.4907293823195327,
                    "y": -0.5021621830634674,
                    "z": 0.5050299269374642,
                    "w": 0.5019587514196382
                }
            }
        }
    ]
}