{
    "transforms": [
        {
            "header": {
                "seq": 0,
                "stamp": {
                    "secs": 1687318026,
                    "nsecs": 659184906
                },
                "frame_id": "ra_base"
            },
            "child_frame_id": "ra_tool0_controller",
            "transform": {
                "translation": {
                    "x": -0.6728351959181159,
                    "y": -0.7293780946307419,
                    "z": 0.6299649000024797
                },
                "rotation": {
                    "x": -0.4907396011422856,
                    "y": -0.5021579130412737,
                    "z": 0.5049996519913958,
                    "w": 0.5019834914908182
                }
            }
        }
    ]
}