{
    "transforms": [
        {
            "header": {
                "seq": 0,
                "stamp": {
                    "secs": 1687318025,
                    "nsecs": 355184906
                },
                "frame_id": "ra_base"
            },
            "child_frame_id": "ra_tool0_controller",
            "transform": {
                "translation": {
                    "x": -0.672860819472186,
                    "y": -0.729384548210774,
                    "z": 0.6299480608182533
                },
                "rotation": {
                    "x": -0.49074301937513604,
                    "y": -0.5021514023110537,
                    "z": 0.5050160830490577,
                    "w": 0.5019701325312141
                }
            }
        }
    ]
}