{
    "transforms": [
        {
            "header": {
                "seq": 0,
                "stamp": {
                    "secs": 1687318022,
                    "nsecs": 975184906
                },
                "frame_id": "ra_base"
            },
            "child_frame_id": "ra_tool0_controller",
            "transform": {
                "translation": {
                    "x": -0.6728632263901976,
                    "y": -0.7293862538813785,
                    "z": 0.6299058909853309
                },
                "rotation": {
                    "x": -0.4907384608648522,
                    "y": -0.5021750251059541,
                    "z": 0.504990808429191,
                    "w": 0.5019763844941935
                }
            }
        }
    ]
}