{
    "transforms": [
        {
            "header": {
                "seq": 0,
                "stamp": {
                    "secs": 1687318019,
                    "nsecs": 335184906
                },
                "frame_id": "ra_base"
            },
            "child_frame_id": "ra_tool0_controller",
            "transform": {
                "translation": {
                    "x": -0.6728572310471872,
                    "y": -0.7293798766035546,
                    "z": 0.629923259713118
                },
                "rotation": {
                    "x": -0.49074325463831653,
                    "y": -0.5021672311609877,
                    "z": 0.5049942087204732,
                    "w": 0.5019760742643844
                }
            }
        }
    ]
}