{
    "transforms": [
        {
            "header": {
                "seq": 0,
                "stamp": {
                    "secs": 1687318005,
                    "nsecs": 255485869
                },
                "frame_id": "polhemus_base_0"
            },
            "child_frame_id": "polhemus_station_0",
            "transform": {
                "translation": {
                    "x": 0.0466560497879982,
                    "y": -0.07153809070587158,
                    "z": 0.14071443676948547
                },
                "rotation": {
                    "x": -0.237962007522583,
                    "y": -0.5811668634414673,
                    "z": -0.14925168454647064,
                    "w": 0.7637690305709839
                }
            }
        },
        {
            "header": {
                "seq": 0,
                "stamp": {
                    "secs": 1687318005,
                    "nsecs": 255485869
                },
                "frame_id": "polhemus_base_0"
            },
            "child_frame_id": "polhemus_station_1",
            "transform": {
                "translation": {
                    "x": 0.13556240499019623,
                    "y": -0.024141810834407806,
                    "z": 0.050768934190273285
                },
                "rotation": {
                    "x": 0.08771103620529175,
                    "y": -0.28614550828933716,
                    "z": 0.10228177160024643,
                    "w": 0.9486652612686157
                }
            }
        },
        {
            "header": {
                "seq": 0,
                "stamp": {
                    "secs": 1687318005,
                    "nsecs": 255485869
                },
                "frame_id": "polhemus_base_0"
            },
            "child_frame_id": "polhemus_station_2",
            "transform": {
                "translation": {
                    "x": 0.14406020939350128,
                    "y": -0.013434522785246372,
                    "z": 0.06142470985651016
                },
                "rotation": {
                    "x": 0.03154854103922844,
                    "y": -0.41318410634994507,
                    "z": -0.1405411958694458,
                    "w": 0.8991839289665222
                }
            }
        },
        {
            "header": {
                "seq": 0,
                "stamp": {
                    "secs": 1687318005,
                    "nsecs": 255485869
                },
                "frame_id": "polhemus_base_0"
            },
            "child_frame_id": "polhemus_station_3",
            "transform": {
                "translation": {
                    "x": 0.12292011082172394,
                    "y": 0.04449193924665451,
                    "z": 0.041145723313093185
                },
                "rotation": {
                    "x": -0.22219251096248627,
                    "y": -0.34956520795822144,
                    "z": -0.09582634270191193,
                    "w": 0.905125081539154
                }
            }
        },
        {
            "header": {
                "seq": 0,
                "stamp": {
                    "secs": 1687318005,
                    "nsecs": 255485869
                },
                "frame_id": "polhemus_base_0"
            },
            "child_frame_id": "polhemus_station_4",
            "transform": {
                "translation": {
                    "x": 0.1375100314617157,
                    "y": 0.06177814304828644,
                    "z": 0.04627179354429245
                },
                "rotation": {
                    "x": 0.41007712483406067,
                    "y": 0.2463243007659912,
                    "z": 0.21764008700847626,
                    "w": -0.8507606983184814
                }
            }
        },
        {
            "header": {
                "seq": 0,
                "stamp": {
                    "secs": 1687318005,
                    "nsecs": 255485869
                },
                "frame_id": "polhemus_base_0"
            },
            "child_frame_id": "polhemus_station_5",
            "transform": {
                "translation": {
                    "x": 0.18837103247642517,
                    "y": 0.05283051356673241,
                    "z": 0.009535602293908596
                },
                "rotation": {
                    "x": 0.2779786288738251,
                    "y": -0.30616965889930725,
                    "z": 0.08138920366764069,
                    "w": -0.906842827796936
                }
            }
        }
    ]
}