{
    "transforms": [
        {
            "header": {
                "seq": 0,
                "stamp": {
                    "secs": 1687318012,
                    "nsecs": 383184906
                },
                "frame_id": "ra_base"
            },
            "child_frame_id": "ra_tool0_controller",
            "transform": {
                "translation": {
                    "x": -0.6729482381408293,
                    "y": -0.7292244317363828,
                    "z": 0.6299840709757579
                },
                "rotation": {
                    "x": -0.49074383520212095,
                    "y": -0.5021394851728331,
                    "z": 0.505036279768698,
                    "w": 0.5019609364869634
                }
            }
        }
    ]
}