{
    "transforms": [
        {
            "header": {
                "seq": 0,
                "stamp": {
                    "secs": 1687318013,
                    "nsecs": 873184906
                },
                "frame_id": "ra_base"
            },
            "child_frame_id": "ra_tool0_controller",
            "transform": {
                "translation": {
                    "x": -0.6728449454784793,
                    "y": -0.7293849723454932,
                    "z": 0.6299826281216772
                },
                "rotation": {
                    "x": -0.4907390697426394,
                    "y": -0.5021365406869173,
                    "z": 0.5050305045782153,
                    "w": 0.5019743513174536
                }
            }
        }
    ]
}