{
    "transforms": [
        {
            "header": {
                "seq": 0,
                "stamp": {
                    "secs": 1687318008,
                    "nsecs": 251184906
                },
                "frame_id": "ra_base"
            },
            "child_frame_id": "ra_tool0_controller",
            "transform": {
                "translation": {
                    "x": -0.7040813605140895,
                    "y": -0.13783459350368127,
                    "z": 0.6470026336546651
                },
                "rotation": {
                    "x": -0.5008992563287519,
                    "y": -0.5055307931872689,
                    "z": 0.4966007715649283,
                    "w": 0.49691671920943853
                }
            }
        }
    ]
}