{
    "transforms": [
        {
            "header": {
                "seq": 0,
                "stamp": {
                    "secs": 1687318006,
                    "nsecs": 629184906
                },
                "frame_id": "ra_base"
            },
            "child_frame_id": "ra_tool0_controller",
            "transform": {
                "translation": {
                    "x": -0.6760732207330771,
                    "y": -0.09153608030126581,
                    "z": 0.637623690169771
                },
                "rotation": {
                    "x": -0.5028097494474296,
                    "y": -0.5053313304591514,
                    "z": 0.4962374772631109,
                    "w": 0.49555117644552177
                }
            }
        }
    ]
}