{
    "transforms": [
        {
            "header": {
                "seq": 0,
                "stamp": {
                    "secs": 1687318006,
                    "nsecs": 459184906
                },
                "frame_id": "ra_base"
            },
            "child_frame_id": "ra_tool0_controller",
            "transform": {
                "translation": {
                    "x": -0.6760741311574392,
                    "y": -0.09154606280553697,
                    "z": 0.6376515674397762
                },
                "rotation": {
                    "x": -0.5028052511253261,
                    "y": -0.5053142386633727,
                    "z": 0.4962621623227912,
                    "w": 0.4955484495905133
                }
            }
        }
    ]
}