{
    "transforms": [
        {
            "header": {
                "seq": 0,
                "stamp": {
                    "secs": 1687318026,
                    "nsecs": 67184906
                },
                "frame_id": "ra_base"
            },
            "child_frame_id": "ra_tool0_controller",
            "transform": {
                "translation": {
                    "x": -0.672835653371686,
                    "y": -0.7294034566913142,
                    "z": 0.629942884061371
                },
                "rotation": {
                    "x": -0.49073441732224365,
                    "y": -0.5021613661295464,
                    "z": 0.5050232841749994,
                    "w": 0.5019613296494099
                }
            }
        }
    ]
}