{
    "transforms": [
        {
            "header": {
                "seq": 0,
                "stamp": {
                    "secs": 1687318022,
                    "nsecs": 709184906
                },
                "frame_id": "ra_base"
            },
            "child_frame_id": "ra_tool0_controller",
            "transform": {
                "translation": {
                    "x": -0.6728372937617693,
                    "y": -0.7294031279015981,
                    "z": 0.6299303154341584
                },
                "rotation": {
                    "x": -0.49073201487135293,
                    "y": -0.5021656433118294,
                    "z": 0.5050110211262231,
                    "w": 0.5019717370515676
                }
            }
        }
    ]
}