{
    "transforms": [
        {
            "header": {
                "seq": 0,
                "stamp": {
                    "secs": 1687318013,
                    "nsecs": 772250165
                },
                "frame_id": "polhemus_base_0"
            },
            "child_frame_id": "polhemus_station_0",
            "transform": {
                "translation": {
                    "x": 0.04603254050016403,
                    "y": -0.07090900093317032,
                    "z": 0.1411081999540329
                },
                "rotation": {
                    "x": -0.24122965335845947,
                    "y": -0.5835075378417969,
                    "z": -0.14879265427589417,
                    "w": 0.7610439658164978
                }
            }
        },
        {
            "header": {
                "seq": 0,
                "stamp": {
                    "secs": 1687318013,
                    "nsecs": 772250165
                },
                "frame_id": "polhemus_base_0"
            },
            "child_frame_id": "polhemus_station_1",
            "transform": {
                "translation": {
                    "x": 0.1355811208486557,
                    "y": -0.024110738188028336,
                    "z": 0.050766922533512115
                },
                "rotation": {
                    "x": 0.08801479637622833,
                    "y": -0.28591856360435486,
                    "z": 0.10260021686553955,
                    "w": 0.9486711621284485
                }
            }
        },
        {
            "header": {
                "seq": 0,
                "stamp": {
                    "secs": 1687318013,
                    "nsecs": 772250165
                },
                "frame_id": "polhemus_base_0"
            },
            "child_frame_id": "polhemus_station_2",
            "transform": {
                "translation": {
                    "x": 0.14408087730407715,
                    "y": -0.013387259095907211,
                    "z": 0.0614064559340477
                },
                "rotation": {
                    "x": 0.03077409416437149,
                    "y": -0.41280749440193176,
                    "z": -0.13989877700805664,
                    "w": 0.8994839191436768
                }
            }
        },
        {
            "header": {
                "seq": 0,
                "stamp": {
                    "secs": 1687318013,
                    "nsecs": 772250165
                },
                "frame_id": "polhemus_base_0"
            },
            "child_frame_id": "polhemus_station_3",
            "transform": {
                "translation": {
                    "x": 0.12314480543136597,
                    "y": 0.04449110105633736,
                    "z": 0.04071349650621414
                },
                "rotation": {
                    "x": -0.22008448839187622,
                    "y": -0.3470672369003296,
                    "z": -0.09552589058876038,
                    "w": 0.9066320657730103
                }
            }
        },
        {
            "header": {
                "seq": 0,
                "stamp": {
                    "secs": 1687318013,
                    "nsecs": 772250165
                },
                "frame_id": "polhemus_base_0"
            },
            "child_frame_id": "polhemus_station_4",
            "transform": {
                "translation": {
                    "x": 0.13789886236190796,
                    "y": 0.0615619532763958,
                    "z": 0.04580280929803848
                },
                "rotation": {
                    "x": 0.41510525345802307,
                    "y": 0.2455604523420334,
                    "z": 0.21890291571617126,
                    "w": -0.8482152819633484
                }
            }
        },
        {
            "header": {
                "seq": 0,
                "stamp": {
                    "secs": 1687318013,
                    "nsecs": 772250165
                },
                "frame_id": "polhemus_base_0"
            },
            "child_frame_id": "polhemus_station_5",
            "transform": {
                "translation": {
                    "x": 0.18833492696285248,
                    "y": 0.052394669502973557,
                    "z": 0.009396413341164589
                },
                "rotation": {
                    "x": 0.2803754508495331,
                    "y": -0.30594515800476074,
                    "z": 0.0840730369091034,
                    "w": -0.9059354066848755
                }
            }
        }
    ]
}