{
    "transforms": [
        {
            "header": {
                "seq": 0,
                "stamp": {
                    "secs": 1687318022,
                    "nsecs": 993184906
                },
                "frame_id": "ra_base"
            },
            "child_frame_id": "ra_tool0_controller",
            "transform": {
                "translation": {
                    "x": -0.6728434810260167,
                    "y": -0.7293858876460264,
                    "z": 0.6299574546624407
                },
                "rotation": {
                    "x": -0.49074035030969165,
                    "y": -0.5021484360101315,
                    "z": 0.505010802571322,
                    "w": 0.5019810216300704
                }
            }
        }
    ]
}