{
    "transforms": [
        {
            "header": {
                "seq": 0,
                "stamp": {
                    "secs": 1687318025,
                    "nsecs": 413809139
                },
                "frame_id": "polhemus_base_0"
            },
            "child_frame_id": "polhemus_station_0",
            "transform": {
                "translation": {
                    "x": 0.045274872332811356,
                    "y": -0.07004164159297943,
                    "z": 0.14160418510437012
                },
                "rotation": {
                    "x": -0.2456553429365158,
                    "y": -0.5864365100860596,
                    "z": -0.1480119526386261,
                    "w": 0.7575210928916931
                }
            }
        },
        {
            "header": {
                "seq": 0,
                "stamp": {
                    "secs": 1687318025,
                    "nsecs": 413809139
                },
                "frame_id": "polhemus_base_0"
            },
            "child_frame_id": "polhemus_station_1",
            "transform": {
                "translation": {
                    "x": 0.13558784127235413,
                    "y": -0.02399192564189434,
                    "z": 0.05084593594074249
                },
                "rotation": {
                    "x": 0.08838272839784622,
                    "y": -0.2857365012168884,
                    "z": 0.10318455100059509,
                    "w": 0.9486284255981445
                }
            }
        },
        {
            "header": {
                "seq": 0,
                "stamp": {
                    "secs": 1687318025,
                    "nsecs": 413809139
                },
                "frame_id": "polhemus_base_0"
            },
            "child_frame_id": "polhemus_station_2",
            "transform": {
                "translation": {
                    "x": 0.14406052231788635,
                    "y": -0.013246818445622921,
                    "z": 0.06149613484740257
                },
                "rotation": {
                    "x": 0.03019159659743309,
                    "y": -0.41286414861679077,
                    "z": -0.1384383887052536,
                    "w": 0.8997035622596741
                }
            }
        },
        {
            "header": {
                "seq": 0,
                "stamp": {
                    "secs": 1687318025,
                    "nsecs": 413809139
                },
                "frame_id": "polhemus_base_0"
            },
            "child_frame_id": "polhemus_station_3",
            "transform": {
                "translation": {
                    "x": 0.12340772151947021,
                    "y": 0.04451323673129082,
                    "z": 0.04037274792790413
                },
                "rotation": {
                    "x": -0.2221546769142151,
                    "y": -0.345181405544281,
                    "z": -0.09705370664596558,
                    "w": 0.9066848754882812
                }
            }
        },
        {
            "header": {
                "seq": 0,
                "stamp": {
                    "secs": 1687318025,
                    "nsecs": 413809139
                },
                "frame_id": "polhemus_base_0"
            },
            "child_frame_id": "polhemus_station_4",
            "transform": {
                "translation": {
                    "x": 0.1382800191640854,
                    "y": 0.0614999495446682,
                    "z": 0.04536488652229309
                },
                "rotation": {
                    "x": 0.4228161871433258,
                    "y": 0.24563974142074585,
                    "z": 0.22022823989391327,
                    "w": -0.8440302014350891
                }
            }
        },
        {
            "header": {
                "seq": 0,
                "stamp": {
                    "secs": 1687318025,
                    "nsecs": 413809139
                },
                "frame_id": "polhemus_base_0"
            },
            "child_frame_id": "polhemus_station_5",
            "transform": {
                "translation": {
                    "x": 0.18833373486995697,
                    "y": 0.051844291388988495,
                    "z": 0.009302670136094093
                },
                "rotation": {
                    "x": 0.2833867073059082,
                    "y": -0.30582404136657715,
                    "z": 0.08733583986759186,
                    "w": -0.9047298431396484
                }
            }
        }
    ]
}