{
    "transforms": [
        {
            "header": {
                "seq": 0,
                "stamp": {
                    "secs": 1687318013,
                    "nsecs": 895184906
                },
                "frame_id": "ra_base"
            },
            "child_frame_id": "ra_tool0_controller",
            "transform": {
                "translation": {
                    "x": -0.6728513077449543,
                    "y": -0.7293902223044962,
                    "z": 0.6299639069705062
                },
                "rotation": {
                    "x": -0.49073860627084787,
                    "y": -0.5021441494957841,
                    "z": 0.5050211825272813,
                    "w": 0.5019765718051468
                }
            }
        }
    ]
}