{
    "transforms": [
        {
            "header": {
                "seq": 0,
                "stamp": {
                    "secs": 1687318018,
                    "nsecs": 539184906
                },
                "frame_id": "ra_base"
            },
            "child_frame_id": "ra_tool0_controller",
            "transform": {
                "translation": {
                    "x": -0.6728399593106045,
                    "y": -0.7293906843060105,
                    "z": 0.6299493122027686
                },
                "rotation": {
                    "x": -0.49073916714377647,
                    "y": -0.5021553156890622,
                    "z": 0.5050198433735565,
                    "w": 0.501966200610359
                }
            }
        }
    ]
}