{
    "transforms": [
        {
            "header": {
                "seq": 0,
                "stamp": {
                    "secs": 1687318020,
                    "nsecs": 423184906
                },
                "frame_id": "ra_base"
            },
            "child_frame_id": "ra_tool0_controller",
            "transform": {
                "translation": {
                    "x": -0.6728172849504738,
                    "y": -0.7294052504868038,
                    "z": 0.6299393183018323
                },
                "rotation": {
                    "x": -0.4907333507551509,
                    "y": -0.5021745210081816,
                    "z": 0.5050080259057061,
                    "w": 0.5019645631692013
                }
            }
        }
    ]
}