{
    "transforms": [
        {
            "header": {
                "seq": 0,
                "stamp": {
                    "secs": 1687318023,
                    "nsecs": 413798130
                },
                "frame_id": "polhemus_base_0"
            },
            "child_frame_id": "polhemus_station_0",
            "transform": {
                "translation": {
                    "x": 0.04530305042862892,
                    "y": -0.07012707740068436,
                    "z": 0.14154155552387238
                },
                "rotation": {
                    "x": -0.2451622039079666,
                    "y": -0.5864158868789673,
                    "z": -0.1480727344751358,
                    "w": 0.7576848268508911
                }
            }
        },
        {
            "header": {
                "seq": 0,
                "stamp": {
                    "secs": 1687318023,
                    "nsecs": 413798130
                },
                "frame_id": "polhemus_base_0"
            },
            "child_frame_id": "polhemus_station_1",
            "transform": {
                "translation": {
                    "x": 0.13558721542358398,
                    "y": -0.023984767496585846,
                    "z": 0.05083071067929268
                },
                "rotation": {
                    "x": 0.08836053311824799,
                    "y": -0.28574156761169434,
                    "z": 0.10322705656290054,
                    "w": 0.948624312877655
                }
            }
        },
        {
            "header": {
                "seq": 0,
                "stamp": {
                    "secs": 1687318023,
                    "nsecs": 413798130
                },
                "frame_id": "polhemus_base_0"
            },
            "child_frame_id": "polhemus_station_2",
            "transform": {
                "translation": {
                    "x": 0.14404705166816711,
                    "y": -0.013246890157461166,
                    "z": 0.061492931097745895
                },
                "rotation": {
                    "x": 0.030470799654722214,
                    "y": -0.4129883646965027,
                    "z": -0.13846126198768616,
                    "w": 0.8996335864067078
                }
            }
        },
        {
            "header": {
                "seq": 0,
                "stamp": {
                    "secs": 1687318023,
                    "nsecs": 413798130
                },
                "frame_id": "polhemus_base_0"
            },
            "child_frame_id": "polhemus_station_3",
            "transform": {
                "translation": {
                    "x": 0.12338146567344666,
                    "y": 0.04451369866728783,
                    "z": 0.040409497916698456
                },
                "rotation": {
                    "x": -0.2219768464565277,
                    "y": -0.3453657329082489,
                    "z": -0.09696255624294281,
                    "w": 0.906667947769165
                }
            }
        },
        {
            "header": {
                "seq": 0,
                "stamp": {
                    "secs": 1687318023,
                    "nsecs": 413798130
                },
                "frame_id": "polhemus_base_0"
            },
            "child_frame_id": "polhemus_station_4",
            "transform": {
                "translation": {
                    "x": 0.138250470161438,
                    "y": 0.06149069219827652,
                    "z": 0.045404862612485886
                },
                "rotation": {
                    "x": 0.42198243737220764,
                    "y": 0.24543581902980804,
                    "z": 0.22023165225982666,
                    "w": -0.8445059061050415
                }
            }
        },
        {
            "header": {
                "seq": 0,
                "stamp": {
                    "secs": 1687318023,
                    "nsecs": 413798130
                },
                "frame_id": "polhemus_base_0"
            },
            "child_frame_id": "polhemus_station_5",
            "transform": {
                "translation": {
                    "x": 0.18831297755241394,
                    "y": 0.05195115879178047,
                    "z": 0.009205849841237068
                },
                "rotation": {
                    "x": 0.2832958698272705,
                    "y": -0.3063729405403137,
                    "z": 0.08645264804363251,
                    "w": -0.9046574234962463
                }
            }
        }
    ]
}