{
    "transforms": [
        {
            "header": {
                "seq": 0,
                "stamp": {
                    "secs": 1687318017,
                    "nsecs": 731184906
                },
                "frame_id": "ra_base"
            },
            "child_frame_id": "ra_tool0_controller",
            "transform": {
                "translation": {
                    "x": -0.67284664666819,
                    "y": -0.7293920187140444,
                    "z": 0.6299353485408347
                },
                "rotation": {
                    "x": -0.4907336651058934,
                    "y": -0.5021652728799205,
                    "z": 0.5050081849615914,
                    "w": 0.5019733476659601
                }
            }
        }
    ]
}