{
    "transforms": [
        {
            "header": {
                "seq": 0,
                "stamp": {
                    "secs": 1687318011,
                    "nsecs": 757184906
                },
                "frame_id": "ra_base"
            },
            "child_frame_id": "ra_tool0_controller",
            "transform": {
                "translation": {
                    "x": -0.6944851799221787,
                    "y": -0.6891508189544869,
                    "z": 0.6362300508225278
                },
                "rotation": {
                    "x": -0.4909235035372842,
                    "y": -0.5024894943709488,
                    "z": 0.504364003771093,
                    "w": 0.5021109174490225
                }
            }
        }
    ]
}