{
    "transforms": [
        {
            "header": {
                "seq": 0,
                "stamp": {
                    "secs": 1687318017,
                    "nsecs": 149184906
                },
                "frame_id": "ra_base"
            },
            "child_frame_id": "ra_tool0_controller",
            "transform": {
                "translation": {
                    "x": -0.6728245171070059,
                    "y": -0.7294136243648721,
                    "z": 0.6299193238725407
                },
                "rotation": {
                    "x": -0.4907264880271875,
                    "y": -0.5021807681177074,
                    "z": 0.5050114780476109,
                    "w": 0.5019615494451536
                }
            }
        }
    ]
}