{
    "transforms": [
        {
            "header": {
                "seq": 0,
                "stamp": {
                    "secs": 1687318025,
                    "nsecs": 37184906
                },
                "frame_id": "ra_base"
            },
            "child_frame_id": "ra_tool0_controller",
            "transform": {
                "translation": {
                    "x": -0.6728618750152523,
                    "y": -0.7293737693254518,
                    "z": 0.6299366163333078
                },
                "rotation": {
                    "x": -0.4907477701150864,
                    "y": -0.5021614101008968,
                    "z": 0.5049927986863327,
                    "w": 0.5019789015561255
                }
            }
        }
    ]
}