{
    "transforms": [
        {
            "header": {
                "seq": 0,
                "stamp": {
                    "secs": 1687318003,
                    "nsecs": 5453801
                },
                "frame_id": "polhemus_base_0"
            },
            "child_frame_id": "polhemus_station_0",
            "transform": {
                "translation": {
                    "x": 0.047093551605939865,
                    "y": -0.07185220718383789,
                    "z": 0.14050421118736267
                },
                "rotation": {
                    "x": -0.23666897416114807,
                    "y": -0.5793032050132751,
                    "z": -0.1499445140361786,
                    "w": 0.7654488682746887
                }
            }
        },
        {
            "header": {
                "seq": 0,
                "stamp": {
                    "secs": 1687318003,
                    "nsecs": 5453801
                },
                "frame_id": "polhemus_base_0"
            },
            "child_frame_id": "polhemus_station_1",
            "transform": {
                "translation": {
                    "x": 0.1355089545249939,
                    "y": -0.024047967046499252,
                    "z": 0.0508846789598465
                },
                "rotation": {
                    "x": 0.086864173412323,
                    "y": -0.2867248058319092,
                    "z": 0.10257838666439056,
                    "w": 0.9485362768173218
                }
            }
        },
        {
            "header": {
                "seq": 0,
                "stamp": {
                    "secs": 1687318003,
                    "nsecs": 5453801
                },
                "frame_id": "polhemus_base_0"
            },
            "child_frame_id": "polhemus_station_2",
            "transform": {
                "translation": {
                    "x": 0.14402244985103607,
                    "y": -0.013379395008087158,
                    "z": 0.061495959758758545
                },
                "rotation": {
                    "x": 0.030534647405147552,
                    "y": -0.4135303497314453,
                    "z": -0.14055371284484863,
                    "w": 0.8990578055381775
                }
            }
        },
        {
            "header": {
                "seq": 0,
                "stamp": {
                    "secs": 1687318003,
                    "nsecs": 5453801
                },
                "frame_id": "polhemus_base_0"
            },
            "child_frame_id": "polhemus_station_3",
            "transform": {
                "translation": {
                    "x": 0.12279056757688522,
                    "y": 0.044582612812519073,
                    "z": 0.04160212725400925
                },
                "rotation": {
                    "x": -0.2234160602092743,
                    "y": -0.3513084650039673,
                    "z": -0.09682361036539078,
                    "w": 0.9040423035621643
                }
            }
        },
        {
            "header": {
                "seq": 0,
                "stamp": {
                    "secs": 1687318003,
                    "nsecs": 5453801
                },
                "frame_id": "polhemus_base_0"
            },
            "child_frame_id": "polhemus_station_4",
            "transform": {
                "translation": {
                    "x": 0.13708624243736267,
                    "y": 0.062010303139686584,
                    "z": 0.046607568860054016
                },
                "rotation": {
                    "x": 0.40633511543273926,
                    "y": 0.24883292615413666,
                    "z": 0.21517905592918396,
                    "w": -0.8524504899978638
                }
            }
        },
        {
            "header": {
                "seq": 0,
                "stamp": {
                    "secs": 1687318003,
                    "nsecs": 5453801
                },
                "frame_id": "polhemus_base_0"
            },
            "child_frame_id": "polhemus_station_5",
            "transform": {
                "translation": {
                    "x": 0.1884039044380188,
                    "y": 0.05318061634898186,
                    "z": 0.009644667617976665
                },
                "rotation": {
                    "x": 0.2764415144920349,
                    "y": -0.3059538006782532,
                    "z": 0.07928726077079773,
                    "w": -0.9075713753700256
                }
            }
        }
    ]
}