{
    "transforms": [
        {
            "header": {
                "seq": 0,
                "stamp": {
                    "secs": 1687318021,
                    "nsecs": 709184906
                },
                "frame_id": "ra_base"
            },
            "child_frame_id": "ra_tool0_controller",
            "transform": {
                "translation": {
                    "x": -0.6728560091094401,
                    "y": -0.7293755165994379,
                    "z": 0.6299399027919077
                },
                "rotation": {
                    "x": -0.4907402716723692,
                    "y": -0.5021584431927796,
                    "z": 0.5050072530638549,
                    "w": 0.5019746587647954
                }
            }
        }
    ]
}