{
    "transforms": [
        {
            "header": {
                "seq": 0,
                "stamp": {
                    "secs": 1687318003,
                    "nsecs": 130449099
                },
                "frame_id": "polhemus_base_0"
            },
            "child_frame_id": "polhemus_station_0",
            "transform": {
                "translation": {
                    "x": 0.047102756798267365,
                    "y": -0.07180646806955338,
                    "z": 0.14052249491214752
                },
                "rotation": {
                    "x": -0.23687410354614258,
                    "y": -0.5793192386627197,
                    "z": -0.14969906210899353,
                    "w": 0.7654213905334473
                }
            }
        },
        {
            "header": {
                "seq": 0,
                "stamp": {
                    "secs": 1687318003,
                    "nsecs": 130449099
                },
                "frame_id": "polhemus_base_0"
            },
            "child_frame_id": "polhemus_station_1",
            "transform": {
                "translation": {
                    "x": 0.13554374873638153,
                    "y": -0.024112792685627937,
                    "z": 0.050823576748371124
                },
                "rotation": {
                    "x": 0.08699138462543488,
                    "y": -0.2865004539489746,
                    "z": 0.10230081528425217,
                    "w": 0.9486224055290222
                }
            }
        },
        {
            "header": {
                "seq": 0,
                "stamp": {
                    "secs": 1687318003,
                    "nsecs": 130449099
                },
                "frame_id": "polhemus_base_0"
            },
            "child_frame_id": "polhemus_station_2",
            "transform": {
                "translation": {
                    "x": 0.1440475583076477,
                    "y": -0.013408072292804718,
                    "z": 0.061480820178985596
                },
                "rotation": {
                    "x": 0.030809830874204636,
                    "y": -0.41340216994285583,
                    "z": -0.14058786630630493,
                    "w": 0.8991020321846008
                }
            }
        },
        {
            "header": {
                "seq": 0,
                "stamp": {
                    "secs": 1687318003,
                    "nsecs": 130449099
                },
                "frame_id": "polhemus_base_0"
            },
            "child_frame_id": "polhemus_station_3",
            "transform": {
                "translation": {
                    "x": 0.12285804748535156,
                    "y": 0.044466376304626465,
                    "z": 0.0414985828101635
                },
                "rotation": {
                    "x": -0.22376862168312073,
                    "y": -0.35074830055236816,
                    "z": -0.09759210050106049,
                    "w": 0.9040899872779846
                }
            }
        },
        {
            "header": {
                "seq": 0,
                "stamp": {
                    "secs": 1687318003,
                    "nsecs": 130449099
                },
                "frame_id": "polhemus_base_0"
            },
            "child_frame_id": "polhemus_station_4",
            "transform": {
                "translation": {
                    "x": 0.13717012107372284,
                    "y": 0.06186429411172867,
                    "z": 0.04654005914926529
                },
                "rotation": {
                    "x": 0.40682798624038696,
                    "y": 0.2484118491411209,
                    "z": 0.21597440540790558,
                    "w": -0.85213702917099
                }
            }
        },
        {
            "header": {
                "seq": 0,
                "stamp": {
                    "secs": 1687318003,
                    "nsecs": 130449099
                },
                "frame_id": "polhemus_base_0"
            },
            "child_frame_id": "polhemus_station_5",
            "transform": {
                "translation": {
                    "x": 0.18837974965572357,
                    "y": 0.05314818397164345,
                    "z": 0.009612086229026318
                },
                "rotation": {
                    "x": 0.2767595648765564,
                    "y": -0.30612921714782715,
                    "z": 0.0794544517993927,
                    "w": -0.9074007272720337
                }
            }
        }
    ]
}