{
    "transforms": [
        {
            "header": {
                "seq": 0,
                "stamp": {
                    "secs": 1687318027,
                    "nsecs": 315184906
                },
                "frame_id": "ra_base"
            },
            "child_frame_id": "ra_tool0_controller",
            "transform": {
                "translation": {
                    "x": -0.6728296917808626,
                    "y": -0.7293957746719415,
                    "z": 0.6299595557300092
                },
                "rotation": {
                    "x": -0.4907363186832574,
                    "y": -0.502156824011821,
                    "z": 0.5050179565520131,
                    "w": 0.5019693747467014
                }
            }
        }
    ]
}