{
    "transforms": [
        {
            "header": {
                "seq": 0,
                "stamp": {
                    "secs": 1687317999,
                    "nsecs": 527579978
                },
                "frame_id": "ra_base"
            },
            "child_frame_id": "ra_tool0_controller",
            "transform": {
                "translation": {
                    "x": -0.6760644229769452,
                    "y": -0.09155173576960783,
                    "z": 0.6376504073190193
                },
                "rotation": {
                    "x": -0.5027985451542958,
                    "y": -0.5053280720854231,
                    "z": 0.4962464446347715,
                    "w": 0.4955568874917407
                }
            }
        }
    ]
}