{
    "transforms": [
        {
            "header": {
                "seq": 0,
                "stamp": {
                    "secs": 1687318014,
                    "nsecs": 785184906
                },
                "frame_id": "ra_base"
            },
            "child_frame_id": "ra_tool0_controller",
            "transform": {
                "translation": {
                    "x": -0.6728281279121747,
                    "y": -0.7293987962324266,
                    "z": 0.6299609876238237
                },
                "rotation": {
                    "x": -0.49073376544145497,
                    "y": -0.5021605537540234,
                    "z": 0.5050158416737305,
                    "w": 0.5019702674139949
                }
            }
        }
    ]
}