{
    "transforms": [
        {
            "header": {
                "seq": 0,
                "stamp": {
                    "secs": 1687317999,
                    "nsecs": 902488752
                },
                "frame_id": "polhemus_base_0"
            },
            "child_frame_id": "rh_user_forearm",
            "transform": {
                "translation": {
                    "x": -0.18842564523220062,
                    "y": 0.053620584309101105,
                    "z": 0.009623482823371887
                },
                "rotation": {
                    "x": -0.2760314538607264,
                    "y": -0.30554198058976595,
                    "z": 0.07771855297724309,
                    "w": 0.907970572816069
                }
            }
        }
    ]
}