{
    "transforms": [
        {
            "header": {
                "seq": 0,
                "stamp": {
                    "secs": 1687318003,
                    "nsecs": 172166703
                },
                "frame_id": "polhemus_base_0"
            },
            "child_frame_id": "polhemus_station_0",
            "transform": {
                "translation": {
                    "x": 0.04707438498735428,
                    "y": -0.07180161774158478,
                    "z": 0.1405377984046936
                },
                "rotation": {
                    "x": -0.23706555366516113,
                    "y": -0.5794066786766052,
                    "z": -0.14988499879837036,
                    "w": 0.7652596235275269
                }
            }
        },
        {
            "header": {
                "seq": 0,
                "stamp": {
                    "secs": 1687318003,
                    "nsecs": 172166703
                },
                "frame_id": "polhemus_base_0"
            },
            "child_frame_id": "polhemus_station_1",
            "transform": {
                "translation": {
                    "x": 0.13554775714874268,
                    "y": -0.024111375212669373,
                    "z": 0.050837598741054535
                },
                "rotation": {
                    "x": 0.08710576593875885,
                    "y": -0.28652316331863403,
                    "z": 0.10237233340740204,
                    "w": 0.9485973119735718
                }
            }
        },
        {
            "header": {
                "seq": 0,
                "stamp": {
                    "secs": 1687318003,
                    "nsecs": 172166703
                },
                "frame_id": "polhemus_base_0"
            },
            "child_frame_id": "polhemus_station_2",
            "transform": {
                "translation": {
                    "x": 0.14404340088367462,
                    "y": -0.013435930013656616,
                    "z": 0.06148871034383774
                },
                "rotation": {
                    "x": 0.030826054513454437,
                    "y": -0.4134136140346527,
                    "z": -0.14074866473674774,
                    "w": 0.8990710973739624
                }
            }
        },
        {
            "header": {
                "seq": 0,
                "stamp": {
                    "secs": 1687318003,
                    "nsecs": 172166703
                },
                "frame_id": "polhemus_base_0"
            },
            "child_frame_id": "polhemus_station_3",
            "transform": {
                "translation": {
                    "x": 0.12285410612821579,
                    "y": 0.04446592181921005,
                    "z": 0.041497018188238144
                },
                "rotation": {
                    "x": -0.22386550903320312,
                    "y": -0.35071951150894165,
                    "z": -0.09767430275678635,
                    "w": 0.9040683507919312
                }
            }
        },
        {
            "header": {
                "seq": 0,
                "stamp": {
                    "secs": 1687318003,
                    "nsecs": 172166703
                },
                "frame_id": "polhemus_base_0"
            },
            "child_frame_id": "polhemus_station_4",
            "transform": {
                "translation": {
                    "x": 0.13717752695083618,
                    "y": 0.061847321689128876,
                    "z": 0.04656136408448219
                },
                "rotation": {
                    "x": 0.40711912512779236,
                    "y": 0.24856039881706238,
                    "z": 0.21608635783195496,
                    "w": -0.8519262671470642
                }
            }
        },
        {
            "header": {
                "seq": 0,
                "stamp": {
                    "secs": 1687318003,
                    "nsecs": 172166703
                },
                "frame_id": "polhemus_base_0"
            },
            "child_frame_id": "polhemus_station_5",
            "transform": {
                "translation": {
                    "x": 0.18838778138160706,
                    "y": 0.05306871607899666,
                    "z": 0.009630350396037102
                },
                "rotation": {
                    "x": 0.27666059136390686,
                    "y": -0.3061436116695404,
                    "z": 0.07970528304576874,
                    "w": -0.9074040651321411
                }
            }
        }
    ]
}