{
    "transforms": [
        {
            "header": {
                "seq": 0,
                "stamp": {
                    "secs": 1687318018,
                    "nsecs": 721184906
                },
                "frame_id": "ra_base"
            },
            "child_frame_id": "ra_tool0_controller",
            "transform": {
                "translation": {
                    "x": -0.6728463487482015,
                    "y": -0.7293769701366839,
                    "z": 0.6299470440942058
                },
                "rotation": {
                    "x": -0.49074668618029027,
                    "y": -0.5021527655721373,
                    "z": 0.5050007211243014,
                    "w": 0.5019806387653347
                }
            }
        }
    ]
}