{
    "transforms": [
        {
            "header": {
                "seq": 0,
                "stamp": {
                    "secs": 1687318016,
                    "nsecs": 988797777
                },
                "frame_id": "polhemus_base_0"
            },
            "child_frame_id": "polhemus_station_0",
            "transform": {
                "translation": {
                    "x": 0.04596136510372162,
                    "y": -0.07060510665178299,
                    "z": 0.14128121733665466
                },
                "rotation": {
                    "x": -0.24277503788471222,
                    "y": -0.5838016271591187,
                    "z": -0.14850378036499023,
                    "w": 0.7603831887245178
                }
            }
        },
        {
            "header": {
                "seq": 0,
                "stamp": {
                    "secs": 1687318016,
                    "nsecs": 988797777
                },
                "frame_id": "polhemus_base_0"
            },
            "child_frame_id": "polhemus_station_1",
            "transform": {
                "translation": {
                    "x": 0.13557568192481995,
                    "y": -0.024068862199783325,
                    "z": 0.050796929746866226
                },
                "rotation": {
                    "x": 0.0880391001701355,
                    "y": -0.2859538495540619,
                    "z": 0.10279323160648346,
                    "w": 0.9486374258995056
                }
            }
        },
        {
            "header": {
                "seq": 0,
                "stamp": {
                    "secs": 1687318016,
                    "nsecs": 988797777
                },
                "frame_id": "polhemus_base_0"
            },
            "child_frame_id": "polhemus_station_2",
            "transform": {
                "translation": {
                    "x": 0.144069641828537,
                    "y": -0.0133767519146204,
                    "z": 0.061429042369127274
                },
                "rotation": {
                    "x": 0.030407916754484177,
                    "y": -0.41292333602905273,
                    "z": -0.13966603577136993,
                    "w": 0.899479329586029
                }
            }
        },
        {
            "header": {
                "seq": 0,
                "stamp": {
                    "secs": 1687318016,
                    "nsecs": 988797777
                },
                "frame_id": "polhemus_base_0"
            },
            "child_frame_id": "polhemus_station_3",
            "transform": {
                "translation": {
                    "x": 0.12324050813913345,
                    "y": 0.044471368193626404,
                    "z": 0.040579598397016525
                },
                "rotation": {
                    "x": -0.22002674639225006,
                    "y": -0.3463311493396759,
                    "z": -0.09610936045646667,
                    "w": 0.9068658947944641
                }
            }
        },
        {
            "header": {
                "seq": 0,
                "stamp": {
                    "secs": 1687318016,
                    "nsecs": 988797777
                },
                "frame_id": "polhemus_base_0"
            },
            "child_frame_id": "polhemus_station_4",
            "transform": {
                "translation": {
                    "x": 0.13803038001060486,
                    "y": 0.061494648456573486,
                    "z": 0.04564596340060234
                },
                "rotation": {
                    "x": 0.4174481928348541,
                    "y": 0.24546341598033905,
                    "z": 0.21945393085479736,
                    "w": -0.8469502329826355
                }
            }
        },
        {
            "header": {
                "seq": 0,
                "stamp": {
                    "secs": 1687318016,
                    "nsecs": 988797777
                },
                "frame_id": "polhemus_base_0"
            },
            "child_frame_id": "polhemus_station_5",
            "transform": {
                "translation": {
                    "x": 0.18832963705062866,
                    "y": 0.05216434225440025,
                    "z": 0.009339765645563602
                },
                "rotation": {
                    "x": 0.28149712085723877,
                    "y": -0.3062424063682556,
                    "z": 0.08511096239089966,
                    "w": -0.9053900241851807
                }
            }
        }
    ]
}