{
    "transforms": [
        {
            "header": {
                "seq": 0,
                "stamp": {
                    "secs": 1687318014,
                    "nsecs": 601184906
                },
                "frame_id": "ra_base"
            },
            "child_frame_id": "ra_tool0_controller",
            "transform": {
                "translation": {
                    "x": -0.6728517285021425,
                    "y": -0.7293977832554284,
                    "z": 0.6299487315424627
                },
                "rotation": {
                    "x": -0.4907374882456809,
                    "y": -0.5021598992157195,
                    "z": 0.5050188358392677,
                    "w": 0.5019642703395626
                }
            }
        }
    ]
}