{
    "transforms": [
        {
            "header": {
                "seq": 0,
                "stamp": {
                    "secs": 1687318013,
                    "nsecs": 409184906
                },
                "frame_id": "ra_base"
            },
            "child_frame_id": "ra_tool0_controller",
            "transform": {
                "translation": {
                    "x": -0.6728323584575843,
                    "y": -0.7293917694964367,
                    "z": 0.629970097057414
                },
                "rotation": {
                    "x": -0.4907439775109812,
                    "y": -0.5021460785706919,
                    "z": 0.5050193005760694,
                    "w": 0.5019712843962649
                }
            }
        }
    ]
}