{
    "transforms": [
        {
            "header": {
                "seq": 0,
                "stamp": {
                    "secs": 1687318017,
                    "nsecs": 625184906
                },
                "frame_id": "ra_base"
            },
            "child_frame_id": "ra_tool0_controller",
            "transform": {
                "translation": {
                    "x": -0.6728484655001277,
                    "y": -0.7293697023669634,
                    "z": 0.6299667686068215
                },
                "rotation": {
                    "x": -0.49076030112906477,
                    "y": -0.502123695663692,
                    "z": 0.5050266980185079,
                    "w": 0.5019702733999979
                }
            }
        }
    ]
}