{
    "transforms": [
        {
            "header": {
                "seq": 0,
                "stamp": {
                    "secs": 1687318002,
                    "nsecs": 71579978
                },
                "frame_id": "ra_base"
            },
            "child_frame_id": "ra_tool0_controller",
            "transform": {
                "translation": {
                    "x": -0.6760778887576732,
                    "y": -0.09153922688427901,
                    "z": 0.6376429393853337
                },
                "rotation": {
                    "x": -0.5028077299830745,
                    "y": -0.5053146744808263,
                    "z": 0.4962504343077508,
                    "w": 0.4955572347095469
                }
            }
        }
    ]
}