{
    "transforms": [
        {
            "header": {
                "seq": 0,
                "stamp": {
                    "secs": 1687318008,
                    "nsecs": 75184906
                },
                "frame_id": "ra_base"
            },
            "child_frame_id": "ra_tool0_controller",
            "transform": {
                "translation": {
                    "x": -0.6959128173102777,
                    "y": -0.12303529466937922,
                    "z": 0.6443239341726126
                },
                "rotation": {
                    "x": -0.5015010065008223,
                    "y": -0.5055050325957379,
                    "z": 0.4964608391464935,
                    "w": 0.4964756164133378
                }
            }
        }
    ]
}