{
    "transforms": [
        {
            "header": {
                "seq": 0,
                "stamp": {
                    "secs": 1687318018,
                    "nsecs": 185184906
                },
                "frame_id": "ra_base"
            },
            "child_frame_id": "ra_tool0_controller",
            "transform": {
                "translation": {
                    "x": -0.672856002366087,
                    "y": -0.7293792791578698,
                    "z": 0.6299267358616987
                },
                "rotation": {
                    "x": -0.4907461350689155,
                    "y": -0.5021630768805004,
                    "z": 0.5050002355601656,
                    "w": 0.5019713509922726
                }
            }
        }
    ]
}