{
    "transforms": [
        {
            "header": {
                "seq": 0,
                "stamp": {
                    "secs": 1687318022,
                    "nsecs": 595184906
                },
                "frame_id": "ra_base"
            },
            "child_frame_id": "ra_tool0_controller",
            "transform": {
                "translation": {
                    "x": -0.6728415137765713,
                    "y": -0.7293863730231243,
                    "z": 0.6299462037125823
                },
                "rotation": {
                    "x": -0.49073904230969334,
                    "y": -0.5021655083736227,
                    "z": 0.5050035067310793,
                    "w": 0.5019725617423116
                }
            }
        }
    ]
}