{
    "transforms": [
        {
            "header": {
                "seq": 0,
                "stamp": {
                    "secs": 1687318016,
                    "nsecs": 869184906
                },
                "frame_id": "ra_base"
            },
            "child_frame_id": "ra_tool0_controller",
            "transform": {
                "translation": {
                    "x": -0.6728431548298278,
                    "y": -0.7293889116958014,
                    "z": 0.6299499523689401
                },
                "rotation": {
                    "x": -0.49074856305511594,
                    "y": -0.5021434382473609,
                    "z": 0.5050302710825234,
                    "w": 0.5019584052237503
                }
            }
        }
    ]
}