{
    "transforms": [
        {
            "header": {
                "seq": 0,
                "stamp": {
                    "secs": 1687318023,
                    "nsecs": 629184906
                },
                "frame_id": "ra_base"
            },
            "child_frame_id": "ra_tool0_controller",
            "transform": {
                "translation": {
                    "x": -0.6728229849566227,
                    "y": -0.7293997338208881,
                    "z": 0.6299342985640823
                },
                "rotation": {
                    "x": -0.49073762672051213,
                    "y": -0.5021732008968086,
                    "z": 0.5050072007496754,
                    "w": 0.5019625336743271
                }
            }
        }
    ]
}