{
    "transforms": [
        {
            "header": {
                "seq": 0,
                "stamp": {
                    "secs": 1687318015,
                    "nsecs": 275184906
                },
                "frame_id": "ra_base"
            },
            "child_frame_id": "ra_tool0_controller",
            "transform": {
                "translation": {
                    "x": -0.6728396338763792,
                    "y": -0.729386570830978,
                    "z": 0.6299559958943338
                },
                "rotation": {
                    "x": -0.49073461722316786,
                    "y": -0.5021643343319175,
                    "z": 0.5050125431043233,
                    "w": 0.50196897124336
                }
            }
        }
    ]
}