{
    "transforms": [
        {
            "header": {
                "seq": 0,
                "stamp": {
                    "secs": 1687318007,
                    "nsecs": 609184906
                },
                "frame_id": "ra_base"
            },
            "child_frame_id": "ra_tool0_controller",
            "transform": {
                "translation": {
                    "x": -0.678144822300728,
                    "y": -0.09459948459380009,
                    "z": 0.6385548014991381
                },
                "rotation": {
                    "x": -0.5025814062707112,
                    "y": -0.5053076041722858,
                    "z": 0.496346524648021,
                    "w": 0.4956977735540582
                }
            }
        }
    ]
}