{
    "transforms": [
        {
            "header": {
                "seq": 0,
                "stamp": {
                    "secs": 1687318008,
                    "nsecs": 522196369
                },
                "frame_id": "polhemus_base_0"
            },
            "child_frame_id": "polhemus_station_0",
            "transform": {
                "translation": {
                    "x": 0.046618979424238205,
                    "y": -0.07136991620063782,
                    "z": 0.1408061534166336
                },
                "rotation": {
                    "x": -0.2389366328716278,
                    "y": -0.5812696218490601,
                    "z": -0.14916212856769562,
                    "w": 0.7634038329124451
                }
            }
        },
        {
            "header": {
                "seq": 0,
                "stamp": {
                    "secs": 1687318008,
                    "nsecs": 522196369
                },
                "frame_id": "polhemus_base_0"
            },
            "child_frame_id": "polhemus_station_1",
            "transform": {
                "translation": {
                    "x": 0.135588139295578,
                    "y": -0.02420717664062977,
                    "z": 0.05073249712586403
                },
                "rotation": {
                    "x": 0.0878281444311142,
                    "y": -0.28585678339004517,
                    "z": 0.10176080465316772,
                    "w": 0.9487975239753723
                }
            }
        },
        {
            "header": {
                "seq": 0,
                "stamp": {
                    "secs": 1687318008,
                    "nsecs": 522196369
                },
                "frame_id": "polhemus_base_0"
            },
            "child_frame_id": "polhemus_station_2",
            "transform": {
                "translation": {
                    "x": 0.14409121870994568,
                    "y": -0.01347456406801939,
                    "z": 0.06140650808811188
                },
                "rotation": {
                    "x": 0.031306423246860504,
                    "y": -0.4130193591117859,
                    "z": -0.1408499926328659,
                    "w": 0.899219810962677
                }
            }
        },
        {
            "header": {
                "seq": 0,
                "stamp": {
                    "secs": 1687318008,
                    "nsecs": 522196369
                },
                "frame_id": "polhemus_base_0"
            },
            "child_frame_id": "polhemus_station_3",
            "transform": {
                "translation": {
                    "x": 0.12298272550106049,
                    "y": 0.04445476084947586,
                    "z": 0.04103522002696991
                },
                "rotation": {
                    "x": -0.22211816906929016,
                    "y": -0.349056601524353,
                    "z": -0.09624127298593521,
                    "w": 0.905295729637146
                }
            }
        },
        {
            "header": {
                "seq": 0,
                "stamp": {
                    "secs": 1687318008,
                    "nsecs": 522196369
                },
                "frame_id": "polhemus_base_0"
            },
            "child_frame_id": "polhemus_station_4",
            "transform": {
                "translation": {
                    "x": 0.13761785626411438,
                    "y": 0.061685580760240555,
                    "z": 0.04614035040140152
                },
                "rotation": {
                    "x": 0.4119476079940796,
                    "y": 0.24617332220077515,
                    "z": 0.21846792101860046,
                    "w": -0.8496878743171692
                }
            }
        },
        {
            "header": {
                "seq": 0,
                "stamp": {
                    "secs": 1687318008,
                    "nsecs": 522196369
                },
                "frame_id": "polhemus_base_0"
            },
            "child_frame_id": "polhemus_station_5",
            "transform": {
                "translation": {
                    "x": 0.1883687674999237,
                    "y": 0.052674829959869385,
                    "z": 0.009559300728142262
                },
                "rotation": {
                    "x": 0.27880820631980896,
                    "y": -0.3057995140552521,
                    "z": 0.08250464498996735,
                    "w": -0.9066120982170105
                }
            }
        }
    ]
}