{
    "transforms": [
        {
            "header": {
                "seq": 0,
                "stamp": {
                    "secs": 1687318006,
                    "nsecs": 238770437
                },
                "frame_id": "polhemus_base_0"
            },
            "child_frame_id": "polhemus_station_0",
            "transform": {
                "translation": {
                    "x": 0.04661424458026886,
                    "y": -0.07150375097990036,
                    "z": 0.14075016975402832
                },
                "rotation": {
                    "x": -0.23821575939655304,
                    "y": -0.581340491771698,
                    "z": -0.1493109166622162,
                    "w": 0.7635460495948792
                }
            }
        },
        {
            "header": {
                "seq": 0,
                "stamp": {
                    "secs": 1687318006,
                    "nsecs": 238770437
                },
                "frame_id": "polhemus_base_0"
            },
            "child_frame_id": "polhemus_station_1",
            "transform": {
                "translation": {
                    "x": 0.13557292520999908,
                    "y": -0.024121787399053574,
                    "z": 0.05076158419251442
                },
                "rotation": {
                    "x": 0.08766880631446838,
                    "y": -0.2859892249107361,
                    "z": 0.1023968756198883,
                    "w": 0.9487038254737854
                }
            }
        },
        {
            "header": {
                "seq": 0,
                "stamp": {
                    "secs": 1687318006,
                    "nsecs": 238770437
                },
                "frame_id": "polhemus_base_0"
            },
            "child_frame_id": "polhemus_station_2",
            "transform": {
                "translation": {
                    "x": 0.14406083524227142,
                    "y": -0.01344076357781887,
                    "z": 0.06143101677298546
                },
                "rotation": {
                    "x": 0.03162806108593941,
                    "y": -0.4131905734539032,
                    "z": -0.1405821293592453,
                    "w": 0.8991718292236328
                }
            }
        },
        {
            "header": {
                "seq": 0,
                "stamp": {
                    "secs": 1687318006,
                    "nsecs": 238770437
                },
                "frame_id": "polhemus_base_0"
            },
            "child_frame_id": "polhemus_station_3",
            "transform": {
                "translation": {
                    "x": 0.1229226142168045,
                    "y": 0.04448843374848366,
                    "z": 0.041139647364616394
                },
                "rotation": {
                    "x": -0.22227615118026733,
                    "y": -0.34960854053497314,
                    "z": -0.0958947092294693,
                    "w": 0.9050807356834412
                }
            }
        },
        {
            "header": {
                "seq": 0,
                "stamp": {
                    "secs": 1687318006,
                    "nsecs": 238770437
                },
                "frame_id": "polhemus_base_0"
            },
            "child_frame_id": "polhemus_station_4",
            "transform": {
                "translation": {
                    "x": 0.1375405490398407,
                    "y": 0.061743564903736115,
                    "z": 0.046230606734752655
                },
                "rotation": {
                    "x": 0.4103284180164337,
                    "y": 0.246109277009964,
                    "z": 0.21779999136924744,
                    "w": -0.8506608605384827
                }
            }
        },
        {
            "header": {
                "seq": 0,
                "stamp": {
                    "secs": 1687318006,
                    "nsecs": 238770437
                },
                "frame_id": "polhemus_base_0"
            },
            "child_frame_id": "polhemus_station_5",
            "transform": {
                "translation": {
                    "x": 0.1883566826581955,
                    "y": 0.05277329683303833,
                    "z": 0.009578393772244453
                },
                "rotation": {
                    "x": 0.2776757776737213,
                    "y": -0.30602484941482544,
                    "z": 0.08174251019954681,
                    "w": -0.9069526791572571
                }
            }
        }
    ]
}