{
    "transforms": [
        {
            "header": {
                "seq": 0,
                "stamp": {
                    "secs": 1687318024,
                    "nsecs": 388805472
                },
                "frame_id": "polhemus_base_0"
            },
            "child_frame_id": "polhemus_station_0",
            "transform": {
                "translation": {
                    "x": 0.04528386890888214,
                    "y": -0.07006558775901794,
                    "z": 0.14158403873443604
                },
                "rotation": {
                    "x": -0.24542589485645294,
                    "y": -0.5865252614021301,
                    "z": -0.14791473746299744,
                    "w": 0.7575456500053406
                }
            }
        },
        {
            "header": {
                "seq": 0,
                "stamp": {
                    "secs": 1687318024,
                    "nsecs": 388805472
                },
                "frame_id": "polhemus_base_0"
            },
            "child_frame_id": "polhemus_station_1",
            "transform": {
                "translation": {
                    "x": 0.13559220731258392,
                    "y": -0.023978862911462784,
                    "z": 0.0508328340947628
                },
                "rotation": {
                    "x": 0.0883335992693901,
                    "y": -0.28569287061691284,
                    "z": 0.10326660424470901,
                    "w": 0.9486371874809265
                }
            }
        },
        {
            "header": {
                "seq": 0,
                "stamp": {
                    "secs": 1687318024,
                    "nsecs": 388805472
                },
                "frame_id": "polhemus_base_0"
            },
            "child_frame_id": "polhemus_station_2",
            "transform": {
                "translation": {
                    "x": 0.1440589427947998,
                    "y": -0.013254091143608093,
                    "z": 0.061481937766075134
                },
                "rotation": {
                    "x": 0.03033745288848877,
                    "y": -0.4128778576850891,
                    "z": -0.13853049278259277,
                    "w": 0.899678111076355
                }
            }
        },
        {
            "header": {
                "seq": 0,
                "stamp": {
                    "secs": 1687318024,
                    "nsecs": 388805472
                },
                "frame_id": "polhemus_base_0"
            },
            "child_frame_id": "polhemus_station_3",
            "transform": {
                "translation": {
                    "x": 0.12340076267719269,
                    "y": 0.04450760409235954,
                    "z": 0.04038210213184357
                },
                "rotation": {
                    "x": -0.22212083637714386,
                    "y": -0.34517741203308105,
                    "z": -0.09704682230949402,
                    "w": 0.9066953063011169
                }
            }
        },
        {
            "header": {
                "seq": 0,
                "stamp": {
                    "secs": 1687318024,
                    "nsecs": 388805472
                },
                "frame_id": "polhemus_base_0"
            },
            "child_frame_id": "polhemus_station_4",
            "transform": {
                "translation": {
                    "x": 0.13825732469558716,
                    "y": 0.061511799693107605,
                    "z": 0.045379675924777985
                },
                "rotation": {
                    "x": 0.42239394783973694,
                    "y": 0.24562034010887146,
                    "z": 0.22018679976463318,
                    "w": -0.8442579507827759
                }
            }
        },
        {
            "header": {
                "seq": 0,
                "stamp": {
                    "secs": 1687318024,
                    "nsecs": 388805472
                },
                "frame_id": "polhemus_base_0"
            },
            "child_frame_id": "polhemus_station_5",
            "transform": {
                "translation": {
                    "x": 0.18831409513950348,
                    "y": 0.05194162204861641,
                    "z": 0.009240043349564075
                },
                "rotation": {
                    "x": 0.2836062014102936,
                    "y": -0.30615073442459106,
                    "z": 0.0866018682718277,
                    "w": -0.9046211838722229
                }
            }
        }
    ]
}