{
    "transforms": [
        {
            "header": {
                "seq": 0,
                "stamp": {
                    "secs": 1687318010,
                    "nsecs": 875184906
                },
                "frame_id": "ra_base"
            },
            "child_frame_id": "ra_tool0_controller",
            "transform": {
                "translation": {
                    "x": -0.7465276245231645,
                    "y": -0.5482432581866249,
                    "z": 0.6526353983241847
                },
                "rotation": {
                    "x": -0.4920198598665064,
                    "y": -0.5037124669957058,
                    "z": 0.5021110386970928,
                    "w": 0.5020704262437391
                }
            }
        }
    ]
}