{
    "transforms": [
        {
            "header": {
                "seq": 0,
                "stamp": {
                    "secs": 1687318022,
                    "nsecs": 472161436
                },
                "frame_id": "polhemus_base_0"
            },
            "child_frame_id": "polhemus_station_0",
            "transform": {
                "translation": {
                    "x": 0.04542466998100281,
                    "y": -0.07018670439720154,
                    "z": 0.14151044189929962
                },
                "rotation": {
                    "x": -0.24494870007038116,
                    "y": -0.5859244465827942,
                    "z": -0.14808091521263123,
                    "w": 0.75813227891922
                }
            }
        },
        {
            "header": {
                "seq": 0,
                "stamp": {
                    "secs": 1687318022,
                    "nsecs": 472161436
                },
                "frame_id": "polhemus_base_0"
            },
            "child_frame_id": "polhemus_station_1",
            "transform": {
                "translation": {
                    "x": 0.13557575643062592,
                    "y": -0.023987378925085068,
                    "z": 0.05083966255187988
                },
                "rotation": {
                    "x": 0.08831381797790527,
                    "y": -0.28580203652381897,
                    "z": 0.10326201468706131,
                    "w": 0.9486066699028015
                }
            }
        },
        {
            "header": {
                "seq": 0,
                "stamp": {
                    "secs": 1687318022,
                    "nsecs": 472161436
                },
                "frame_id": "polhemus_base_0"
            },
            "child_frame_id": "polhemus_station_2",
            "transform": {
                "translation": {
                    "x": 0.14405038952827454,
                    "y": -0.013266008347272873,
                    "z": 0.06148053705692291
                },
                "rotation": {
                    "x": 0.030619408935308456,
                    "y": -0.4129185676574707,
                    "z": -0.13857051730155945,
                    "w": 0.8996438384056091
                }
            }
        },
        {
            "header": {
                "seq": 0,
                "stamp": {
                    "secs": 1687318022,
                    "nsecs": 472161436
                },
                "frame_id": "polhemus_base_0"
            },
            "child_frame_id": "polhemus_station_3",
            "transform": {
                "translation": {
                    "x": 0.12335826456546783,
                    "y": 0.04450371116399765,
                    "z": 0.040451742708683014
                },
                "rotation": {
                    "x": -0.2219105064868927,
                    "y": -0.3456307053565979,
                    "z": -0.0969545915722847,
                    "w": 0.9065840244293213
                }
            }
        },
        {
            "header": {
                "seq": 0,
                "stamp": {
                    "secs": 1687318022,
                    "nsecs": 472161436
                },
                "frame_id": "polhemus_base_0"
            },
            "child_frame_id": "polhemus_station_4",
            "transform": {
                "translation": {
                    "x": 0.13823120296001434,
                    "y": 0.06148552522063255,
                    "z": 0.04542585089802742
                },
                "rotation": {
                    "x": 0.4214004576206207,
                    "y": 0.24526433646678925,
                    "z": 0.2202039510011673,
                    "w": -0.8448534607887268
                }
            }
        },
        {
            "header": {
                "seq": 0,
                "stamp": {
                    "secs": 1687318022,
                    "nsecs": 472161436
                },
                "frame_id": "polhemus_base_0"
            },
            "child_frame_id": "polhemus_station_5",
            "transform": {
                "translation": {
                    "x": 0.18832194805145264,
                    "y": 0.0519874133169651,
                    "z": 0.009262901730835438
                },
                "rotation": {
                    "x": 0.28306856751441956,
                    "y": -0.30613943934440613,
                    "z": 0.08633776009082794,
                    "w": -0.9048185348510742
                }
            }
        }
    ]
}