{
    "transforms": [
        {
            "header": {
                "seq": 0,
                "stamp": {
                    "secs": 1687318023,
                    "nsecs": 927470141
                },
                "frame_id": "polhemus_base_0"
            },
            "child_frame_id": "rh_user_forearm",
            "transform": {
                "translation": {
                    "x": -0.18830208480358124,
                    "y": 0.0519646592438221,
                    "z": 0.009267647750675678
                },
                "rotation": {
                    "x": -0.2833404041559226,
                    "y": -0.30595878571710433,
                    "z": 0.08651568870604542,
                    "w": 0.9047775817420501
                }
            }
        }
    ]
}