{
    "transforms": [
        {
            "header": {
                "seq": 0,
                "stamp": {
                    "secs": 1687318022,
                    "nsecs": 193184906
                },
                "frame_id": "ra_base"
            },
            "child_frame_id": "ra_tool0_controller",
            "transform": {
                "translation": {
                    "x": -0.6728338889420032,
                    "y": -0.7293862151427538,
                    "z": 0.6299663230931971
                },
                "rotation": {
                    "x": -0.49073320644183976,
                    "y": -0.5021581678838742,
                    "z": 0.5050205278405276,
                    "w": 0.5019684860451863
                }
            }
        }
    ]
}