{
    "transforms": [
        {
            "header": {
                "seq": 0,
                "stamp": {
                    "secs": 1687318000,
                    "nsecs": 563579978
                },
                "frame_id": "ra_base"
            },
            "child_frame_id": "ra_tool0_controller",
            "transform": {
                "translation": {
                    "x": -0.6760825014175528,
                    "y": -0.09154301064008195,
                    "z": 0.6376274920615678
                },
                "rotation": {
                    "x": -0.5028108367202521,
                    "y": -0.5053199915740672,
                    "z": 0.49625645334397117,
                    "w": 0.4955426329860308
                }
            }
        }
    ]
}