{
    "transforms": [
        {
            "header": {
                "seq": 0,
                "stamp": {
                    "secs": 1687317999,
                    "nsecs": 633579978
                },
                "frame_id": "ra_base"
            },
            "child_frame_id": "ra_tool0_controller",
            "transform": {
                "translation": {
                    "x": -0.6760749232251976,
                    "y": -0.09154110094204922,
                    "z": 0.6376373074662561
                },
                "rotation": {
                    "x": -0.5028039143508406,
                    "y": -0.5053224582139783,
                    "z": 0.4962567132939793,
                    "w": 0.49554688118150025
                }
            }
        }
    ]
}