{
    "transforms": [
        {
            "header": {
                "seq": 0,
                "stamp": {
                    "secs": 1687318001,
                    "nsecs": 991579978
                },
                "frame_id": "ra_base"
            },
            "child_frame_id": "ra_tool0_controller",
            "transform": {
                "translation": {
                    "x": -0.6760782356979629,
                    "y": -0.09153920038251985,
                    "z": 0.6376430325523872
                },
                "rotation": {
                    "x": -0.5028125262724292,
                    "y": -0.5053083720860776,
                    "z": 0.4962489335804673,
                    "w": 0.49556029748508384
                }
            }
        }
    ]
}