{
    "transforms": [
        {
            "header": {
                "seq": 0,
                "stamp": {
                    "secs": 1687318012,
                    "nsecs": 447184906
                },
                "frame_id": "ra_base"
            },
            "child_frame_id": "ra_tool0_controller",
            "transform": {
                "translation": {
                    "x": -0.6728514988336867,
                    "y": -0.7293256197194516,
                    "z": 0.6300293509380831
                },
                "rotation": {
                    "x": -0.49072762983426665,
                    "y": -0.5021392448572932,
                    "z": 0.5050410678474959,
                    "w": 0.5019722022969512
                }
            }
        }
    ]
}