{
    "transforms": [
        {
            "header": {
                "seq": 0,
                "stamp": {
                    "secs": 1687318012,
                    "nsecs": 219136647
                },
                "frame_id": "polhemus_base_0"
            },
            "child_frame_id": "rh_user_forearm",
            "transform": {
                "translation": {
                    "x": -0.18834257125854492,
                    "y": 0.05243010073900223,
                    "z": 0.009471571072936058
                },
                "rotation": {
                    "x": -0.27990520164412314,
                    "y": -0.3057969826490557,
                    "z": 0.08377757717567914,
                    "w": 0.9061581545502247
                }
            }
        }
    ]
}