{
    "transforms": [
        {
            "header": {
                "seq": 0,
                "stamp": {
                    "secs": 1687318011,
                    "nsecs": 859184906
                },
                "frame_id": "ra_base"
            },
            "child_frame_id": "ra_tool0_controller",
            "transform": {
                "translation": {
                    "x": -0.689058362731851,
                    "y": -0.6998132525258877,
                    "z": 0.6347126634725933
                },
                "rotation": {
                    "x": -0.490860550503398,
                    "y": -0.5023596476896659,
                    "z": 0.5045982186268658,
                    "w": 0.5020670693156539
                }
            }
        }
    ]
}