{
    "transforms": [
        {
            "header": {
                "seq": 0,
                "stamp": {
                    "secs": 1687318018,
                    "nsecs": 43184906
                },
                "frame_id": "ra_base"
            },
            "child_frame_id": "ra_tool0_controller",
            "transform": {
                "translation": {
                    "x": -0.6728404949846385,
                    "y": -0.7293869051133093,
                    "z": 0.6299330291275228
                },
                "rotation": {
                    "x": -0.49073929020599216,
                    "y": -0.5021727600428628,
                    "z": 0.5050025706117205,
                    "w": 0.5019660066126057
                }
            }
        }
    ]
}