{
    "transforms": [
        {
            "header": {
                "seq": 0,
                "stamp": {
                    "secs": 1687318015,
                    "nsecs": 655184906
                },
                "frame_id": "ra_base"
            },
            "child_frame_id": "ra_tool0_controller",
            "transform": {
                "translation": {
                    "x": -0.6728448002275966,
                    "y": -0.7293974810930465,
                    "z": 0.629917466662029
                },
                "rotation": {
                    "x": -0.4907262103995394,
                    "y": -0.5021797198374429,
                    "z": 0.5050066288938132,
                    "w": 0.5019677481514134
                }
            }
        }
    ]
}