{
    "transforms": [
        {
            "header": {
                "seq": 0,
                "stamp": {
                    "secs": 1687318016,
                    "nsecs": 730449525
                },
                "frame_id": "polhemus_base_0"
            },
            "child_frame_id": "polhemus_station_0",
            "transform": {
                "translation": {
                    "x": 0.04594571143388748,
                    "y": -0.07060912251472473,
                    "z": 0.14128053188323975
                },
                "rotation": {
                    "x": -0.24267616868019104,
                    "y": -0.5839260816574097,
                    "z": -0.1484971046447754,
                    "w": 0.7603203654289246
                }
            }
        },
        {
            "header": {
                "seq": 0,
                "stamp": {
                    "secs": 1687318016,
                    "nsecs": 730449525
                },
                "frame_id": "polhemus_base_0"
            },
            "child_frame_id": "polhemus_station_1",
            "transform": {
                "translation": {
                    "x": 0.13556644320487976,
                    "y": -0.02406773902475834,
                    "z": 0.050812020897865295
                },
                "rotation": {
                    "x": 0.08800771832466125,
                    "y": -0.2860379219055176,
                    "z": 0.10284166783094406,
                    "w": 0.9486096501350403
                }
            }
        },
        {
            "header": {
                "seq": 0,
                "stamp": {
                    "secs": 1687318016,
                    "nsecs": 730449525
                },
                "frame_id": "polhemus_base_0"
            },
            "child_frame_id": "polhemus_station_2",
            "transform": {
                "translation": {
                    "x": 0.1440657377243042,
                    "y": -0.013375879265367985,
                    "z": 0.061430592089891434
                },
                "rotation": {
                    "x": 0.030406272038817406,
                    "y": -0.41294386982917786,
                    "z": -0.1396898776292801,
                    "w": 0.8994662761688232
                }
            }
        },
        {
            "header": {
                "seq": 0,
                "stamp": {
                    "secs": 1687318016,
                    "nsecs": 730449525
                },
                "frame_id": "polhemus_base_0"
            },
            "child_frame_id": "polhemus_station_3",
            "transform": {
                "translation": {
                    "x": 0.12323424220085144,
                    "y": 0.044464804232120514,
                    "z": 0.040587712079286575
                },
                "rotation": {
                    "x": -0.21999116241931915,
                    "y": -0.3463461101055145,
                    "z": -0.09612701833248138,
                    "w": 0.9068669080734253
                }
            }
        },
        {
            "header": {
                "seq": 0,
                "stamp": {
                    "secs": 1687318016,
                    "nsecs": 730449525
                },
                "frame_id": "polhemus_base_0"
            },
            "child_frame_id": "polhemus_station_4",
            "transform": {
                "translation": {
                    "x": 0.13802945613861084,
                    "y": 0.06149107590317726,
                    "z": 0.045644957572221756
                },
                "rotation": {
                    "x": 0.41724273562431335,
                    "y": 0.24541592597961426,
                    "z": 0.21938934922218323,
                    "w": -0.8470819592475891
                }
            }
        },
        {
            "header": {
                "seq": 0,
                "stamp": {
                    "secs": 1687318016,
                    "nsecs": 730449525
                },
                "frame_id": "polhemus_base_0"
            },
            "child_frame_id": "polhemus_station_5",
            "transform": {
                "translation": {
                    "x": 0.18834532797336578,
                    "y": 0.052191607654094696,
                    "z": 0.009352334775030613
                },
                "rotation": {
                    "x": 0.28143975138664246,
                    "y": -0.30614522099494934,
                    "z": 0.0849793553352356,
                    "w": -0.9054530262947083
                }
            }
        }
    ]
}