{
    "transforms": [
        {
            "header": {
                "seq": 0,
                "stamp": {
                    "secs": 1687318012,
                    "nsecs": 977184906
                },
                "frame_id": "ra_base"
            },
            "child_frame_id": "ra_tool0_controller",
            "transform": {
                "translation": {
                    "x": -0.6728331375305175,
                    "y": -0.729408222170048,
                    "z": 0.629927990701709
                },
                "rotation": {
                    "x": -0.4907411475202817,
                    "y": -0.5021671223650487,
                    "z": 0.505004403790903,
                    "w": 0.5019679865269079
                }
            }
        }
    ]
}