{
    "transforms": [
        {
            "header": {
                "seq": 0,
                "stamp": {
                    "secs": 1687318009,
                    "nsecs": 905184906
                },
                "frame_id": "ra_base"
            },
            "child_frame_id": "ra_tool0_controller",
            "transform": {
                "translation": {
                    "x": -0.7653679259902226,
                    "y": -0.3798471537661857,
                    "z": 0.6615302207744123
                },
                "rotation": {
                    "x": -0.494496617945112,
                    "y": -0.5048893142774807,
                    "z": 0.49953030407369514,
                    "w": 0.5010282930946146
                }
            }
        }
    ]
}