{
    "transforms": [
        {
            "header": {
                "seq": 0,
                "stamp": {
                    "secs": 1687318008,
                    "nsecs": 210823770
                },
                "frame_id": "polhemus_base_0"
            },
            "child_frame_id": "rh_user_forearm",
            "transform": {
                "translation": {
                    "x": -0.18835705518722534,
                    "y": 0.052708741277456284,
                    "z": 0.009526439942419529
                },
                "rotation": {
                    "x": -0.27876860525847,
                    "y": -0.30604217139828643,
                    "z": 0.08224316124988991,
                    "w": 0.9065662228848446
                }
            }
        }
    ]
}