{
    "transforms": [
        {
            "header": {
                "seq": 0,
                "stamp": {
                    "secs": 1687318021,
                    "nsecs": 80488513
                },
                "frame_id": "polhemus_base_0"
            },
            "child_frame_id": "polhemus_station_0",
            "transform": {
                "translation": {
                    "x": 0.04547347500920296,
                    "y": -0.07026223093271255,
                    "z": 0.14145545661449432
                },
                "rotation": {
                    "x": -0.24429211020469666,
                    "y": -0.5857827663421631,
                    "z": -0.14798331260681152,
                    "w": 0.7584726214408875
                }
            }
        },
        {
            "header": {
                "seq": 0,
                "stamp": {
                    "secs": 1687318021,
                    "nsecs": 80488513
                },
                "frame_id": "polhemus_base_0"
            },
            "child_frame_id": "polhemus_station_1",
            "transform": {
                "translation": {
                    "x": 0.13558532297611237,
                    "y": -0.02399097941815853,
                    "z": 0.050810981541872025
                },
                "rotation": {
                    "x": 0.0882568508386612,
                    "y": -0.2857264280319214,
                    "z": 0.10318746417760849,
                    "w": 0.9486429691314697
                }
            }
        },
        {
            "header": {
                "seq": 0,
                "stamp": {
                    "secs": 1687318021,
                    "nsecs": 80488513
                },
                "frame_id": "polhemus_base_0"
            },
            "child_frame_id": "polhemus_station_2",
            "transform": {
                "translation": {
                    "x": 0.14404597878456116,
                    "y": -0.013271229341626167,
                    "z": 0.06148140877485275
                },
                "rotation": {
                    "x": 0.030573923140764236,
                    "y": -0.41299813985824585,
                    "z": -0.1387062668800354,
                    "w": 0.899587869644165
                }
            }
        },
        {
            "header": {
                "seq": 0,
                "stamp": {
                    "secs": 1687318021,
                    "nsecs": 80488513
                },
                "frame_id": "polhemus_base_0"
            },
            "child_frame_id": "polhemus_station_3",
            "transform": {
                "translation": {
                    "x": 0.123322993516922,
                    "y": 0.044478610157966614,
                    "z": 0.04044758901000023
                },
                "rotation": {
                    "x": -0.22084826231002808,
                    "y": -0.34574341773986816,
                    "z": -0.09645801037549973,
                    "w": 0.9068533182144165
                }
            }
        },
        {
            "header": {
                "seq": 0,
                "stamp": {
                    "secs": 1687318021,
                    "nsecs": 80488513
                },
                "frame_id": "polhemus_base_0"
            },
            "child_frame_id": "polhemus_station_4",
            "transform": {
                "translation": {
                    "x": 0.13815045356750488,
                    "y": 0.06149347499012947,
                    "z": 0.045463789254426956
                },
                "rotation": {
                    "x": 0.42010316252708435,
                    "y": 0.24575403332710266,
                    "z": 0.21941329538822174,
                    "w": -0.8455625176429749
                }
            }
        },
        {
            "header": {
                "seq": 0,
                "stamp": {
                    "secs": 1687318021,
                    "nsecs": 80488513
                },
                "frame_id": "polhemus_base_0"
            },
            "child_frame_id": "polhemus_station_5",
            "transform": {
                "translation": {
                    "x": 0.18832898139953613,
                    "y": 0.051996149122714996,
                    "z": 0.009275179356336594
                },
                "rotation": {
                    "x": 0.282943993806839,
                    "y": -0.3061250150203705,
                    "z": 0.08627200126647949,
                    "w": -0.9048686027526855
                }
            }
        }
    ]
}