{
    "transforms": [
        {
            "header": {
                "seq": 0,
                "stamp": {
                    "secs": 1687317998,
                    "nsecs": 13796345
                },
                "frame_id": "polhemus_base_0"
            },
            "child_frame_id": "polhemus_station_0",
            "transform": {
                "translation": {
                    "x": 0.0471990592777729,
                    "y": -0.07209992408752441,
                    "z": 0.14036139845848083
                },
                "rotation": {
                    "x": -0.23430489003658295,
                    "y": -0.579144299030304,
                    "z": -0.1495736539363861,
                    "w": 0.766368567943573
                }
            }
        },
        {
            "header": {
                "seq": 0,
                "stamp": {
                    "secs": 1687317998,
                    "nsecs": 13796345
                },
                "frame_id": "polhemus_base_0"
            },
            "child_frame_id": "polhemus_station_1",
            "transform": {
                "translation": {
                    "x": 0.13539493083953857,
                    "y": -0.023900723084807396,
                    "z": 0.05098593980073929
                },
                "rotation": {
                    "x": 0.08580119162797928,
                    "y": -0.2875031530857086,
                    "z": 0.10323718190193176,
                    "w": 0.9483258724212646
                }
            }
        },
        {
            "header": {
                "seq": 0,
                "stamp": {
                    "secs": 1687317998,
                    "nsecs": 13796345
                },
                "frame_id": "polhemus_base_0"
            },
            "child_frame_id": "polhemus_station_2",
            "transform": {
                "translation": {
                    "x": 0.14387774467468262,
                    "y": -0.01314246654510498,
                    "z": 0.06158078461885452
                },
                "rotation": {
                    "x": 0.029045531526207924,
                    "y": -0.4146035313606262,
                    "z": -0.1396360695362091,
                    "w": 0.8987559080123901
                }
            }
        },
        {
            "header": {
                "seq": 0,
                "stamp": {
                    "secs": 1687317998,
                    "nsecs": 13796345
                },
                "frame_id": "polhemus_base_0"
            },
            "child_frame_id": "polhemus_station_3",
            "transform": {
                "translation": {
                    "x": 0.12252333760261536,
                    "y": 0.04509507492184639,
                    "z": 0.042132940143346786
                },
                "rotation": {
                    "x": -0.2225455641746521,
                    "y": -0.35363057255744934,
                    "z": -0.0931849405169487,
                    "w": 0.903734028339386
                }
            }
        },
        {
            "header": {
                "seq": 0,
                "stamp": {
                    "secs": 1687317998,
                    "nsecs": 13796345
                },
                "frame_id": "polhemus_base_0"
            },
            "child_frame_id": "polhemus_station_4",
            "transform": {
                "translation": {
                    "x": 0.13662217557430267,
                    "y": 0.06264113634824753,
                    "z": 0.04708482325077057
                },
                "rotation": {
                    "x": 0.4023248851299286,
                    "y": 0.2510858476161957,
                    "z": 0.2116561383008957,
                    "w": -0.8545714020729065
                }
            }
        },
        {
            "header": {
                "seq": 0,
                "stamp": {
                    "secs": 1687317998,
                    "nsecs": 13796345
                },
                "frame_id": "polhemus_base_0"
            },
            "child_frame_id": "polhemus_station_5",
            "transform": {
                "translation": {
                    "x": 0.188431978225708,
                    "y": 0.053673725575208664,
                    "z": 0.009622226469218731
                },
                "rotation": {
                    "x": 0.27607613801956177,
                    "y": -0.30541229248046875,
                    "z": 0.07763278484344482,
                    "w": -0.9080079793930054
                }
            }
        }
    ]
}