{
    "transforms": [
        {
            "header": {
                "seq": 0,
                "stamp": {
                    "secs": 1687318012,
                    "nsecs": 388807551
                },
                "frame_id": "polhemus_base_0"
            },
            "child_frame_id": "polhemus_station_0",
            "transform": {
                "translation": {
                    "x": 0.046234048902988434,
                    "y": -0.07103674858808517,
                    "z": 0.14102260768413544
                },
                "rotation": {
                    "x": -0.24081017076969147,
                    "y": -0.5827286243438721,
                    "z": -0.1490655541419983,
                    "w": 0.761719822883606
                }
            }
        },
        {
            "header": {
                "seq": 0,
                "stamp": {
                    "secs": 1687318012,
                    "nsecs": 388807551
                },
                "frame_id": "polhemus_base_0"
            },
            "child_frame_id": "polhemus_station_1",
            "transform": {
                "translation": {
                    "x": 0.13559165596961975,
                    "y": -0.024138854816555977,
                    "z": 0.05074360594153404
                },
                "rotation": {
                    "x": 0.08796954900026321,
                    "y": -0.2858330011367798,
                    "z": 0.10244935750961304,
                    "w": 0.948717474937439
                }
            }
        },
        {
            "header": {
                "seq": 0,
                "stamp": {
                    "secs": 1687318012,
                    "nsecs": 388807551
                },
                "frame_id": "polhemus_base_0"
            },
            "child_frame_id": "polhemus_station_2",
            "transform": {
                "translation": {
                    "x": 0.14406102895736694,
                    "y": -0.013435173779726028,
                    "z": 0.061436399817466736
                },
                "rotation": {
                    "x": 0.030874624848365784,
                    "y": -0.41315025091171265,
                    "z": -0.14023879170417786,
                    "w": 0.8992701768875122
                }
            }
        },
        {
            "header": {
                "seq": 0,
                "stamp": {
                    "secs": 1687318012,
                    "nsecs": 388807551
                },
                "frame_id": "polhemus_base_0"
            },
            "child_frame_id": "polhemus_station_3",
            "transform": {
                "translation": {
                    "x": 0.12309517711400986,
                    "y": 0.044493094086647034,
                    "z": 0.040792062878608704
                },
                "rotation": {
                    "x": -0.22037355601787567,
                    "y": -0.34754931926727295,
                    "z": -0.09543221443891525,
                    "w": 0.9063869714736938
                }
            }
        },
        {
            "header": {
                "seq": 0,
                "stamp": {
                    "secs": 1687318012,
                    "nsecs": 388807551
                },
                "frame_id": "polhemus_base_0"
            },
            "child_frame_id": "polhemus_station_4",
            "transform": {
                "translation": {
                    "x": 0.13783423602581024,
                    "y": 0.061623889952898026,
                    "z": 0.045871805399656296
                },
                "rotation": {
                    "x": 0.4146434962749481,
                    "y": 0.24565476179122925,
                    "z": 0.2185213267803192,
                    "w": -0.8485122323036194
                }
            }
        },
        {
            "header": {
                "seq": 0,
                "stamp": {
                    "secs": 1687318012,
                    "nsecs": 388807551
                },
                "frame_id": "polhemus_base_0"
            },
            "child_frame_id": "polhemus_station_5",
            "transform": {
                "translation": {
                    "x": 0.18834032118320465,
                    "y": 0.052411578595638275,
                    "z": 0.009479247964918613
                },
                "rotation": {
                    "x": 0.27989524602890015,
                    "y": -0.3057610094547272,
                    "z": 0.08392445743083954,
                    "w": -0.9061598181724548
                }
            }
        }
    ]
}