{
    "transforms": [
        {
            "header": {
                "seq": 0,
                "stamp": {
                    "secs": 1687318009,
                    "nsecs": 897184906
                },
                "frame_id": "ra_base"
            },
            "child_frame_id": "ra_tool0_controller",
            "transform": {
                "translation": {
                    "x": -0.7653347039604146,
                    "y": -0.37852070996552034,
                    "z": 0.6615132354155829
                },
                "rotation": {
                    "x": -0.49453459097033325,
                    "y": -0.5048969226156972,
                    "z": 0.49950978050731376,
                    "w": 0.501003607815891
                }
            }
        }
    ]
}