{
    "transforms": [
        {
            "header": {
                "seq": 0,
                "stamp": {
                    "secs": 1687318014,
                    "nsecs": 622187062
                },
                "frame_id": "polhemus_base_0"
            },
            "child_frame_id": "polhemus_station_0",
            "transform": {
                "translation": {
                    "x": 0.04600566625595093,
                    "y": -0.07080697268247604,
                    "z": 0.14115788042545319
                },
                "rotation": {
                    "x": -0.24169054627418518,
                    "y": -0.5836441516876221,
                    "z": -0.14855732023715973,
                    "w": 0.7608388662338257
                }
            }
        },
        {
            "header": {
                "seq": 0,
                "stamp": {
                    "secs": 1687318014,
                    "nsecs": 622187062
                },
                "frame_id": "polhemus_base_0"
            },
            "child_frame_id": "polhemus_station_1",
            "transform": {
                "translation": {
                    "x": 0.1355719268321991,
                    "y": -0.024100013077259064,
                    "z": 0.05076759308576584
                },
                "rotation": {
                    "x": 0.08813372999429703,
                    "y": -0.28586941957473755,
                    "z": 0.10263317078351974,
                    "w": 0.9486714005470276
                }
            }
        },
        {
            "header": {
                "seq": 0,
                "stamp": {
                    "secs": 1687318014,
                    "nsecs": 622187062
                },
                "frame_id": "polhemus_base_0"
            },
            "child_frame_id": "polhemus_station_2",
            "transform": {
                "translation": {
                    "x": 0.14405664801597595,
                    "y": -0.013419417664408684,
                    "z": 0.061426736414432526
                },
                "rotation": {
                    "x": 0.030926935374736786,
                    "y": -0.41299182176589966,
                    "z": -0.14007949829101562,
                    "w": 0.8993659019470215
                }
            }
        },
        {
            "header": {
                "seq": 0,
                "stamp": {
                    "secs": 1687318014,
                    "nsecs": 622187062
                },
                "frame_id": "polhemus_base_0"
            },
            "child_frame_id": "polhemus_station_3",
            "transform": {
                "translation": {
                    "x": 0.12318048626184464,
                    "y": 0.044484324753284454,
                    "z": 0.04064509645104408
                },
                "rotation": {
                    "x": -0.22010527551174164,
                    "y": -0.3466135263442993,
                    "z": -0.09564577043056488,
                    "w": 0.9067879319190979
                }
            }
        },
        {
            "header": {
                "seq": 0,
                "stamp": {
                    "secs": 1687318014,
                    "nsecs": 622187062
                },
                "frame_id": "polhemus_base_0"
            },
            "child_frame_id": "polhemus_station_4",
            "transform": {
                "translation": {
                    "x": 0.1379697471857071,
                    "y": 0.06150965392589569,
                    "z": 0.04569876566529274
                },
                "rotation": {
                    "x": 0.4159598648548126,
                    "y": 0.24519149959087372,
                    "z": 0.21902166306972504,
                    "w": -0.8478726744651794
                }
            }
        },
        {
            "header": {
                "seq": 0,
                "stamp": {
                    "secs": 1687318014,
                    "nsecs": 622187062
                },
                "frame_id": "polhemus_base_0"
            },
            "child_frame_id": "polhemus_station_5",
            "transform": {
                "translation": {
                    "x": 0.1883372813463211,
                    "y": 0.052332665771245956,
                    "z": 0.00934027973562479
                },
                "rotation": {
                    "x": 0.2810906171798706,
                    "y": -0.30625486373901367,
                    "z": 0.08443692326545715,
                    "w": -0.9055752158164978
                }
            }
        }
    ]
}