{
    "transforms": [
        {
            "header": {
                "seq": 0,
                "stamp": {
                    "secs": 1687318018,
                    "nsecs": 688785935
                },
                "frame_id": "polhemus_base_0"
            },
            "child_frame_id": "polhemus_station_0",
            "transform": {
                "translation": {
                    "x": 0.045780446380376816,
                    "y": -0.07046247273683548,
                    "z": 0.14135141670703888
                },
                "rotation": {
                    "x": -0.24357599020004272,
                    "y": -0.5845472812652588,
                    "z": -0.14844271540641785,
                    "w": 0.7595655918121338
                }
            }
        },
        {
            "header": {
                "seq": 0,
                "stamp": {
                    "secs": 1687318018,
                    "nsecs": 688785935
                },
                "frame_id": "polhemus_base_0"
            },
            "child_frame_id": "polhemus_station_1",
            "transform": {
                "translation": {
                    "x": 0.13559675216674805,
                    "y": -0.024075670167803764,
                    "z": 0.05077413469552994
                },
                "rotation": {
                    "x": 0.08819858729839325,
                    "y": -0.2856827974319458,
                    "z": 0.10275059938430786,
                    "w": 0.9487088322639465
                }
            }
        },
        {
            "header": {
                "seq": 0,
                "stamp": {
                    "secs": 1687318018,
                    "nsecs": 688785935
                },
                "frame_id": "polhemus_base_0"
            },
            "child_frame_id": "polhemus_station_2",
            "transform": {
                "translation": {
                    "x": 0.144081249833107,
                    "y": -0.0133892260491848,
                    "z": 0.061420340090990067
                },
                "rotation": {
                    "x": 0.030299663543701172,
                    "y": -0.4127747416496277,
                    "z": -0.13971221446990967,
                    "w": 0.8995440006256104
                }
            }
        },
        {
            "header": {
                "seq": 0,
                "stamp": {
                    "secs": 1687318018,
                    "nsecs": 688785935
                },
                "frame_id": "polhemus_base_0"
            },
            "child_frame_id": "polhemus_station_3",
            "transform": {
                "translation": {
                    "x": 0.12328007072210312,
                    "y": 0.04445947706699371,
                    "z": 0.040513310581445694
                },
                "rotation": {
                    "x": -0.22023780643939972,
                    "y": -0.34595102071762085,
                    "z": -0.09624545276165009,
                    "w": 0.9069452881813049
                }
            }
        },
        {
            "header": {
                "seq": 0,
                "stamp": {
                    "secs": 1687318018,
                    "nsecs": 688785935
                },
                "frame_id": "polhemus_base_0"
            },
            "child_frame_id": "polhemus_station_4",
            "transform": {
                "translation": {
                    "x": 0.13808785378932953,
                    "y": 0.061465486884117126,
                    "z": 0.045565202832221985
                },
                "rotation": {
                    "x": 0.41855400800704956,
                    "y": 0.24539287388324738,
                    "z": 0.21963278949260712,
                    "w": -0.8463782668113708
                }
            }
        },
        {
            "header": {
                "seq": 0,
                "stamp": {
                    "secs": 1687318018,
                    "nsecs": 688785935
                },
                "frame_id": "polhemus_base_0"
            },
            "child_frame_id": "polhemus_station_5",
            "transform": {
                "translation": {
                    "x": 0.18831872940063477,
                    "y": 0.05214022099971771,
                    "z": 0.009320211596786976
                },
                "rotation": {
                    "x": 0.28214821219444275,
                    "y": -0.30618447065353394,
                    "z": 0.08537566661834717,
                    "w": -0.9051820039749146
                }
            }
        }
    ]
}