{
    "transforms": [
        {
            "header": {
                "seq": 0,
                "stamp": {
                    "secs": 1687318006,
                    "nsecs": 95184906
                },
                "frame_id": "ra_base"
            },
            "child_frame_id": "ra_tool0_controller",
            "transform": {
                "translation": {
                    "x": -0.6760719815037697,
                    "y": -0.091543759116278,
                    "z": 0.6376595457846077
                },
                "rotation": {
                    "x": -0.5027922188027266,
                    "y": -0.5053100638079515,
                    "z": 0.4962630657511099,
                    "w": 0.4955650246911546
                }
            }
        }
    ]
}