{
    "transforms": [
        {
            "header": {
                "seq": 0,
                "stamp": {
                    "secs": 1687318021,
                    "nsecs": 979184906
                },
                "frame_id": "ra_base"
            },
            "child_frame_id": "ra_tool0_controller",
            "transform": {
                "translation": {
                    "x": -0.672843365002259,
                    "y": -0.7293852031641965,
                    "z": 0.6299669906997241
                },
                "rotation": {
                    "x": -0.49074309555031537,
                    "y": -0.5021485935364912,
                    "z": 0.5050267209136023,
                    "w": 0.5019621652498047
                }
            }
        }
    ]
}