{
    "transforms": [
        {
            "header": {
                "seq": 0,
                "stamp": {
                    "secs": 1687318001,
                    "nsecs": 891579978
                },
                "frame_id": "ra_base"
            },
            "child_frame_id": "ra_tool0_controller",
            "transform": {
                "translation": {
                    "x": -0.6760758100529146,
                    "y": -0.09155408648464028,
                    "z": 0.6376104479093588
                },
                "rotation": {
                    "x": -0.5027998338387488,
                    "y": -0.5053494759175037,
                    "z": 0.4962346262469718,
                    "w": 0.4955455882107712
                }
            }
        }
    ]
}