{
    "transforms": [
        {
            "header": {
                "seq": 0,
                "stamp": {
                    "secs": 1687318013,
                    "nsecs": 688790663
                },
                "frame_id": "polhemus_base_0"
            },
            "child_frame_id": "polhemus_station_0",
            "transform": {
                "translation": {
                    "x": 0.04603572562336922,
                    "y": -0.07091540843248367,
                    "z": 0.14110352098941803
                },
                "rotation": {
                    "x": -0.24122188985347748,
                    "y": -0.5834916830062866,
                    "z": -0.1488116979598999,
                    "w": 0.7610548734664917
                }
            }
        },
        {
            "header": {
                "seq": 0,
                "stamp": {
                    "secs": 1687318013,
                    "nsecs": 688790663
                },
                "frame_id": "polhemus_base_0"
            },
            "child_frame_id": "polhemus_station_1",
            "transform": {
                "translation": {
                    "x": 0.1355833262205124,
                    "y": -0.02411029301583767,
                    "z": 0.05076305940747261
                },
                "rotation": {
                    "x": 0.0880013108253479,
                    "y": -0.2859267592430115,
                    "z": 0.10258451849222183,
                    "w": 0.9486716389656067
                }
            }
        },
        {
            "header": {
                "seq": 0,
                "stamp": {
                    "secs": 1687318013,
                    "nsecs": 688790663
                },
                "frame_id": "polhemus_base_0"
            },
            "child_frame_id": "polhemus_station_2",
            "transform": {
                "translation": {
                    "x": 0.1440870314836502,
                    "y": -0.013393308036029339,
                    "z": 0.06139446794986725
                },
                "rotation": {
                    "x": 0.03078325465321541,
                    "y": -0.4127098619937897,
                    "z": -0.13994243741035461,
                    "w": 0.8995216488838196
                }
            }
        },
        {
            "header": {
                "seq": 0,
                "stamp": {
                    "secs": 1687318013,
                    "nsecs": 688790663
                },
                "frame_id": "polhemus_base_0"
            },
            "child_frame_id": "polhemus_station_3",
            "transform": {
                "translation": {
                    "x": 0.12314368784427643,
                    "y": 0.04449654743075371,
                    "z": 0.040705807507038116
                },
                "rotation": {
                    "x": -0.22011825442314148,
                    "y": -0.34705406427383423,
                    "z": -0.09548413008451462,
                    "w": 0.9066333174705505
                }
            }
        },
        {
            "header": {
                "seq": 0,
                "stamp": {
                    "secs": 1687318013,
                    "nsecs": 688790663
                },
                "frame_id": "polhemus_base_0"
            },
            "child_frame_id": "polhemus_station_4",
            "transform": {
                "translation": {
                    "x": 0.13789862394332886,
                    "y": 0.06156020238995552,
                    "z": 0.04580284655094147
                },
                "rotation": {
                    "x": 0.4150393307209015,
                    "y": 0.24550184607505798,
                    "z": 0.21891053020954132,
                    "w": -0.8482625484466553
                }
            }
        },
        {
            "header": {
                "seq": 0,
                "stamp": {
                    "secs": 1687318013,
                    "nsecs": 688790663
                },
                "frame_id": "polhemus_base_0"
            },
            "child_frame_id": "polhemus_station_5",
            "transform": {
                "translation": {
                    "x": 0.18833428621292114,
                    "y": 0.05239186808466911,
                    "z": 0.009373176842927933
                },
                "rotation": {
                    "x": 0.280412882566452,
                    "y": -0.30609580874443054,
                    "z": 0.08400337398052216,
                    "w": -0.9058793783187866
                }
            }
        }
    ]
}