{
    "transforms": [
        {
            "header": {
                "seq": 0,
                "stamp": {
                    "secs": 1687318002,
                    "nsecs": 655579978
                },
                "frame_id": "ra_base"
            },
            "child_frame_id": "ra_tool0_controller",
            "transform": {
                "translation": {
                    "x": -0.6760807786704952,
                    "y": -0.09153131257021495,
                    "z": 0.6376502780119578
                },
                "rotation": {
                    "x": -0.5028023536241495,
                    "y": -0.5053054524520918,
                    "z": 0.4962555641822449,
                    "w": 0.4955669560517169
                }
            }
        }
    ]
}