{
    "transforms": [
        {
            "header": {
                "seq": 0,
                "stamp": {
                    "secs": 1687318016,
                    "nsecs": 677474482
                },
                "frame_id": "polhemus_base_0"
            },
            "child_frame_id": "rh_user_forearm",
            "transform": {
                "translation": {
                    "x": -0.18835557997226715,
                    "y": 0.05220358446240425,
                    "z": 0.009342246688902378
                },
                "rotation": {
                    "x": -0.2813839670404291,
                    "y": -0.30619124450325413,
                    "z": 0.08488897557213089,
                    "w": 0.9054633326140012
                }
            }
        }
    ]
}