{
    "transforms": [
        {
            "header": {
                "seq": 0,
                "stamp": {
                    "secs": 1687318006,
                    "nsecs": 473184906
                },
                "frame_id": "ra_base"
            },
            "child_frame_id": "ra_tool0_controller",
            "transform": {
                "translation": {
                    "x": -0.6760643597309619,
                    "y": -0.09154912835771951,
                    "z": 0.6376354212948072
                },
                "rotation": {
                    "x": -0.5028068438270987,
                    "y": -0.5053176393604589,
                    "z": 0.49624554236519225,
                    "w": 0.4955600093172177
                }
            }
        }
    ]
}