{
    "transforms": [
        {
            "header": {
                "seq": 0,
                "stamp": {
                    "secs": 1687318025,
                    "nsecs": 705184906
                },
                "frame_id": "ra_base"
            },
            "child_frame_id": "ra_tool0_controller",
            "transform": {
                "translation": {
                    "x": -0.6728420542646827,
                    "y": -0.7293887636958087,
                    "z": 0.6299561015770048
                },
                "rotation": {
                    "x": -0.4907499565895171,
                    "y": -0.5021447405948763,
                    "z": 0.5050325764138424,
                    "w": 0.5019534205094014
                }
            }
        }
    ]
}