{
    "transforms": [
        {
            "header": {
                "seq": 0,
                "stamp": {
                    "secs": 1687317999,
                    "nsecs": 185579978
                },
                "frame_id": "ra_base"
            },
            "child_frame_id": "ra_tool0_controller",
            "transform": {
                "translation": {
                    "x": -0.676072200720724,
                    "y": -0.09154005712888344,
                    "z": 0.6376368428957263
                },
                "rotation": {
                    "x": -0.5028129863397572,
                    "y": -0.5053237266671308,
                    "z": 0.4962412739168767,
                    "w": 0.4955518440049369
                }
            }
        }
    ]
}