{
    "transforms": [
        {
            "header": {
                "seq": 0,
                "stamp": {
                    "secs": 1687318019,
                    "nsecs": 583184906
                },
                "frame_id": "ra_base"
            },
            "child_frame_id": "ra_tool0_controller",
            "transform": {
                "translation": {
                    "x": -0.6728297766948236,
                    "y": -0.7293983126733604,
                    "z": 0.6299432292516542
                },
                "rotation": {
                    "x": -0.4907338053486166,
                    "y": -0.502167889390498,
                    "z": 0.5050169302077603,
                    "w": 0.5019617947181726
                }
            }
        }
    ]
}