{
    "transforms": [
        {
            "header": {
                "seq": 0,
                "stamp": {
                    "secs": 1687318002,
                    "nsecs": 89579978
                },
                "frame_id": "ra_base"
            },
            "child_frame_id": "ra_tool0_controller",
            "transform": {
                "translation": {
                    "x": -0.6760702698933021,
                    "y": -0.09154701520572044,
                    "z": 0.6376358634780342
                },
                "rotation": {
                    "x": -0.5028117598678065,
                    "y": -0.5053204722500145,
                    "z": 0.49625750335166713,
                    "w": 0.49554015460992856
                }
            }
        }
    ]
}