{
    "transforms": [
        {
            "header": {
                "seq": 0,
                "stamp": {
                    "secs": 1687318018,
                    "nsecs": 153184906
                },
                "frame_id": "ra_base"
            },
            "child_frame_id": "ra_tool0_controller",
            "transform": {
                "translation": {
                    "x": -0.6728339496881119,
                    "y": -0.7293945575954186,
                    "z": 0.6299540602657372
                },
                "rotation": {
                    "x": -0.49073602437978786,
                    "y": -0.5021516951134652,
                    "z": 0.505019428088294,
                    "w": 0.5019733127607146
                }
            }
        }
    ]
}