{
    "transforms": [
        {
            "header": {
                "seq": 0,
                "stamp": {
                    "secs": 1687317999,
                    "nsecs": 443579978
                },
                "frame_id": "ra_base"
            },
            "child_frame_id": "ra_tool0_controller",
            "transform": {
                "translation": {
                    "x": -0.6760867202799291,
                    "y": -0.0915480267489715,
                    "z": 0.6376420053206037
                },
                "rotation": {
                    "x": -0.5028067037627937,
                    "y": -0.5053122421374376,
                    "z": 0.4962526115248972,
                    "w": 0.49555857590394853
                }
            }
        }
    ]
}