{
    "transforms": [
        {
            "header": {
                "seq": 0,
                "stamp": {
                    "secs": 1687318019,
                    "nsecs": 322123403
                },
                "frame_id": "polhemus_base_0"
            },
            "child_frame_id": "polhemus_station_0",
            "transform": {
                "translation": {
                    "x": 0.04561295360326767,
                    "y": -0.07043125480413437,
                    "z": 0.14138419926166534
                },
                "rotation": {
                    "x": -0.24373000860214233,
                    "y": -0.5851547718048096,
                    "z": -0.1485186219215393,
                    "w": 0.7590334415435791
                }
            }
        },
        {
            "header": {
                "seq": 0,
                "stamp": {
                    "secs": 1687318019,
                    "nsecs": 322123403
                },
                "frame_id": "polhemus_base_0"
            },
            "child_frame_id": "polhemus_station_1",
            "transform": {
                "translation": {
                    "x": 0.1355898380279541,
                    "y": -0.024065041914582253,
                    "z": 0.05080483481287956
                },
                "rotation": {
                    "x": 0.08807233721017838,
                    "y": -0.28574055433273315,
                    "z": 0.10276830196380615,
                    "w": 0.9487012028694153
                }
            }
        },
        {
            "header": {
                "seq": 0,
                "stamp": {
                    "secs": 1687318019,
                    "nsecs": 322123403
                },
                "frame_id": "polhemus_base_0"
            },
            "child_frame_id": "polhemus_station_2",
            "transform": {
                "translation": {
                    "x": 0.14407189190387726,
                    "y": -0.013362517580389977,
                    "z": 0.061457131057977676
                },
                "rotation": {
                    "x": 0.03020966611802578,
                    "y": -0.41289880871772766,
                    "z": -0.13950715959072113,
                    "w": 0.8995219469070435
                }
            }
        },
        {
            "header": {
                "seq": 0,
                "stamp": {
                    "secs": 1687318019,
                    "nsecs": 322123403
                },
                "frame_id": "polhemus_base_0"
            },
            "child_frame_id": "polhemus_station_3",
            "transform": {
                "translation": {
                    "x": 0.12328924983739853,
                    "y": 0.044458549469709396,
                    "z": 0.040509019047021866
                },
                "rotation": {
                    "x": -0.22034424543380737,
                    "y": -0.34599989652633667,
                    "z": -0.09633911401033401,
                    "w": 0.906890869140625
                }
            }
        },
        {
            "header": {
                "seq": 0,
                "stamp": {
                    "secs": 1687318019,
                    "nsecs": 322123403
                },
                "frame_id": "polhemus_base_0"
            },
            "child_frame_id": "polhemus_station_4",
            "transform": {
                "translation": {
                    "x": 0.13810525834560394,
                    "y": 0.061479467898607254,
                    "z": 0.04552030563354492
                },
                "rotation": {
                    "x": 0.4190644919872284,
                    "y": 0.2454555779695511,
                    "z": 0.21960726380348206,
                    "w": -0.8461140990257263
                }
            }
        },
        {
            "header": {
                "seq": 0,
                "stamp": {
                    "secs": 1687318019,
                    "nsecs": 322123403
                },
                "frame_id": "polhemus_base_0"
            },
            "child_frame_id": "polhemus_station_5",
            "transform": {
                "translation": {
                    "x": 0.1883324682712555,
                    "y": 0.0520612969994545,
                    "z": 0.009407945908606052
                },
                "rotation": {
                    "x": 0.28204628825187683,
                    "y": -0.30563223361968994,
                    "z": 0.08621799945831299,
                    "w": -0.9053205251693726
                }
            }
        }
    ]
}