{
    "transforms": [
        {
            "header": {
                "seq": 0,
                "stamp": {
                    "secs": 1687318011,
                    "nsecs": 749184906
                },
                "frame_id": "ra_base"
            },
            "child_frame_id": "ra_tool0_controller",
            "transform": {
                "translation": {
                    "x": -0.6949299605894876,
                    "y": -0.688264568420917,
                    "z": 0.6363253676542912
                },
                "rotation": {
                    "x": -0.49093718013482407,
                    "y": -0.5025229128904882,
                    "z": 0.5043127919375658,
                    "w": 0.502115539561826
                }
            }
        }
    ]
}