{
    "transforms": [
        {
            "header": {
                "seq": 0,
                "stamp": {
                    "secs": 1687318002,
                    "nsecs": 593579978
                },
                "frame_id": "ra_base"
            },
            "child_frame_id": "ra_tool0_controller",
            "transform": {
                "translation": {
                    "x": -0.6760749793033728,
                    "y": -0.0915511991214568,
                    "z": 0.6376451241240647
                },
                "rotation": {
                    "x": -0.5027989488109469,
                    "y": -0.5053217889028576,
                    "z": 0.49625714752379496,
                    "w": 0.49555216704820204
                }
            }
        }
    ]
}