{
    "transforms": [
        {
            "header": {
                "seq": 0,
                "stamp": {
                    "secs": 1687318014,
                    "nsecs": 911184906
                },
                "frame_id": "ra_base"
            },
            "child_frame_id": "ra_tool0_controller",
            "transform": {
                "translation": {
                    "x": -0.6728460824703126,
                    "y": -0.7293927374770117,
                    "z": 0.6299281373364719
                },
                "rotation": {
                    "x": -0.4907233085000875,
                    "y": -0.5021794822568775,
                    "z": 0.5049990572132261,
                    "w": 0.5019784400835311
                }
            }
        }
    ]
}