{
    "transforms": [
        {
            "header": {
                "seq": 0,
                "stamp": {
                    "secs": 1687318015,
                    "nsecs": 685184906
                },
                "frame_id": "ra_base"
            },
            "child_frame_id": "ra_tool0_controller",
            "transform": {
                "translation": {
                    "x": -0.672844732046207,
                    "y": -0.7293906964467597,
                    "z": 0.629947328724416
                },
                "rotation": {
                    "x": -0.4907348988260967,
                    "y": -0.5021684523333168,
                    "z": 0.505006677913781,
                    "w": 0.5019704770380313
                }
            }
        }
    ]
}