{
    "transforms": [
        {
            "header": {
                "seq": 0,
                "stamp": {
                    "secs": 1687318013,
                    "nsecs": 51184906
                },
                "frame_id": "ra_base"
            },
            "child_frame_id": "ra_tool0_controller",
            "transform": {
                "translation": {
                    "x": -0.6728254412854213,
                    "y": -0.7294073111219251,
                    "z": 0.6299459082591291
                },
                "rotation": {
                    "x": -0.49073657946278204,
                    "y": -0.5021598189359491,
                    "z": 0.5050190968122522,
                    "w": 0.5019649765454961
                }
            }
        }
    ]
}