{
    "transforms": [
        {
            "header": {
                "seq": 0,
                "stamp": {
                    "secs": 1687318015,
                    "nsecs": 599184906
                },
                "frame_id": "ra_base"
            },
            "child_frame_id": "ra_tool0_controller",
            "transform": {
                "translation": {
                    "x": -0.6728508178839984,
                    "y": -0.7293721701779057,
                    "z": 0.6299463489101095
                },
                "rotation": {
                    "x": -0.49075929634088905,
                    "y": -0.5021431424847186,
                    "z": 0.5050090547314124,
                    "w": 0.50196955301079
                }
            }
        }
    ]
}