{
    "transforms": [
        {
            "header": {
                "seq": 0,
                "stamp": {
                    "secs": 1687318017,
                    "nsecs": 55184906
                },
                "frame_id": "ra_base"
            },
            "child_frame_id": "ra_tool0_controller",
            "transform": {
                "translation": {
                    "x": -0.6728426623674384,
                    "y": -0.7293843488123422,
                    "z": 0.6299402813864797
                },
                "rotation": {
                    "x": -0.49073979625734737,
                    "y": -0.502166450520155,
                    "z": 0.5050071343851165,
                    "w": 0.5019672325574835
                }
            }
        }
    ]
}