{
    "transforms": [
        {
            "header": {
                "seq": 0,
                "stamp": {
                    "secs": 1687318009,
                    "nsecs": 672195654
                },
                "frame_id": "polhemus_base_0"
            },
            "child_frame_id": "polhemus_station_0",
            "transform": {
                "translation": {
                    "x": 0.046627044677734375,
                    "y": -0.07127393782138824,
                    "z": 0.14085616171360016
                },
                "rotation": {
                    "x": -0.2395268976688385,
                    "y": -0.5812291502952576,
                    "z": -0.1490880697965622,
                    "w": 0.7632641196250916
                }
            }
        },
        {
            "header": {
                "seq": 0,
                "stamp": {
                    "secs": 1687318009,
                    "nsecs": 672195654
                },
                "frame_id": "polhemus_base_0"
            },
            "child_frame_id": "polhemus_station_1",
            "transform": {
                "translation": {
                    "x": 0.1355934888124466,
                    "y": -0.02416728250682354,
                    "z": 0.05074835196137428
                },
                "rotation": {
                    "x": 0.08778668940067291,
                    "y": -0.2859594225883484,
                    "z": 0.10216599702835083,
                    "w": 0.9487268328666687
                }
            }
        },
        {
            "header": {
                "seq": 0,
                "stamp": {
                    "secs": 1687318009,
                    "nsecs": 672195654
                },
                "frame_id": "polhemus_base_0"
            },
            "child_frame_id": "polhemus_station_2",
            "transform": {
                "translation": {
                    "x": 0.1440991461277008,
                    "y": -0.013476351276040077,
                    "z": 0.061402760446071625
                },
                "rotation": {
                    "x": 0.03125707805156708,
                    "y": -0.4129585921764374,
                    "z": -0.14074435830116272,
                    "w": 0.8992660045623779
                }
            }
        },
        {
            "header": {
                "seq": 0,
                "stamp": {
                    "secs": 1687318009,
                    "nsecs": 672195654
                },
                "frame_id": "polhemus_base_0"
            },
            "child_frame_id": "polhemus_station_3",
            "transform": {
                "translation": {
                    "x": 0.12300293892621994,
                    "y": 0.04450061172246933,
                    "z": 0.04095553979277611
                },
                "rotation": {
                    "x": -0.22086207568645477,
                    "y": -0.3484305143356323,
                    "z": -0.09506768733263016,
                    "w": 0.9059679508209229
                }
            }
        },
        {
            "header": {
                "seq": 0,
                "stamp": {
                    "secs": 1687318009,
                    "nsecs": 672195654
                },
                "frame_id": "polhemus_base_0"
            },
            "child_frame_id": "polhemus_station_4",
            "transform": {
                "translation": {
                    "x": 0.1377231329679489,
                    "y": 0.06163204088807106,
                    "z": 0.04603813216090202
                },
                "rotation": {
                    "x": 0.41194841265678406,
                    "y": 0.24512994289398193,
                    "z": 0.21853254735469818,
                    "w": -0.8499726057052612
                }
            }
        },
        {
            "header": {
                "seq": 0,
                "stamp": {
                    "secs": 1687318009,
                    "nsecs": 672195654
                },
                "frame_id": "polhemus_base_0"
            },
            "child_frame_id": "polhemus_station_5",
            "transform": {
                "translation": {
                    "x": 0.1883518397808075,
                    "y": 0.052638132125139236,
                    "z": 0.009469948709011078
                },
                "rotation": {
                    "x": 0.27900975942611694,
                    "y": -0.30625298619270325,
                    "z": 0.08251956105232239,
                    "w": -0.906395673751831
                }
            }
        }
    ]
}