{
    "transforms": [
        {
            "header": {
                "seq": 0,
                "stamp": {
                    "secs": 1687318003,
                    "nsecs": 875579978
                },
                "frame_id": "ra_base"
            },
            "child_frame_id": "ra_tool0_controller",
            "transform": {
                "translation": {
                    "x": -0.6760746342148581,
                    "y": -0.09154415851905369,
                    "z": 0.6376437819441612
                },
                "rotation": {
                    "x": -0.5028102754255561,
                    "y": -0.5053163535915972,
                    "z": 0.49625998144068084,
                    "w": 0.49554337906974755
                }
            }
        }
    ]
}