{
    "transforms": [
        {
            "header": {
                "seq": 0,
                "stamp": {
                    "secs": 1687318019,
                    "nsecs": 55184906
                },
                "frame_id": "ra_base"
            },
            "child_frame_id": "ra_tool0_controller",
            "transform": {
                "translation": {
                    "x": -0.6728311930169983,
                    "y": -0.7293987160954343,
                    "z": 0.6299373997662912
                },
                "rotation": {
                    "x": -0.49073245025189516,
                    "y": -0.5021652034719781,
                    "z": 0.5050158824941403,
                    "w": 0.5019668605798422
                }
            }
        }
    ]
}