{
    "transforms": [
        {
            "header": {
                "seq": 0,
                "stamp": {
                    "secs": 1687318003,
                    "nsecs": 295579978
                },
                "frame_id": "ra_base"
            },
            "child_frame_id": "ra_tool0_controller",
            "transform": {
                "translation": {
                    "x": -0.6760835062152913,
                    "y": -0.0915305432329684,
                    "z": 0.6376703509757747
                },
                "rotation": {
                    "x": -0.5027976040009005,
                    "y": -0.5053021184683248,
                    "z": 0.49624952197489614,
                    "w": 0.4955812248482219
                }
            }
        }
    ]
}