{
    "transforms": [
        {
            "header": {
                "seq": 0,
                "stamp": {
                    "secs": 1687318000,
                    "nsecs": 580498696
                },
                "frame_id": "polhemus_base_0"
            },
            "child_frame_id": "polhemus_station_0",
            "transform": {
                "translation": {
                    "x": 0.047190871089696884,
                    "y": -0.0719914436340332,
                    "z": 0.14041660726070404
                },
                "rotation": {
                    "x": -0.23493759334087372,
                    "y": -0.5791265964508057,
                    "z": -0.14952699840068817,
                    "w": 0.7661972641944885
                }
            }
        },
        {
            "header": {
                "seq": 0,
                "stamp": {
                    "secs": 1687318000,
                    "nsecs": 580498696
                },
                "frame_id": "polhemus_base_0"
            },
            "child_frame_id": "polhemus_station_1",
            "transform": {
                "translation": {
                    "x": 0.135416641831398,
                    "y": -0.023845836520195007,
                    "z": 0.050976939499378204
                },
                "rotation": {
                    "x": 0.08594970405101776,
                    "y": -0.2873847782611847,
                    "z": 0.10360416769981384,
                    "w": 0.9483082890510559
                }
            }
        },
        {
            "header": {
                "seq": 0,
                "stamp": {
                    "secs": 1687318000,
                    "nsecs": 580498696
                },
                "frame_id": "polhemus_base_0"
            },
            "child_frame_id": "polhemus_station_2",
            "transform": {
                "translation": {
                    "x": 0.14388532936573029,
                    "y": -0.013111148029565811,
                    "z": 0.06157702952623367
                },
                "rotation": {
                    "x": 0.029811758548021317,
                    "y": -0.4145497679710388,
                    "z": -0.13920122385025024,
                    "w": 0.8988229632377625
                }
            }
        },
        {
            "header": {
                "seq": 0,
                "stamp": {
                    "secs": 1687318000,
                    "nsecs": 580498696
                },
                "frame_id": "polhemus_base_0"
            },
            "child_frame_id": "polhemus_station_3",
            "transform": {
                "translation": {
                    "x": 0.12255539745092392,
                    "y": 0.04505367577075958,
                    "z": 0.042010076344013214
                },
                "rotation": {
                    "x": -0.22259075939655304,
                    "y": -0.3529626727104187,
                    "z": -0.09355010092258453,
                    "w": 0.9039462208747864
                }
            }
        },
        {
            "header": {
                "seq": 0,
                "stamp": {
                    "secs": 1687318000,
                    "nsecs": 580498696
                },
                "frame_id": "polhemus_base_0"
            },
            "child_frame_id": "polhemus_station_4",
            "transform": {
                "translation": {
                    "x": 0.13667570054531097,
                    "y": 0.06257734447717667,
                    "z": 0.04700714722275734
                },
                "rotation": {
                    "x": 0.40317755937576294,
                    "y": 0.25095126032829285,
                    "z": 0.21204230189323425,
                    "w": -0.8541131615638733
                }
            }
        },
        {
            "header": {
                "seq": 0,
                "stamp": {
                    "secs": 1687318000,
                    "nsecs": 580498696
                },
                "frame_id": "polhemus_base_0"
            },
            "child_frame_id": "polhemus_station_5",
            "transform": {
                "translation": {
                    "x": 0.18842077255249023,
                    "y": 0.053568750619888306,
                    "z": 0.009616898372769356
                },
                "rotation": {
                    "x": 0.2759595215320587,
                    "y": -0.305677592754364,
                    "z": 0.07782666385173798,
                    "w": -0.9079375267028809
                }
            }
        }
    ]
}