{
    "transforms": [
        {
            "header": {
                "seq": 0,
                "stamp": {
                    "secs": 1687318007,
                    "nsecs": 680459842
                },
                "frame_id": "polhemus_base_0"
            },
            "child_frame_id": "polhemus_station_0",
            "transform": {
                "translation": {
                    "x": 0.046618618071079254,
                    "y": -0.07142693549394608,
                    "z": 0.1407826691865921
                },
                "rotation": {
                    "x": -0.2386152744293213,
                    "y": -0.5812345147132874,
                    "z": -0.1491718888282776,
                    "w": 0.7635291218757629
                }
            }
        },
        {
            "header": {
                "seq": 0,
                "stamp": {
                    "secs": 1687318007,
                    "nsecs": 680459842
                },
                "frame_id": "polhemus_base_0"
            },
            "child_frame_id": "polhemus_station_1",
            "transform": {
                "translation": {
                    "x": 0.1355728656053543,
                    "y": -0.024140944704413414,
                    "z": 0.050765592604875565
                },
                "rotation": {
                    "x": 0.08774023503065109,
                    "y": -0.2860032021999359,
                    "z": 0.10235051810741425,
                    "w": 0.9486980438232422
                }
            }
        },
        {
            "header": {
                "seq": 0,
                "stamp": {
                    "secs": 1687318007,
                    "nsecs": 680459842
                },
                "frame_id": "polhemus_base_0"
            },
            "child_frame_id": "polhemus_station_2",
            "transform": {
                "translation": {
                    "x": 0.1440754383802414,
                    "y": -0.013453422114253044,
                    "z": 0.06141378730535507
                },
                "rotation": {
                    "x": 0.03140027076005936,
                    "y": -0.41307532787323,
                    "z": -0.14068645238876343,
                    "w": 0.8992164134979248
                }
            }
        },
        {
            "header": {
                "seq": 0,
                "stamp": {
                    "secs": 1687318007,
                    "nsecs": 680459842
                },
                "frame_id": "polhemus_base_0"
            },
            "child_frame_id": "polhemus_station_3",
            "transform": {
                "translation": {
                    "x": 0.12294679135084152,
                    "y": 0.044471289962530136,
                    "z": 0.04109428822994232
                },
                "rotation": {
                    "x": -0.2222103476524353,
                    "y": -0.34940969944000244,
                    "z": -0.09604135900735855,
                    "w": 0.9051581025123596
                }
            }
        },
        {
            "header": {
                "seq": 0,
                "stamp": {
                    "secs": 1687318007,
                    "nsecs": 680459842
                },
                "frame_id": "polhemus_base_0"
            },
            "child_frame_id": "polhemus_station_4",
            "transform": {
                "translation": {
                    "x": 0.13758239150047302,
                    "y": 0.06169998273253441,
                    "z": 0.04618130251765251
                },
                "rotation": {
                    "x": 0.4110225737094879,
                    "y": 0.24605293571949005,
                    "z": 0.2181875854730606,
                    "w": -0.850242555141449
                }
            }
        },
        {
            "header": {
                "seq": 0,
                "stamp": {
                    "secs": 1687318007,
                    "nsecs": 680459842
                },
                "frame_id": "polhemus_base_0"
            },
            "child_frame_id": "polhemus_station_5",
            "transform": {
                "translation": {
                    "x": 0.18835437297821045,
                    "y": 0.05274913087487221,
                    "z": 0.009572829119861126
                },
                "rotation": {
                    "x": 0.2786521017551422,
                    "y": -0.3057428002357483,
                    "z": 0.08220900595188141,
                    "w": -0.9067061543464661
                }
            }
        }
    ]
}