{
    "transforms": [
        {
            "header": {
                "seq": 0,
                "stamp": {
                    "secs": 1687318019,
                    "nsecs": 37184906
                },
                "frame_id": "ra_base"
            },
            "child_frame_id": "ra_tool0_controller",
            "transform": {
                "translation": {
                    "x": -0.6728483367294116,
                    "y": -0.7293939249638774,
                    "z": 0.6299515336322309
                },
                "rotation": {
                    "x": -0.4907399496406695,
                    "y": -0.5021530773445043,
                    "z": 0.5050221013680217,
                    "w": 0.5019654030607538
                }
            }
        }
    ]
}