{
    "transforms": [
        {
            "header": {
                "seq": 0,
                "stamp": {
                    "secs": 1687318023,
                    "nsecs": 219184906
                },
                "frame_id": "ra_base"
            },
            "child_frame_id": "ra_tool0_controller",
            "transform": {
                "translation": {
                    "x": -0.6728377576212161,
                    "y": -0.7294030951934788,
                    "z": 0.6299235294062063
                },
                "rotation": {
                    "x": -0.49074734878737575,
                    "y": -0.5021506742677058,
                    "z": 0.5050244459897141,
                    "w": 0.5019582143400313
                }
            }
        }
    ]
}