{
    "transforms": [
        {
            "header": {
                "seq": 0,
                "stamp": {
                    "secs": 1687318004,
                    "nsecs": 405579978
                },
                "frame_id": "ra_base"
            },
            "child_frame_id": "ra_tool0_controller",
            "transform": {
                "translation": {
                    "x": -0.6760634219474675,
                    "y": -0.0915436094334476,
                    "z": 0.6376379205104755
                },
                "rotation": {
                    "x": -0.5028069742768366,
                    "y": -0.5053156442861665,
                    "z": 0.4962433951894219,
                    "w": 0.49556406143818
                }
            }
        }
    ]
}