{
    "transforms": [
        {
            "header": {
                "seq": 0,
                "stamp": {
                    "secs": 1687318020,
                    "nsecs": 907184906
                },
                "frame_id": "ra_base"
            },
            "child_frame_id": "ra_tool0_controller",
            "transform": {
                "translation": {
                    "x": -0.6728557267499922,
                    "y": -0.7293828403811939,
                    "z": 0.6299452704620617
                },
                "rotation": {
                    "x": -0.49075319946644885,
                    "y": -0.5021421029056004,
                    "z": 0.5050192860859615,
                    "w": 0.5019662602050174
                }
            }
        }
    ]
}