{
    "transforms": [
        {
            "header": {
                "seq": 0,
                "stamp": {
                    "secs": 1687317999,
                    "nsecs": 497146932
                },
                "frame_id": "polhemus_base_0"
            },
            "child_frame_id": "polhemus_station_0",
            "transform": {
                "translation": {
                    "x": 0.04720098897814751,
                    "y": -0.07204823940992355,
                    "z": 0.1403883695602417
                },
                "rotation": {
                    "x": -0.23463478684425354,
                    "y": -0.5791113376617432,
                    "z": -0.14960694313049316,
                    "w": 0.7662860751152039
                }
            }
        },
        {
            "header": {
                "seq": 0,
                "stamp": {
                    "secs": 1687317999,
                    "nsecs": 497146932
                },
                "frame_id": "polhemus_base_0"
            },
            "child_frame_id": "polhemus_station_1",
            "transform": {
                "translation": {
                    "x": 0.13540399074554443,
                    "y": -0.023887310177087784,
                    "z": 0.0509820394217968
                },
                "rotation": {
                    "x": 0.08589519560337067,
                    "y": -0.2873844504356384,
                    "z": 0.10333272814750671,
                    "w": 0.9483429789543152
                }
            }
        },
        {
            "header": {
                "seq": 0,
                "stamp": {
                    "secs": 1687317999,
                    "nsecs": 497146932
                },
                "frame_id": "polhemus_base_0"
            },
            "child_frame_id": "polhemus_station_2",
            "transform": {
                "translation": {
                    "x": 0.1438739001750946,
                    "y": -0.013103635981678963,
                    "z": 0.061598412692546844
                },
                "rotation": {
                    "x": 0.0294922087341547,
                    "y": -0.4146795868873596,
                    "z": -0.13919146358966827,
                    "w": 0.8987751603126526
                }
            }
        },
        {
            "header": {
                "seq": 0,
                "stamp": {
                    "secs": 1687317999,
                    "nsecs": 497146932
                },
                "frame_id": "polhemus_base_0"
            },
            "child_frame_id": "polhemus_station_3",
            "transform": {
                "translation": {
                    "x": 0.12254205346107483,
                    "y": 0.04506266489624977,
                    "z": 0.0420551635324955
                },
                "rotation": {
                    "x": -0.22246673703193665,
                    "y": -0.35325318574905396,
                    "z": -0.0934341698884964,
                    "w": 0.9038752317428589
                }
            }
        },
        {
            "header": {
                "seq": 0,
                "stamp": {
                    "secs": 1687317999,
                    "nsecs": 497146932
                },
                "frame_id": "polhemus_base_0"
            },
            "child_frame_id": "polhemus_station_4",
            "transform": {
                "translation": {
                    "x": 0.13664919137954712,
                    "y": 0.06258941441774368,
                    "z": 0.04705219715833664
                },
                "rotation": {
                    "x": 0.4026889204978943,
                    "y": 0.2510177493095398,
                    "z": 0.21202756464481354,
                    "w": -0.8543277978897095
                }
            }
        },
        {
            "header": {
                "seq": 0,
                "stamp": {
                    "secs": 1687317999,
                    "nsecs": 497146932
                },
                "frame_id": "polhemus_base_0"
            },
            "child_frame_id": "polhemus_station_5",
            "transform": {
                "translation": {
                    "x": 0.1884261518716812,
                    "y": 0.05362813174724579,
                    "z": 0.009656191803514957
                },
                "rotation": {
                    "x": 0.27602651715278625,
                    "y": -0.3051682114601135,
                    "z": 0.07791401445865631,
                    "w": -0.9080809950828552
                }
            }
        }
    ]
}