{
    "transforms": [
        {
            "header": {
                "seq": 0,
                "stamp": {
                    "secs": 1687318005,
                    "nsecs": 149184906
                },
                "frame_id": "ra_base"
            },
            "child_frame_id": "ra_tool0_controller",
            "transform": {
                "translation": {
                    "x": -0.676065996026455,
                    "y": -0.09154319715822155,
                    "z": 0.6376459690923786
                },
                "rotation": {
                    "x": -0.5028034316366476,
                    "y": -0.5053212830848784,
                    "z": 0.4962455091418765,
                    "w": 0.4955597891802594
                }
            }
        }
    ]
}