{
    "transforms": [
        {
            "header": {
                "seq": 0,
                "stamp": {
                    "secs": 1687317998,
                    "nsecs": 102470586
                },
                "frame_id": "polhemus_base_0"
            },
            "child_frame_id": "rh_user_forearm",
            "transform": {
                "translation": {
                    "x": -0.18842890858650208,
                    "y": 0.0536859929561615,
                    "z": 0.0096211526542902
                },
                "rotation": {
                    "x": -0.2761409072573685,
                    "y": -0.3053204216407686,
                    "z": 0.07762027033917109,
                    "w": 0.9080202272530358
                }
            }
        }
    ]
}