{
    "transforms": [
        {
            "header": {
                "seq": 0,
                "stamp": {
                    "secs": 1687318022,
                    "nsecs": 653184906
                },
                "frame_id": "ra_base"
            },
            "child_frame_id": "ra_tool0_controller",
            "transform": {
                "translation": {
                    "x": -0.672828142221436,
                    "y": -0.7293968496411448,
                    "z": 0.6299511368452042
                },
                "rotation": {
                    "x": -0.4907262508295415,
                    "y": -0.5021796707600125,
                    "z": 0.5050049657789484,
                    "w": 0.5019694309026701
                }
            }
        }
    ]
}