{
    "transforms": [
        {
            "header": {
                "seq": 0,
                "stamp": {
                    "secs": 1687318004,
                    "nsecs": 813579978
                },
                "frame_id": "ra_base"
            },
            "child_frame_id": "ra_tool0_controller",
            "transform": {
                "translation": {
                    "x": -0.676094411555832,
                    "y": -0.09153676666829157,
                    "z": 0.6376332435184581
                },
                "rotation": {
                    "x": -0.5028137170890671,
                    "y": -0.5053069536298254,
                    "z": 0.496250214450099,
                    "w": 0.4955592529442387
                }
            }
        }
    ]
}