{
    "transforms": [
        {
            "header": {
                "seq": 0,
                "stamp": {
                    "secs": 1687318001,
                    "nsecs": 953579978
                },
                "frame_id": "ra_base"
            },
            "child_frame_id": "ra_tool0_controller",
            "transform": {
                "translation": {
                    "x": -0.6760748637121189,
                    "y": -0.09155239481207429,
                    "z": 0.6376355277438575
                },
                "rotation": {
                    "x": -0.502806196404261,
                    "y": -0.5053200499843836,
                    "z": 0.4962560246954112,
                    "w": 0.49554771101758416
                }
            }
        }
    ]
}