{
    "transforms": [
        {
            "header": {
                "seq": 0,
                "stamp": {
                    "secs": 1687318002,
                    "nsecs": 45579978
                },
                "frame_id": "ra_base"
            },
            "child_frame_id": "ra_tool0_controller",
            "transform": {
                "translation": {
                    "x": -0.6760849693018487,
                    "y": -0.09153683245548282,
                    "z": 0.6376465163323669
                },
                "rotation": {
                    "x": -0.5028178254860974,
                    "y": -0.505307172033672,
                    "z": 0.49624418598067793,
                    "w": 0.4955608985232186
                }
            }
        }
    ]
}