{
    "transforms": [
        {
            "header": {
                "seq": 0,
                "stamp": {
                    "secs": 1687317999,
                    "nsecs": 349579978
                },
                "frame_id": "ra_base"
            },
            "child_frame_id": "ra_tool0_controller",
            "transform": {
                "translation": {
                    "x": -0.6760736746322055,
                    "y": -0.09153116691489792,
                    "z": 0.637643601280731
                },
                "rotation": {
                    "x": -0.5028088069450815,
                    "y": -0.5053193251831762,
                    "z": 0.496244322118842,
                    "w": 0.49555752039465023
                }
            }
        }
    ]
}