{
    "transforms": [
        {
            "header": {
                "seq": 0,
                "stamp": {
                    "secs": 1687318021,
                    "nsecs": 403184906
                },
                "frame_id": "ra_base"
            },
            "child_frame_id": "ra_tool0_controller",
            "transform": {
                "translation": {
                    "x": -0.672848288800587,
                    "y": -0.7293891311699501,
                    "z": 0.6299369548525877
                },
                "rotation": {
                    "x": -0.49073812732139316,
                    "y": -0.5021694065928467,
                    "z": 0.5050040580528197,
                    "w": 0.5019690018571513
                }
            }
        }
    ]
}