{
    "transforms": [
        {
            "header": {
                "seq": 0,
                "stamp": {
                    "secs": 1687318026,
                    "nsecs": 297184906
                },
                "frame_id": "ra_base"
            },
            "child_frame_id": "ra_tool0_controller",
            "transform": {
                "translation": {
                    "x": -0.6728252919593257,
                    "y": -0.7293872629443472,
                    "z": 0.6299660431082026
                },
                "rotation": {
                    "x": -0.49073593159004214,
                    "y": -0.5021658215675835,
                    "z": 0.5050072344407847,
                    "w": 0.5019715392911012
                }
            }
        }
    ]
}