{
    "transforms": [
        {
            "header": {
                "seq": 0,
                "stamp": {
                    "secs": 1687318012,
                    "nsecs": 27184906
                },
                "frame_id": "ra_base"
            },
            "child_frame_id": "ra_tool0_controller",
            "transform": {
                "translation": {
                    "x": -0.6809527001822835,
                    "y": -0.7150032013476508,
                    "z": 0.6323194008566189
                },
                "rotation": {
                    "x": -0.4908076898377466,
                    "y": -0.5022475532288398,
                    "z": 0.5047981070346994,
                    "w": 0.502029957279406
                }
            }
        }
    ]
}