{
    "transforms": [
        {
            "header": {
                "seq": 0,
                "stamp": {
                    "secs": 1687318017,
                    "nsecs": 772202792
                },
                "frame_id": "polhemus_base_0"
            },
            "child_frame_id": "polhemus_station_0",
            "transform": {
                "translation": {
                    "x": 0.04594050720334053,
                    "y": -0.07055719941854477,
                    "z": 0.14131054282188416
                },
                "rotation": {
                    "x": -0.2430129051208496,
                    "y": -0.5838179588317871,
                    "z": -0.14858520030975342,
                    "w": 0.7602787017822266
                }
            }
        },
        {
            "header": {
                "seq": 0,
                "stamp": {
                    "secs": 1687318017,
                    "nsecs": 772202792
                },
                "frame_id": "polhemus_base_0"
            },
            "child_frame_id": "polhemus_station_1",
            "transform": {
                "translation": {
                    "x": 0.13558551669120789,
                    "y": -0.0240843053907156,
                    "z": 0.05079438164830208
                },
                "rotation": {
                    "x": 0.08808761835098267,
                    "y": -0.285889208316803,
                    "z": 0.10270622372627258,
                    "w": 0.9486619234085083
                }
            }
        },
        {
            "header": {
                "seq": 0,
                "stamp": {
                    "secs": 1687318017,
                    "nsecs": 772202792
                },
                "frame_id": "polhemus_base_0"
            },
            "child_frame_id": "polhemus_station_2",
            "transform": {
                "translation": {
                    "x": 0.14407500624656677,
                    "y": -0.013371346518397331,
                    "z": 0.0614304319024086
                },
                "rotation": {
                    "x": 0.030388634651899338,
                    "y": -0.4128313362598419,
                    "z": -0.13957002758979797,
                    "w": 0.8995370864868164
                }
            }
        },
        {
            "header": {
                "seq": 0,
                "stamp": {
                    "secs": 1687318017,
                    "nsecs": 772202792
                },
                "frame_id": "polhemus_base_0"
            },
            "child_frame_id": "polhemus_station_3",
            "transform": {
                "translation": {
                    "x": 0.12325082719326019,
                    "y": 0.04446101933717728,
                    "z": 0.04056485742330551
                },
                "rotation": {
                    "x": -0.22004099190235138,
                    "y": -0.346210241317749,
                    "z": -0.09621137380599976,
                    "w": 0.906897783279419
                }
            }
        },
        {
            "header": {
                "seq": 0,
                "stamp": {
                    "secs": 1687318017,
                    "nsecs": 772202792
                },
                "frame_id": "polhemus_base_0"
            },
            "child_frame_id": "polhemus_station_4",
            "transform": {
                "translation": {
                    "x": 0.138055220246315,
                    "y": 0.06146401911973953,
                    "z": 0.045617420226335526
                },
                "rotation": {
                    "x": 0.4179591238498688,
                    "y": 0.24541285634040833,
                    "z": 0.21969620883464813,
                    "w": -0.8466500639915466
                }
            }
        },
        {
            "header": {
                "seq": 0,
                "stamp": {
                    "secs": 1687318017,
                    "nsecs": 772202792
                },
                "frame_id": "polhemus_base_0"
            },
            "child_frame_id": "polhemus_station_5",
            "transform": {
                "translation": {
                    "x": 0.18833157420158386,
                    "y": 0.05216807499527931,
                    "z": 0.009310520254075527
                },
                "rotation": {
                    "x": 0.28146064281463623,
                    "y": -0.30652177333831787,
                    "z": 0.08490458130836487,
                    "w": -0.9053261280059814
                }
            }
        }
    ]
}