{
    "transforms": [
        {
            "header": {
                "seq": 0,
                "stamp": {
                    "secs": 1687318003,
                    "nsecs": 163579978
                },
                "frame_id": "ra_base"
            },
            "child_frame_id": "ra_tool0_controller",
            "transform": {
                "translation": {
                    "x": -0.6760745266182993,
                    "y": -0.09153408235633174,
                    "z": 0.6376572809377355
                },
                "rotation": {
                    "x": -0.5027901213286415,
                    "y": -0.5053153041071419,
                    "z": 0.4962537785178268,
                    "w": 0.49557110956573786
                }
            }
        }
    ]
}