{
    "transforms": [
        {
            "header": {
                "seq": 0,
                "stamp": {
                    "secs": 1687318008,
                    "nsecs": 795184906
                },
                "frame_id": "ra_base"
            },
            "child_frame_id": "ra_tool0_controller",
            "transform": {
                "translation": {
                    "x": -0.7348555926168394,
                    "y": -0.20858569653593467,
                    "z": 0.6558227521932859
                },
                "rotation": {
                    "x": -0.4985487928093376,
                    "y": -0.5056666015960185,
                    "z": 0.4972851311668089,
                    "w": 0.49845550206522493
                }
            }
        }
    ]
}