{
    "transforms": [
        {
            "header": {
                "seq": 0,
                "stamp": {
                    "secs": 1687318004,
                    "nsecs": 991184906
                },
                "frame_id": "ra_base"
            },
            "child_frame_id": "ra_tool0_controller",
            "transform": {
                "translation": {
                    "x": -0.676074879807127,
                    "y": -0.09154367152960635,
                    "z": 0.6376381181588329
                },
                "rotation": {
                    "x": -0.5027993940896779,
                    "y": -0.505323431922152,
                    "z": 0.4962432885528477,
                    "w": 0.495563918197972
                }
            }
        }
    ]
}