{
    "transforms": [
        {
            "header": {
                "seq": 0,
                "stamp": {
                    "secs": 1687318023,
                    "nsecs": 472143445
                },
                "frame_id": "polhemus_base_0"
            },
            "child_frame_id": "polhemus_station_0",
            "transform": {
                "translation": {
                    "x": 0.04531027749180794,
                    "y": -0.07012932747602463,
                    "z": 0.141540065407753
                },
                "rotation": {
                    "x": -0.2451421618461609,
                    "y": -0.5863828659057617,
                    "z": -0.14805947244167328,
                    "w": 0.7577194571495056
                }
            }
        },
        {
            "header": {
                "seq": 0,
                "stamp": {
                    "secs": 1687318023,
                    "nsecs": 472143445
                },
                "frame_id": "polhemus_base_0"
            },
            "child_frame_id": "polhemus_station_1",
            "transform": {
                "translation": {
                    "x": 0.13559004664421082,
                    "y": -0.023984141647815704,
                    "z": 0.050826165825128555
                },
                "rotation": {
                    "x": 0.08838732540607452,
                    "y": -0.28570756316185,
                    "z": 0.10323505103588104,
                    "w": 0.948631227016449
                }
            }
        },
        {
            "header": {
                "seq": 0,
                "stamp": {
                    "secs": 1687318023,
                    "nsecs": 472143445
                },
                "frame_id": "polhemus_base_0"
            },
            "child_frame_id": "polhemus_station_2",
            "transform": {
                "translation": {
                    "x": 0.1440456658601761,
                    "y": -0.013248853385448456,
                    "z": 0.06149520352482796
                },
                "rotation": {
                    "x": 0.03047637641429901,
                    "y": -0.4130101203918457,
                    "z": -0.138482466340065,
                    "w": 0.8996202349662781
                }
            }
        },
        {
            "header": {
                "seq": 0,
                "stamp": {
                    "secs": 1687318023,
                    "nsecs": 472143445
                },
                "frame_id": "polhemus_base_0"
            },
            "child_frame_id": "polhemus_station_3",
            "transform": {
                "translation": {
                    "x": 0.1233864575624466,
                    "y": 0.044509101659059525,
                    "z": 0.040402185171842575
                },
                "rotation": {
                    "x": -0.22200573980808258,
                    "y": -0.345284104347229,
                    "z": -0.0970100536942482,
                    "w": 0.9066867828369141
                }
            }
        },
        {
            "header": {
                "seq": 0,
                "stamp": {
                    "secs": 1687318023,
                    "nsecs": 472143445
                },
                "frame_id": "polhemus_base_0"
            },
            "child_frame_id": "polhemus_station_4",
            "transform": {
                "translation": {
                    "x": 0.13825082778930664,
                    "y": 0.06149657815694809,
                    "z": 0.04539614915847778
                },
                "rotation": {
                    "x": 0.422005832195282,
                    "y": 0.2454228699207306,
                    "z": 0.22018150985240936,
                    "w": -0.8445109128952026
                }
            }
        },
        {
            "header": {
                "seq": 0,
                "stamp": {
                    "secs": 1687318023,
                    "nsecs": 472143445
                },
                "frame_id": "polhemus_base_0"
            },
            "child_frame_id": "polhemus_station_5",
            "transform": {
                "translation": {
                    "x": 0.18830262124538422,
                    "y": 0.05194597318768501,
                    "z": 0.00923998188227415
                },
                "rotation": {
                    "x": 0.28329628705978394,
                    "y": -0.3062293827533722,
                    "z": 0.08657540380954742,
                    "w": -0.9046940803527832
                }
            }
        }
    ]
}