{
    "transforms": [
        {
            "header": {
                "seq": 0,
                "stamp": {
                    "secs": 1687318011,
                    "nsecs": 489184906
                },
                "frame_id": "ra_base"
            },
            "child_frame_id": "ra_tool0_controller",
            "transform": {
                "translation": {
                    "x": -0.7094371166559268,
                    "y": -0.6571503181337021,
                    "z": 0.6406352325615184
                },
                "rotation": {
                    "x": -0.49112494255982214,
                    "y": -0.502801191607843,
                    "z": 0.5037982512390279,
                    "w": 0.5021698662423324
                }
            }
        }
    ]
}