{
    "transforms": [
        {
            "header": {
                "seq": 0,
                "stamp": {
                    "secs": 1687318018,
                    "nsecs": 637184906
                },
                "frame_id": "ra_base"
            },
            "child_frame_id": "ra_tool0_controller",
            "transform": {
                "translation": {
                    "x": -0.6728419568996145,
                    "y": -0.7293900473802936,
                    "z": 0.6299679183375844
                },
                "rotation": {
                    "x": -0.4907350069572705,
                    "y": -0.50215642839252,
                    "z": 0.5050263582506663,
                    "w": 0.5019626000438533
                }
            }
        }
    ]
}