{
    "transforms": [
        {
            "header": {
                "seq": 0,
                "stamp": {
                    "secs": 1687318025,
                    "nsecs": 561184906
                },
                "frame_id": "ra_base"
            },
            "child_frame_id": "ra_tool0_controller",
            "transform": {
                "translation": {
                    "x": -0.6728417709800667,
                    "y": -0.7293843492079107,
                    "z": 0.6299438357843835
                },
                "rotation": {
                    "x": -0.4907475582192066,
                    "y": -0.5021518992658448,
                    "z": 0.5050076014440956,
                    "w": 0.5019737310350739
                }
            }
        }
    ]
}