{
    "transforms": [
        {
            "header": {
                "seq": 0,
                "stamp": {
                    "secs": 1687318016,
                    "nsecs": 377184906
                },
                "frame_id": "ra_base"
            },
            "child_frame_id": "ra_tool0_controller",
            "transform": {
                "translation": {
                    "x": -0.6728558274144089,
                    "y": -0.7293803332360936,
                    "z": 0.62994681336055
                },
                "rotation": {
                    "x": -0.490742802861569,
                    "y": -0.5021489871785442,
                    "z": 0.5050185896044134,
                    "w": 0.501970238429633
                }
            }
        }
    ]
}