{
    "transforms": [
        {
            "header": {
                "seq": 0,
                "stamp": {
                    "secs": 1687318022,
                    "nsecs": 459184906
                },
                "frame_id": "ra_base"
            },
            "child_frame_id": "ra_tool0_controller",
            "transform": {
                "translation": {
                    "x": -0.6728461651250665,
                    "y": -0.7293900730954183,
                    "z": 0.6299301572077479
                },
                "rotation": {
                    "x": -0.4907323430671111,
                    "y": -0.5021751254160645,
                    "z": 0.5049918942107022,
                    "w": 0.5019811726177689
                }
            }
        }
    ]
}