{
    "transforms": [
        {
            "header": {
                "seq": 0,
                "stamp": {
                    "secs": 1687318021,
                    "nsecs": 855184906
                },
                "frame_id": "ra_base"
            },
            "child_frame_id": "ra_tool0_controller",
            "transform": {
                "translation": {
                    "x": -0.6728436729947355,
                    "y": -0.7293813036309788,
                    "z": 0.6299436679314118
                },
                "rotation": {
                    "x": -0.49074595716294966,
                    "y": -0.5021614331962954,
                    "z": 0.5049962680841682,
                    "w": 0.5019771605955057
                }
            }
        }
    ]
}