{
    "transforms": [
        {
            "header": {
                "seq": 0,
                "stamp": {
                    "secs": 1687318010,
                    "nsecs": 859184906
                },
                "frame_id": "ra_base"
            },
            "child_frame_id": "ra_tool0_controller",
            "transform": {
                "translation": {
                    "x": -0.7472404697702593,
                    "y": -0.5453827954419592,
                    "z": 0.6528642291937607
                },
                "rotation": {
                    "x": -0.4920840470531384,
                    "y": -0.5037371877905887,
                    "z": 0.5020360661135095,
                    "w": 0.5020576905036968
                }
            }
        }
    ]
}