{
    "transforms": [
        {
            "header": {
                "seq": 0,
                "stamp": {
                    "secs": 1687318021,
                    "nsecs": 891184906
                },
                "frame_id": "ra_base"
            },
            "child_frame_id": "ra_tool0_controller",
            "transform": {
                "translation": {
                    "x": -0.6728482441650697,
                    "y": -0.7293839694392095,
                    "z": 0.6299854760916535
                },
                "rotation": {
                    "x": -0.4907411887936363,
                    "y": -0.5021415726404639,
                    "z": 0.5050280765787311,
                    "w": 0.501969688840629
                }
            }
        }
    ]
}