{
    "transforms": [
        {
            "header": {
                "seq": 0,
                "stamp": {
                    "secs": 1687318021,
                    "nsecs": 879184906
                },
                "frame_id": "ra_base"
            },
            "child_frame_id": "ra_tool0_controller",
            "transform": {
                "translation": {
                    "x": -0.6728617695870747,
                    "y": -0.7293854047336394,
                    "z": 0.6299606192076265
                },
                "rotation": {
                    "x": -0.49073475762635776,
                    "y": -0.5021522911886618,
                    "z": 0.5050149268935831,
                    "w": 0.5019784833297601
                }
            }
        }
    ]
}