{
    "transforms": [
        {
            "header": {
                "seq": 0,
                "stamp": {
                    "secs": 1687318003,
                    "nsecs": 485579978
                },
                "frame_id": "ra_base"
            },
            "child_frame_id": "ra_tool0_controller",
            "transform": {
                "translation": {
                    "x": -0.6760792116639122,
                    "y": -0.09155415735618742,
                    "z": 0.637617489204692
                },
                "rotation": {
                    "x": -0.5028059840366725,
                    "y": -0.5053304774937927,
                    "z": 0.49625598009589866,
                    "w": 0.4955373377979381
                }
            }
        }
    ]
}