{
    "transforms": [
        {
            "header": {
                "seq": 0,
                "stamp": {
                    "secs": 1687318024,
                    "nsecs": 99184906
                },
                "frame_id": "ra_base"
            },
            "child_frame_id": "ra_tool0_controller",
            "transform": {
                "translation": {
                    "x": -0.6728344228534278,
                    "y": -0.7293949731081657,
                    "z": 0.6299452334977172
                },
                "rotation": {
                    "x": -0.49074024537339656,
                    "y": -0.5021531608342439,
                    "z": 0.505018114175578,
                    "w": 0.5019690418637185
                }
            }
        }
    ]
}