{
    "transforms": [
        {
            "header": {
                "seq": 0,
                "stamp": {
                    "secs": 1687318010,
                    "nsecs": 353184906
                },
                "frame_id": "ra_base"
            },
            "child_frame_id": "ra_tool0_controller",
            "transform": {
                "translation": {
                    "x": -0.7625045673605185,
                    "y": -0.4562512228963829,
                    "z": 0.6590462211695511
                },
                "rotation": {
                    "x": -0.4932419087647351,
                    "y": -0.5043185179567621,
                    "z": 0.5006892568079274,
                    "w": 0.50168268856035
                }
            }
        }
    ]
}