{
    "transforms": [
        {
            "header": {
                "seq": 0,
                "stamp": {
                    "secs": 1687318016,
                    "nsecs": 630462909
                },
                "frame_id": "polhemus_base_0"
            },
            "child_frame_id": "polhemus_station_0",
            "transform": {
                "translation": {
                    "x": 0.04592962935566902,
                    "y": -0.07059605419635773,
                    "z": 0.1412869095802307
                },
                "rotation": {
                    "x": -0.24273350834846497,
                    "y": -0.5839712023735046,
                    "z": -0.14846783876419067,
                    "w": 0.760273277759552
                }
            }
        },
        {
            "header": {
                "seq": 0,
                "stamp": {
                    "secs": 1687318016,
                    "nsecs": 630462909
                },
                "frame_id": "polhemus_base_0"
            },
            "child_frame_id": "polhemus_station_1",
            "transform": {
                "translation": {
                    "x": 0.13556772470474243,
                    "y": -0.024073198437690735,
                    "z": 0.050807323306798935
                },
                "rotation": {
                    "x": 0.08796373009681702,
                    "y": -0.28596436977386475,
                    "z": 0.10279824584722519,
                    "w": 0.9486407041549683
                }
            }
        },
        {
            "header": {
                "seq": 0,
                "stamp": {
                    "secs": 1687318016,
                    "nsecs": 630462909
                },
                "frame_id": "polhemus_base_0"
            },
            "child_frame_id": "polhemus_station_2",
            "transform": {
                "translation": {
                    "x": 0.14406391978263855,
                    "y": -0.013375501148402691,
                    "z": 0.061434805393218994
                },
                "rotation": {
                    "x": 0.030395271256566048,
                    "y": -0.4129676818847656,
                    "z": -0.1397077739238739,
                    "w": 0.8994529247283936
                }
            }
        },
        {
            "header": {
                "seq": 0,
                "stamp": {
                    "secs": 1687318016,
                    "nsecs": 630462909
                },
                "frame_id": "polhemus_base_0"
            },
            "child_frame_id": "polhemus_station_3",
            "transform": {
                "translation": {
                    "x": 0.12323106825351715,
                    "y": 0.04445517063140869,
                    "z": 0.040598928928375244
                },
                "rotation": {
                    "x": -0.21994845569133759,
                    "y": -0.34639275074005127,
                    "z": -0.09619849920272827,
                    "w": 0.9068518877029419
                }
            }
        },
        {
            "header": {
                "seq": 0,
                "stamp": {
                    "secs": 1687318016,
                    "nsecs": 630462909
                },
                "frame_id": "polhemus_base_0"
            },
            "child_frame_id": "polhemus_station_4",
            "transform": {
                "translation": {
                    "x": 0.13802805542945862,
                    "y": 0.06149720028042793,
                    "z": 0.04563935101032257
                },
                "rotation": {
                    "x": 0.41717690229415894,
                    "y": 0.2453320175409317,
                    "z": 0.2192898392677307,
                    "w": -0.8471644520759583
                }
            }
        },
        {
            "header": {
                "seq": 0,
                "stamp": {
                    "secs": 1687318016,
                    "nsecs": 630462909
                },
                "frame_id": "polhemus_base_0"
            },
            "child_frame_id": "polhemus_station_5",
            "transform": {
                "translation": {
                    "x": 0.18835410475730896,
                    "y": 0.0522027350962162,
                    "z": 0.009352153167128563
                },
                "rotation": {
                    "x": 0.2814076542854309,
                    "y": -0.3061094880104065,
                    "z": 0.08496084809303284,
                    "w": -0.9054769277572632
                }
            }
        }
    ]
}