{
    "transforms": [
        {
            "header": {
                "seq": 0,
                "stamp": {
                    "secs": 1687317998,
                    "nsecs": 538897344
                },
                "frame_id": "polhemus_base_0"
            },
            "child_frame_id": "polhemus_station_0",
            "transform": {
                "translation": {
                    "x": 0.04720023646950722,
                    "y": -0.07205379754304886,
                    "z": 0.140380397439003
                },
                "rotation": {
                    "x": -0.23442399501800537,
                    "y": -0.5791575908660889,
                    "z": -0.14940765500068665,
                    "w": 0.7663545608520508
                }
            }
        },
        {
            "header": {
                "seq": 0,
                "stamp": {
                    "secs": 1687317998,
                    "nsecs": 538897344
                },
                "frame_id": "polhemus_base_0"
            },
            "child_frame_id": "polhemus_station_1",
            "transform": {
                "translation": {
                    "x": 0.1354023814201355,
                    "y": -0.023864733055233955,
                    "z": 0.05098974332213402
                },
                "rotation": {
                    "x": 0.08584477007389069,
                    "y": -0.28743255138397217,
                    "z": 0.10349325090646744,
                    "w": 0.9483155012130737
                }
            }
        },
        {
            "header": {
                "seq": 0,
                "stamp": {
                    "secs": 1687317998,
                    "nsecs": 538897344
                },
                "frame_id": "polhemus_base_0"
            },
            "child_frame_id": "polhemus_station_2",
            "transform": {
                "translation": {
                    "x": 0.14385873079299927,
                    "y": -0.013097437098622322,
                    "z": 0.06162583827972412
                },
                "rotation": {
                    "x": 0.02923392504453659,
                    "y": -0.41493988037109375,
                    "z": -0.1392313539981842,
                    "w": 0.8986573219299316
                }
            }
        },
        {
            "header": {
                "seq": 0,
                "stamp": {
                    "secs": 1687317998,
                    "nsecs": 538897344
                },
                "frame_id": "polhemus_base_0"
            },
            "child_frame_id": "polhemus_station_3",
            "transform": {
                "translation": {
                    "x": 0.12253445386886597,
                    "y": 0.04508354887366295,
                    "z": 0.04209814965724945
                },
                "rotation": {
                    "x": -0.22256536781787872,
                    "y": -0.35344094038009644,
                    "z": -0.09330843389034271,
                    "w": 0.9037906527519226
                }
            }
        },
        {
            "header": {
                "seq": 0,
                "stamp": {
                    "secs": 1687317998,
                    "nsecs": 538897344
                },
                "frame_id": "polhemus_base_0"
            },
            "child_frame_id": "polhemus_station_4",
            "transform": {
                "translation": {
                    "x": 0.13662882149219513,
                    "y": 0.06262524425983429,
                    "z": 0.047075219452381134
                },
                "rotation": {
                    "x": 0.40233391523361206,
                    "y": 0.2510165870189667,
                    "z": 0.21172365546226501,
                    "w": -0.8545706868171692
                }
            }
        },
        {
            "header": {
                "seq": 0,
                "stamp": {
                    "secs": 1687317998,
                    "nsecs": 538897344
                },
                "frame_id": "polhemus_base_0"
            },
            "child_frame_id": "polhemus_station_5",
            "transform": {
                "translation": {
                    "x": 0.18843410909175873,
                    "y": 0.0536234974861145,
                    "z": 0.009753513149917126
                },
                "rotation": {
                    "x": 0.27533265948295593,
                    "y": -0.3050285577774048,
                    "z": 0.07780252397060394,
                    "w": -0.908348023891449
                }
            }
        }
    ]
}