{
    "transforms": [
        {
            "header": {
                "seq": 0,
                "stamp": {
                    "secs": 1687318005,
                    "nsecs": 367184906
                },
                "frame_id": "ra_base"
            },
            "child_frame_id": "ra_tool0_controller",
            "transform": {
                "translation": {
                    "x": -0.676070639072015,
                    "y": -0.09155488431907188,
                    "z": 0.6376454632125987
                },
                "rotation": {
                    "x": -0.5027967429404671,
                    "y": -0.5053315094385596,
                    "z": 0.49625268397211925,
                    "w": 0.4955489627750956
                }
            }
        }
    ]
}