{
    "transforms": [
        {
            "header": {
                "seq": 0,
                "stamp": {
                    "secs": 1687318007,
                    "nsecs": 443184906
                },
                "frame_id": "ra_base"
            },
            "child_frame_id": "ra_tool0_controller",
            "transform": {
                "translation": {
                    "x": -0.6762631875542571,
                    "y": -0.0918652699047462,
                    "z": 0.6377437824357945
                },
                "rotation": {
                    "x": -0.5027597852131749,
                    "y": -0.5053041143469588,
                    "z": 0.4962792871970443,
                    "w": 0.4955877515593294
                }
            }
        }
    ]
}