{
    "transforms": [
        {
            "header": {
                "seq": 0,
                "stamp": {
                    "secs": 1687318012,
                    "nsecs": 353184906
                },
                "frame_id": "ra_base"
            },
            "child_frame_id": "ra_tool0_controller",
            "transform": {
                "translation": {
                    "x": -0.6730545602903576,
                    "y": -0.7290573847342482,
                    "z": 0.6299648744313985
                },
                "rotation": {
                    "x": -0.49074174787296393,
                    "y": -0.5021557802223999,
                    "z": 0.5050251676413184,
                    "w": 0.5019578561320455
                }
            }
        }
    ]
}