{
    "transforms": [
        {
            "header": {
                "seq": 0,
                "stamp": {
                    "secs": 1687318022,
                    "nsecs": 491184906
                },
                "frame_id": "ra_base"
            },
            "child_frame_id": "ra_tool0_controller",
            "transform": {
                "translation": {
                    "x": -0.6728570323342334,
                    "y": -0.7293610982274361,
                    "z": 0.6299544767013359
                },
                "rotation": {
                    "x": -0.4907413526860871,
                    "y": -0.5021564938380884,
                    "z": 0.5050051091220149,
                    "w": 0.5019777088882825
                }
            }
        }
    ]
}