{
    "transforms": [
        {
            "header": {
                "seq": 0,
                "stamp": {
                    "secs": 1687318020,
                    "nsecs": 817184906
                },
                "frame_id": "ra_base"
            },
            "child_frame_id": "ra_tool0_controller",
            "transform": {
                "translation": {
                    "x": -0.6728570172723126,
                    "y": -0.7293749721728201,
                    "z": 0.6299452404546345
                },
                "rotation": {
                    "x": -0.4907440327771628,
                    "y": -0.5021494294971725,
                    "z": 0.5050100821633423,
                    "w": 0.5019771525305167
                }
            }
        }
    ]
}