{
    "transforms": [
        {
            "header": {
                "seq": 0,
                "stamp": {
                    "secs": 1687318022,
                    "nsecs": 447184906
                },
                "frame_id": "ra_base"
            },
            "child_frame_id": "ra_tool0_controller",
            "transform": {
                "translation": {
                    "x": -0.6728420183651664,
                    "y": -0.7293930242598484,
                    "z": 0.6299539528877612
                },
                "rotation": {
                    "x": -0.49073407492014565,
                    "y": -0.5021557873759963,
                    "z": 0.5050210418630389,
                    "w": 0.5019695012574296
                }
            }
        }
    ]
}