{
    "transforms": [
        {
            "header": {
                "seq": 0,
                "stamp": {
                    "secs": 1687318014,
                    "nsecs": 355502281
                },
                "frame_id": "polhemus_base_0"
            },
            "child_frame_id": "polhemus_station_0",
            "transform": {
                "translation": {
                    "x": 0.0460420697927475,
                    "y": -0.07080740481615067,
                    "z": 0.14114001393318176
                },
                "rotation": {
                    "x": -0.2416808009147644,
                    "y": -0.5835499167442322,
                    "z": -0.14841574430465698,
                    "w": 0.7609420418739319
                }
            }
        },
        {
            "header": {
                "seq": 0,
                "stamp": {
                    "secs": 1687318014,
                    "nsecs": 355502281
                },
                "frame_id": "polhemus_base_0"
            },
            "child_frame_id": "polhemus_station_1",
            "transform": {
                "translation": {
                    "x": 0.13557030260562897,
                    "y": -0.024104567244648933,
                    "z": 0.05077436566352844
                },
                "rotation": {
                    "x": 0.08806195110082626,
                    "y": -0.28598135709762573,
                    "z": 0.10261660814285278,
                    "w": 0.948646068572998
                }
            }
        },
        {
            "header": {
                "seq": 0,
                "stamp": {
                    "secs": 1687318014,
                    "nsecs": 355502281
                },
                "frame_id": "polhemus_base_0"
            },
            "child_frame_id": "polhemus_station_2",
            "transform": {
                "translation": {
                    "x": 0.14406219124794006,
                    "y": -0.013398007489740849,
                    "z": 0.06142028793692589
                },
                "rotation": {
                    "x": 0.030915765091776848,
                    "y": -0.4129624664783478,
                    "z": -0.13994833827018738,
                    "w": 0.8994002342224121
                }
            }
        },
        {
            "header": {
                "seq": 0,
                "stamp": {
                    "secs": 1687318014,
                    "nsecs": 355502281
                },
                "frame_id": "polhemus_base_0"
            },
            "child_frame_id": "polhemus_station_3",
            "transform": {
                "translation": {
                    "x": 0.12316924333572388,
                    "y": 0.044482771307229996,
                    "z": 0.040669914335012436
                },
                "rotation": {
                    "x": -0.22005459666252136,
                    "y": -0.346785306930542,
                    "z": -0.09563194960355759,
                    "w": 0.9067360162734985
                }
            }
        },
        {
            "header": {
                "seq": 0,
                "stamp": {
                    "secs": 1687318014,
                    "nsecs": 355502281
                },
                "frame_id": "polhemus_base_0"
            },
            "child_frame_id": "polhemus_station_4",
            "transform": {
                "translation": {
                    "x": 0.13794083893299103,
                    "y": 0.06153663992881775,
                    "z": 0.04574112966656685
                },
                "rotation": {
                    "x": 0.41578641533851624,
                    "y": 0.24534273147583008,
                    "z": 0.2189871370792389,
                    "w": -0.8479229211807251
                }
            }
        },
        {
            "header": {
                "seq": 0,
                "stamp": {
                    "secs": 1687318014,
                    "nsecs": 355502281
                },
                "frame_id": "polhemus_base_0"
            },
            "child_frame_id": "polhemus_station_5",
            "transform": {
                "translation": {
                    "x": 0.18833035230636597,
                    "y": 0.05236803740262985,
                    "z": 0.00934424065053463
                },
                "rotation": {
                    "x": 0.2811841070652008,
                    "y": -0.30624085664749146,
                    "z": 0.08413571119308472,
                    "w": -0.9055789113044739
                }
            }
        }
    ]
}