{
    "transforms": [
        {
            "header": {
                "seq": 0,
                "stamp": {
                    "secs": 1687318001,
                    "nsecs": 579579978
                },
                "frame_id": "ra_base"
            },
            "child_frame_id": "ra_tool0_controller",
            "transform": {
                "translation": {
                    "x": -0.6760733480140685,
                    "y": -0.09154210858289238,
                    "z": 0.6376466868920435
                },
                "rotation": {
                    "x": -0.5028112095292545,
                    "y": -0.505311795305447,
                    "z": 0.49625489603859607,
                    "w": 0.4955521720814434
                }
            }
        }
    ]
}