{
    "transforms": [
        {
            "header": {
                "seq": 0,
                "stamp": {
                    "secs": 1687318016,
                    "nsecs": 419184906
                },
                "frame_id": "ra_base"
            },
            "child_frame_id": "ra_tool0_controller",
            "transform": {
                "translation": {
                    "x": -0.6728535523911616,
                    "y": -0.7293779181771265,
                    "z": 0.6299587624745577
                },
                "rotation": {
                    "x": -0.4907425163854192,
                    "y": -0.5021449689912317,
                    "z": 0.5050208637677993,
                    "w": 0.5019722501172026
                }
            }
        }
    ]
}