{
    "transforms": [
        {
            "header": {
                "seq": 0,
                "stamp": {
                    "secs": 1687318026,
                    "nsecs": 88801306
                },
                "frame_id": "polhemus_base_0"
            },
            "child_frame_id": "polhemus_station_0",
            "transform": {
                "translation": {
                    "x": 0.04524829611182213,
                    "y": -0.07003305107355118,
                    "z": 0.14162249863147736
                },
                "rotation": {
                    "x": -0.2457120716571808,
                    "y": -0.5865038633346558,
                    "z": -0.14815807342529297,
                    "w": 0.7574219703674316
                }
            }
        },
        {
            "header": {
                "seq": 0,
                "stamp": {
                    "secs": 1687318026,
                    "nsecs": 88801306
                },
                "frame_id": "polhemus_base_0"
            },
            "child_frame_id": "polhemus_station_1",
            "transform": {
                "translation": {
                    "x": 0.13559062778949738,
                    "y": -0.023978030309081078,
                    "z": 0.05085410550236702
                },
                "rotation": {
                    "x": 0.08840447664260864,
                    "y": -0.28570687770843506,
                    "z": 0.1032964438199997,
                    "w": 0.9486231803894043
                }
            }
        },
        {
            "header": {
                "seq": 0,
                "stamp": {
                    "secs": 1687318026,
                    "nsecs": 88801306
                },
                "frame_id": "polhemus_base_0"
            },
            "child_frame_id": "polhemus_station_2",
            "transform": {
                "translation": {
                    "x": 0.14406263828277588,
                    "y": -0.013258663937449455,
                    "z": 0.06150079518556595
                },
                "rotation": {
                    "x": 0.030211634933948517,
                    "y": -0.4128669500350952,
                    "z": -0.13851994276046753,
                    "w": 0.8996890187263489
                }
            }
        },
        {
            "header": {
                "seq": 0,
                "stamp": {
                    "secs": 1687318026,
                    "nsecs": 88801306
                },
                "frame_id": "polhemus_base_0"
            },
            "child_frame_id": "polhemus_station_3",
            "transform": {
                "translation": {
                    "x": 0.12341625243425369,
                    "y": 0.044515714049339294,
                    "z": 0.04035498946905136
                },
                "rotation": {
                    "x": -0.2222212255001068,
                    "y": -0.34509456157684326,
                    "z": -0.09709744155406952,
                    "w": 0.9066968560218811
                }
            }
        },
        {
            "header": {
                "seq": 0,
                "stamp": {
                    "secs": 1687318026,
                    "nsecs": 88801306
                },
                "frame_id": "polhemus_base_0"
            },
            "child_frame_id": "polhemus_station_4",
            "transform": {
                "translation": {
                    "x": 0.1382836401462555,
                    "y": 0.06148252636194229,
                    "z": 0.045363884419202805
                },
                "rotation": {
                    "x": 0.4229590892791748,
                    "y": 0.2456933856010437,
                    "z": 0.22040823101997375,
                    "w": -0.8438960313796997
                }
            }
        },
        {
            "header": {
                "seq": 0,
                "stamp": {
                    "secs": 1687318026,
                    "nsecs": 88801306
                },
                "frame_id": "polhemus_base_0"
            },
            "child_frame_id": "polhemus_station_5",
            "transform": {
                "translation": {
                    "x": 0.18832305073738098,
                    "y": 0.051863692700862885,
                    "z": 0.009275813587009907
                },
                "rotation": {
                    "x": 0.28368252515792847,
                    "y": -0.3058284521102905,
                    "z": 0.08723196387290955,
                    "w": -0.9046456813812256
                }
            }
        }
    ]
}