{
    "transforms": [
        {
            "header": {
                "seq": 0,
                "stamp": {
                    "secs": 1687318007,
                    "nsecs": 839184906
                },
                "frame_id": "ra_base"
            },
            "child_frame_id": "ra_tool0_controller",
            "transform": {
                "translation": {
                    "x": -0.6853775244746141,
                    "y": -0.10559696046171482,
                    "z": 0.6408425016164427
                },
                "rotation": {
                    "x": -0.5022163854807418,
                    "y": -0.5054100065583781,
                    "z": 0.4963167796886562,
                    "w": 0.49599302578242077
                }
            }
        }
    ]
}