{
    "transforms": [
        {
            "header": {
                "seq": 0,
                "stamp": {
                    "secs": 1687317998,
                    "nsecs": 513579978
                },
                "frame_id": "ra_base"
            },
            "child_frame_id": "ra_tool0_controller",
            "transform": {
                "translation": {
                    "x": -0.6760736639061755,
                    "y": -0.09154953627220273,
                    "z": 0.6376377158695905
                },
                "rotation": {
                    "x": -0.5028021538922076,
                    "y": -0.5053224348022891,
                    "z": 0.49624849441091173,
                    "w": 0.4955569217776564
                }
            }
        }
    ]
}