{
    "transforms": [
        {
            "header": {
                "seq": 0,
                "stamp": {
                    "secs": 1687318015,
                    "nsecs": 287184906
                },
                "frame_id": "ra_base"
            },
            "child_frame_id": "ra_tool0_controller",
            "transform": {
                "translation": {
                    "x": -0.6728519965070107,
                    "y": -0.7293773245139366,
                    "z": 0.6299383615885764
                },
                "rotation": {
                    "x": -0.4907492039470166,
                    "y": -0.5021500811126054,
                    "z": 0.505019505865077,
                    "w": 0.501961964256025
                }
            }
        }
    ]
}