{
    "transforms": [
        {
            "header": {
                "seq": 0,
                "stamp": {
                    "secs": 1687318016,
                    "nsecs": 863184906
                },
                "frame_id": "ra_base"
            },
            "child_frame_id": "ra_tool0_controller",
            "transform": {
                "translation": {
                    "x": -0.6728395026238654,
                    "y": -0.729386067250502,
                    "z": 0.6299931308804407
                },
                "rotation": {
                    "x": -0.4907339481072695,
                    "y": -0.5021382390269603,
                    "z": 0.5050365703486193,
                    "w": 0.5019715566568083
                }
            }
        }
    ]
}