{
    "transforms": [
        {
            "header": {
                "seq": 0,
                "stamp": {
                    "secs": 1687318026,
                    "nsecs": 945184906
                },
                "frame_id": "ra_base"
            },
            "child_frame_id": "ra_tool0_controller",
            "transform": {
                "translation": {
                    "x": -0.6728571930856249,
                    "y": -0.7293827783918185,
                    "z": 0.6299324925709275
                },
                "rotation": {
                    "x": -0.49074557414070147,
                    "y": -0.5021523651913233,
                    "z": 0.5050030502811617,
                    "w": 0.5019797832590427
                }
            }
        }
    ]
}