{
    "transforms": [
        {
            "header": {
                "seq": 0,
                "stamp": {
                    "secs": 1687318012,
                    "nsecs": 705184906
                },
                "frame_id": "ra_base"
            },
            "child_frame_id": "ra_tool0_controller",
            "transform": {
                "translation": {
                    "x": -0.6727968032240631,
                    "y": -0.7293714204023474,
                    "z": 0.6299945699181536
                },
                "rotation": {
                    "x": -0.4907548924917433,
                    "y": -0.5021327334452674,
                    "z": 0.5050020079222607,
                    "w": 0.5019913599781239
                }
            }
        }
    ]
}