{
    "transforms": [
        {
            "header": {
                "seq": 0,
                "stamp": {
                    "secs": 1687318009,
                    "nsecs": 927184906
                },
                "frame_id": "ra_base"
            },
            "child_frame_id": "ra_tool0_controller",
            "transform": {
                "translation": {
                    "x": -0.765410205192087,
                    "y": -0.3835556719318211,
                    "z": 0.6615188921737151
                },
                "rotation": {
                    "x": -0.49441669025986995,
                    "y": -0.5048396509318246,
                    "z": 0.4996146900672713,
                    "w": 0.5010730732223533
                }
            }
        }
    ]
}