{
    "transforms": [
        {
            "header": {
                "seq": 0,
                "stamp": {
                    "secs": 1687318012,
                    "nsecs": 791184906
                },
                "frame_id": "ra_base"
            },
            "child_frame_id": "ra_tool0_controller",
            "transform": {
                "translation": {
                    "x": -0.6728139038053608,
                    "y": -0.7293650153096154,
                    "z": 0.6300008364441976
                },
                "rotation": {
                    "x": -0.4907562040714409,
                    "y": -0.5021288234885903,
                    "z": 0.5050104524318719,
                    "w": 0.5019854935373238
                }
            }
        }
    ]
}