{
    "transforms": [
        {
            "header": {
                "seq": 0,
                "stamp": {
                    "secs": 1687318011,
                    "nsecs": 872128111
                },
                "frame_id": "polhemus_base_0"
            },
            "child_frame_id": "polhemus_station_0",
            "transform": {
                "translation": {
                    "x": 0.04629843682050705,
                    "y": -0.07110545039176941,
                    "z": 0.14098553359508514
                },
                "rotation": {
                    "x": -0.24063001573085785,
                    "y": -0.582337498664856,
                    "z": -0.14927071332931519,
                    "w": 0.7620357275009155
                }
            }
        },
        {
            "header": {
                "seq": 0,
                "stamp": {
                    "secs": 1687318011,
                    "nsecs": 872128111
                },
                "frame_id": "polhemus_base_0"
            },
            "child_frame_id": "polhemus_station_1",
            "transform": {
                "translation": {
                    "x": 0.13559773564338684,
                    "y": -0.02418513037264347,
                    "z": 0.050750091671943665
                },
                "rotation": {
                    "x": 0.08802425116300583,
                    "y": -0.28585100173950195,
                    "z": 0.10213517397642136,
                    "w": 0.9487408995628357
                }
            }
        },
        {
            "header": {
                "seq": 0,
                "stamp": {
                    "secs": 1687318011,
                    "nsecs": 872128111
                },
                "frame_id": "polhemus_base_0"
            },
            "child_frame_id": "polhemus_station_2",
            "transform": {
                "translation": {
                    "x": 0.144096240401268,
                    "y": -0.013475166633725166,
                    "z": 0.061414461582899094
                },
                "rotation": {
                    "x": 0.030804112553596497,
                    "y": -0.4129413664340973,
                    "z": -0.1404353231191635,
                    "w": 0.8993377685546875
                }
            }
        },
        {
            "header": {
                "seq": 0,
                "stamp": {
                    "secs": 1687318011,
                    "nsecs": 872128111
                },
                "frame_id": "polhemus_base_0"
            },
            "child_frame_id": "polhemus_station_3",
            "transform": {
                "translation": {
                    "x": 0.12308397144079208,
                    "y": 0.044486165046691895,
                    "z": 0.04081399738788605
                },
                "rotation": {
                    "x": -0.22051215171813965,
                    "y": -0.3476049602031708,
                    "z": -0.09545006603002548,
                    "w": 0.9063301086425781
                }
            }
        },
        {
            "header": {
                "seq": 0,
                "stamp": {
                    "secs": 1687318011,
                    "nsecs": 872128111
                },
                "frame_id": "polhemus_base_0"
            },
            "child_frame_id": "polhemus_station_4",
            "transform": {
                "translation": {
                    "x": 0.13780221343040466,
                    "y": 0.06161143630743027,
                    "z": 0.0459321103990078
                },
                "rotation": {
                    "x": 0.4139966070652008,
                    "y": 0.24559497833251953,
                    "z": 0.2187577337026596,
                    "w": -0.8487843871116638
                }
            }
        },
        {
            "header": {
                "seq": 0,
                "stamp": {
                    "secs": 1687318011,
                    "nsecs": 872128111
                },
                "frame_id": "polhemus_base_0"
            },
            "child_frame_id": "polhemus_station_5",
            "transform": {
                "translation": {
                    "x": 0.1883484274148941,
                    "y": 0.05251840874552727,
                    "z": 0.009457630105316639
                },
                "rotation": {
                    "x": 0.2797636091709137,
                    "y": -0.3059939742088318,
                    "z": 0.0832107812166214,
                    "w": -0.9061875939369202
                }
            }
        }
    ]
}