{
    "transforms": [
        {
            "header": {
                "seq": 0,
                "stamp": {
                    "secs": 1687318006,
                    "nsecs": 397184906
                },
                "frame_id": "ra_base"
            },
            "child_frame_id": "ra_tool0_controller",
            "transform": {
                "translation": {
                    "x": -0.6760763872398334,
                    "y": -0.09152901915981179,
                    "z": 0.6376437853119017
                },
                "rotation": {
                    "x": -0.5028159482010883,
                    "y": -0.5053106944674114,
                    "z": 0.49624647680770523,
                    "w": 0.49555691756592657
                }
            }
        }
    ]
}