{
    "transforms": [
        {
            "header": {
                "seq": 0,
                "stamp": {
                    "secs": 1687318001,
                    "nsecs": 797144987
                },
                "frame_id": "polhemus_base_0"
            },
            "child_frame_id": "polhemus_station_0",
            "transform": {
                "translation": {
                    "x": 0.04718621447682381,
                    "y": -0.07197073847055435,
                    "z": 0.1404300332069397
                },
                "rotation": {
                    "x": -0.235257089138031,
                    "y": -0.5790989995002747,
                    "z": -0.149588942527771,
                    "w": 0.7661080956459045
                }
            }
        },
        {
            "header": {
                "seq": 0,
                "stamp": {
                    "secs": 1687318001,
                    "nsecs": 797144987
                },
                "frame_id": "polhemus_base_0"
            },
            "child_frame_id": "polhemus_station_1",
            "transform": {
                "translation": {
                    "x": 0.13543163239955902,
                    "y": -0.023908287286758423,
                    "z": 0.050958920270204544
                },
                "rotation": {
                    "x": 0.08620356023311615,
                    "y": -0.28716275095939636,
                    "z": 0.1032923236489296,
                    "w": 0.9483866095542908
                }
            }
        },
        {
            "header": {
                "seq": 0,
                "stamp": {
                    "secs": 1687318001,
                    "nsecs": 797144987
                },
                "frame_id": "polhemus_base_0"
            },
            "child_frame_id": "polhemus_station_2",
            "transform": {
                "translation": {
                    "x": 0.14390094578266144,
                    "y": -0.013131484389305115,
                    "z": 0.061579953879117966
                },
                "rotation": {
                    "x": 0.029927933588624,
                    "y": -0.4144458770751953,
                    "z": -0.13924843072891235,
                    "w": 0.8988597393035889
                }
            }
        },
        {
            "header": {
                "seq": 0,
                "stamp": {
                    "secs": 1687318001,
                    "nsecs": 797144987
                },
                "frame_id": "polhemus_base_0"
            },
            "child_frame_id": "polhemus_station_3",
            "transform": {
                "translation": {
                    "x": 0.12261131405830383,
                    "y": 0.04492763429880142,
                    "z": 0.041938330978155136
                },
                "rotation": {
                    "x": -0.22294512391090393,
                    "y": -0.3526391386985779,
                    "z": -0.09461502730846405,
                    "w": 0.9038743376731873
                }
            }
        },
        {
            "header": {
                "seq": 0,
                "stamp": {
                    "secs": 1687318001,
                    "nsecs": 797144987
                },
                "frame_id": "polhemus_base_0"
            },
            "child_frame_id": "polhemus_station_4",
            "transform": {
                "translation": {
                    "x": 0.1367633193731308,
                    "y": 0.06243555620312691,
                    "z": 0.046941787004470825
                },
                "rotation": {
                    "x": 0.40363994240760803,
                    "y": 0.25062549114227295,
                    "z": 0.21281340718269348,
                    "w": -0.8537986278533936
                }
            }
        },
        {
            "header": {
                "seq": 0,
                "stamp": {
                    "secs": 1687318001,
                    "nsecs": 797144987
                },
                "frame_id": "polhemus_base_0"
            },
            "child_frame_id": "polhemus_station_5",
            "transform": {
                "translation": {
                    "x": 0.18843887746334076,
                    "y": 0.05345529317855835,
                    "z": 0.009750503115355968
                },
                "rotation": {
                    "x": 0.27545273303985596,
                    "y": -0.30517148971557617,
                    "z": 0.07862401008605957,
                    "w": -0.9081928730010986
                }
            }
        }
    ]
}