{
    "transforms": [
        {
            "header": {
                "seq": 0,
                "stamp": {
                    "secs": 1687318003,
                    "nsecs": 525579978
                },
                "frame_id": "ra_base"
            },
            "child_frame_id": "ra_tool0_controller",
            "transform": {
                "translation": {
                    "x": -0.6760749131495789,
                    "y": -0.09154010354368734,
                    "z": 0.6376399200506375
                },
                "rotation": {
                    "x": -0.5028119211655009,
                    "y": -0.5053125910044615,
                    "z": 0.49624649207090477,
                    "w": 0.4955590544158563
                }
            }
        }
    ]
}