{
    "transforms": [
        {
            "header": {
                "seq": 0,
                "stamp": {
                    "secs": 1687318026,
                    "nsecs": 275184906
                },
                "frame_id": "ra_base"
            },
            "child_frame_id": "ra_tool0_controller",
            "transform": {
                "translation": {
                    "x": -0.6728616403863722,
                    "y": -0.7293857752478669,
                    "z": 0.6299297370810893
                },
                "rotation": {
                    "x": -0.4907343034507763,
                    "y": -0.5021614565242813,
                    "z": 0.5050077412774954,
                    "w": 0.5019769877672642
                }
            }
        }
    ]
}