{
    "transforms": [
        {
            "header": {
                "seq": 0,
                "stamp": {
                    "secs": 1687318021,
                    "nsecs": 622123355
                },
                "frame_id": "polhemus_base_0"
            },
            "child_frame_id": "polhemus_station_0",
            "transform": {
                "translation": {
                    "x": 0.045479483902454376,
                    "y": -0.07025525718927383,
                    "z": 0.14146451652050018
                },
                "rotation": {
                    "x": -0.2444242686033249,
                    "y": -0.5857203602790833,
                    "z": -0.14796870946884155,
                    "w": 0.7584811449050903
                }
            }
        },
        {
            "header": {
                "seq": 0,
                "stamp": {
                    "secs": 1687318021,
                    "nsecs": 622123355
                },
                "frame_id": "polhemus_base_0"
            },
            "child_frame_id": "polhemus_station_1",
            "transform": {
                "translation": {
                    "x": 0.13558682799339294,
                    "y": -0.023977123200893402,
                    "z": 0.05081546679139137
                },
                "rotation": {
                    "x": 0.08825373649597168,
                    "y": -0.28569963574409485,
                    "z": 0.10328042507171631,
                    "w": 0.9486410021781921
                }
            }
        },
        {
            "header": {
                "seq": 0,
                "stamp": {
                    "secs": 1687318021,
                    "nsecs": 622123355
                },
                "frame_id": "polhemus_base_0"
            },
            "child_frame_id": "polhemus_station_2",
            "transform": {
                "translation": {
                    "x": 0.14405012130737305,
                    "y": -0.013278048485517502,
                    "z": 0.06146896257996559
                },
                "rotation": {
                    "x": 0.0307183675467968,
                    "y": -0.4128933548927307,
                    "z": -0.13881361484527588,
                    "w": 0.8996145725250244
                }
            }
        },
        {
            "header": {
                "seq": 0,
                "stamp": {
                    "secs": 1687318021,
                    "nsecs": 622123355
                },
                "frame_id": "polhemus_base_0"
            },
            "child_frame_id": "polhemus_station_3",
            "transform": {
                "translation": {
                    "x": 0.12333939224481583,
                    "y": 0.044489786028862,
                    "z": 0.0404231995344162
                },
                "rotation": {
                    "x": -0.22120970487594604,
                    "y": -0.34562456607818604,
                    "z": -0.09663381427526474,
                    "w": 0.9067919254302979
                }
            }
        },
        {
            "header": {
                "seq": 0,
                "stamp": {
                    "secs": 1687318021,
                    "nsecs": 622123355
                },
                "frame_id": "polhemus_base_0"
            },
            "child_frame_id": "polhemus_station_4",
            "transform": {
                "translation": {
                    "x": 0.13817733526229858,
                    "y": 0.06147078052163124,
                    "z": 0.04545491933822632
                },
                "rotation": {
                    "x": 0.4208751320838928,
                    "y": 0.2454710751771927,
                    "z": 0.21992172300815582,
                    "w": -0.8451286554336548
                }
            }
        },
        {
            "header": {
                "seq": 0,
                "stamp": {
                    "secs": 1687318021,
                    "nsecs": 622123355
                },
                "frame_id": "polhemus_base_0"
            },
            "child_frame_id": "polhemus_station_5",
            "transform": {
                "translation": {
                    "x": 0.18830786645412445,
                    "y": 0.052016887813806534,
                    "z": 0.009208175353705883
                },
                "rotation": {
                    "x": 0.2835052013397217,
                    "y": -0.3066542148590088,
                    "z": 0.085828498005867,
                    "w": -0.9045559167861938
                }
            }
        }
    ]
}