{
    "transforms": [
        {
            "header": {
                "seq": 0,
                "stamp": {
                    "secs": 1687317998,
                    "nsecs": 739579978
                },
                "frame_id": "ra_base"
            },
            "child_frame_id": "ra_tool0_controller",
            "transform": {
                "translation": {
                    "x": -0.6760661178285527,
                    "y": -0.0915533451893776,
                    "z": 0.6376162482499106
                },
                "rotation": {
                    "x": -0.5028089886519744,
                    "y": -0.5053328469676917,
                    "z": 0.4962495815052941,
                    "w": 0.4955382806223216
                }
            }
        }
    ]
}