{
    "transforms": [
        {
            "header": {
                "seq": 0,
                "stamp": {
                    "secs": 1687318016,
                    "nsecs": 647161051
                },
                "frame_id": "polhemus_base_0"
            },
            "child_frame_id": "polhemus_station_0",
            "transform": {
                "translation": {
                    "x": 0.045943450182676315,
                    "y": -0.07059218734502792,
                    "z": 0.14128726720809937
                },
                "rotation": {
                    "x": -0.2427157163619995,
                    "y": -0.5839438438415527,
                    "z": -0.14841432869434357,
                    "w": 0.7603102922439575
                }
            }
        },
        {
            "header": {
                "seq": 0,
                "stamp": {
                    "secs": 1687318016,
                    "nsecs": 647161051
                },
                "frame_id": "polhemus_base_0"
            },
            "child_frame_id": "polhemus_station_1",
            "transform": {
                "translation": {
                    "x": 0.13556550443172455,
                    "y": -0.024064552038908005,
                    "z": 0.05081518739461899
                },
                "rotation": {
                    "x": 0.08795619755983353,
                    "y": -0.2860260605812073,
                    "z": 0.10286054015159607,
                    "w": 0.948616087436676
                }
            }
        },
        {
            "header": {
                "seq": 0,
                "stamp": {
                    "secs": 1687318016,
                    "nsecs": 647161051
                },
                "frame_id": "polhemus_base_0"
            },
            "child_frame_id": "polhemus_station_2",
            "transform": {
                "translation": {
                    "x": 0.14406390488147736,
                    "y": -0.013374480418860912,
                    "z": 0.06143468990921974
                },
                "rotation": {
                    "x": 0.030400505289435387,
                    "y": -0.41296958923339844,
                    "z": -0.1397080272436142,
                    "w": 0.8994519114494324
                }
            }
        },
        {
            "header": {
                "seq": 0,
                "stamp": {
                    "secs": 1687318016,
                    "nsecs": 647161051
                },
                "frame_id": "polhemus_base_0"
            },
            "child_frame_id": "polhemus_station_3",
            "transform": {
                "translation": {
                    "x": 0.12323089689016342,
                    "y": 0.04445861279964447,
                    "z": 0.04059769585728645
                },
                "rotation": {
                    "x": -0.2199569195508957,
                    "y": -0.3464033007621765,
                    "z": -0.09616530686616898,
                    "w": 0.9068493843078613
                }
            }
        },
        {
            "header": {
                "seq": 0,
                "stamp": {
                    "secs": 1687318016,
                    "nsecs": 647161051
                },
                "frame_id": "polhemus_base_0"
            },
            "child_frame_id": "polhemus_station_4",
            "transform": {
                "translation": {
                    "x": 0.1380266547203064,
                    "y": 0.06150105595588684,
                    "z": 0.04564083367586136
                },
                "rotation": {
                    "x": 0.41719815135002136,
                    "y": 0.2453700602054596,
                    "z": 0.21926993131637573,
                    "w": -0.847148060798645
                }
            }
        },
        {
            "header": {
                "seq": 0,
                "stamp": {
                    "secs": 1687318016,
                    "nsecs": 647161051
                },
                "frame_id": "polhemus_base_0"
            },
            "child_frame_id": "polhemus_station_5",
            "transform": {
                "translation": {
                    "x": 0.1883542835712433,
                    "y": 0.05220336839556694,
                    "z": 0.009336580522358418
                },
                "rotation": {
                    "x": 0.28139904141426086,
                    "y": -0.3062222898006439,
                    "z": 0.0848781168460846,
                    "w": -0.9054491519927979
                }
            }
        }
    ]
}