{
    "transforms": [
        {
            "header": {
                "seq": 0,
                "stamp": {
                    "secs": 1687318016,
                    "nsecs": 355184906
                },
                "frame_id": "ra_base"
            },
            "child_frame_id": "ra_tool0_controller",
            "transform": {
                "translation": {
                    "x": -0.6728376318756841,
                    "y": -0.7294046554650397,
                    "z": 0.6299615743275675
                },
                "rotation": {
                    "x": -0.4907283571260943,
                    "y": -0.5021598254921021,
                    "z": 0.5050227222807344,
                    "w": 0.5019693607723705
                }
            }
        }
    ]
}