{
    "transforms": [
        {
            "header": {
                "seq": 0,
                "stamp": {
                    "secs": 1687318024,
                    "nsecs": 772137193
                },
                "frame_id": "polhemus_base_0"
            },
            "child_frame_id": "polhemus_station_0",
            "transform": {
                "translation": {
                    "x": 0.04527674615383148,
                    "y": -0.07006915658712387,
                    "z": 0.14158858358860016
                },
                "rotation": {
                    "x": -0.24545902013778687,
                    "y": -0.5864980220794678,
                    "z": -0.14802443981170654,
                    "w": 0.7575346827507019
                }
            }
        },
        {
            "header": {
                "seq": 0,
                "stamp": {
                    "secs": 1687318024,
                    "nsecs": 772137193
                },
                "frame_id": "polhemus_base_0"
            },
            "child_frame_id": "polhemus_station_1",
            "transform": {
                "translation": {
                    "x": 0.13558727502822876,
                    "y": -0.023991385474801064,
                    "z": 0.050845999270677567
                },
                "rotation": {
                    "x": 0.08835279196500778,
                    "y": -0.2857978045940399,
                    "z": 0.10322455316781998,
                    "w": 0.9486083984375
                }
            }
        },
        {
            "header": {
                "seq": 0,
                "stamp": {
                    "secs": 1687318024,
                    "nsecs": 772137193
                },
                "frame_id": "polhemus_base_0"
            },
            "child_frame_id": "polhemus_station_2",
            "transform": {
                "translation": {
                    "x": 0.14406363666057587,
                    "y": -0.013253104873001575,
                    "z": 0.06148504465818405
                },
                "rotation": {
                    "x": 0.030314160510897636,
                    "y": -0.41283586621284485,
                    "z": -0.13848887383937836,
                    "w": 0.8997046947479248
                }
            }
        },
        {
            "header": {
                "seq": 0,
                "stamp": {
                    "secs": 1687318024,
                    "nsecs": 772137193
                },
                "frame_id": "polhemus_base_0"
            },
            "child_frame_id": "polhemus_station_3",
            "transform": {
                "translation": {
                    "x": 0.12340454757213593,
                    "y": 0.04451727867126465,
                    "z": 0.040368691086769104
                },
                "rotation": {
                    "x": -0.22216206789016724,
                    "y": -0.3451237380504608,
                    "z": -0.09697763621807098,
                    "w": 0.9067131876945496
                }
            }
        },
        {
            "header": {
                "seq": 0,
                "stamp": {
                    "secs": 1687318024,
                    "nsecs": 772137193
                },
                "frame_id": "polhemus_base_0"
            },
            "child_frame_id": "polhemus_station_4",
            "transform": {
                "translation": {
                    "x": 0.1382765918970108,
                    "y": 0.061492688953876495,
                    "z": 0.04536767676472664
                },
                "rotation": {
                    "x": 0.42252472043037415,
                    "y": 0.2455175220966339,
                    "z": 0.22028301656246185,
                    "w": -0.8441973924636841
                }
            }
        },
        {
            "header": {
                "seq": 0,
                "stamp": {
                    "secs": 1687318024,
                    "nsecs": 772137193
                },
                "frame_id": "polhemus_base_0"
            },
            "child_frame_id": "polhemus_station_5",
            "transform": {
                "translation": {
                    "x": 0.18831628561019897,
                    "y": 0.05191734433174133,
                    "z": 0.009256636723876
                },
                "rotation": {
                    "x": 0.2835683524608612,
                    "y": -0.3058428168296814,
                    "z": 0.08690324425697327,
                    "w": -0.9047081470489502
                }
            }
        }
    ]
}