{
    "transforms": [
        {
            "header": {
                "seq": 0,
                "stamp": {
                    "secs": 1687318017,
                    "nsecs": 727184906
                },
                "frame_id": "ra_base"
            },
            "child_frame_id": "ra_tool0_controller",
            "transform": {
                "translation": {
                    "x": -0.6728287240483759,
                    "y": -0.7293907391759895,
                    "z": 0.6299635625055109
                },
                "rotation": {
                    "x": -0.4907451511768207,
                    "y": -0.5021610180253518,
                    "z": 0.5050140578158693,
                    "w": 0.5019604665514321
                }
            }
        }
    ]
}