{
    "transforms": [
        {
            "header": {
                "seq": 0,
                "stamp": {
                    "secs": 1687318011,
                    "nsecs": 659184906
                },
                "frame_id": "ra_base"
            },
            "child_frame_id": "ra_tool0_controller",
            "transform": {
                "translation": {
                    "x": -0.6997885145073706,
                    "y": -0.6782306539798634,
                    "z": 0.637843286069562
                },
                "rotation": {
                    "x": -0.4909674239436315,
                    "y": -0.5025885125824564,
                    "z": 0.5042049819863441,
                    "w": 0.5021285809296848
                }
            }
        }
    ]
}