{
    "transforms": [
        {
            "header": {
                "seq": 0,
                "stamp": {
                    "secs": 1687318003,
                    "nsecs": 838766440
                },
                "frame_id": "polhemus_base_0"
            },
            "child_frame_id": "polhemus_station_0",
            "transform": {
                "translation": {
                    "x": 0.04678085818886757,
                    "y": -0.07160907983779907,
                    "z": 0.14066272974014282
                },
                "rotation": {
                    "x": -0.23760198056697845,
                    "y": -0.5806007981300354,
                    "z": -0.14936856925487518,
                    "w": 0.764288604259491
                }
            }
        },
        {
            "header": {
                "seq": 0,
                "stamp": {
                    "secs": 1687318003,
                    "nsecs": 838766440
                },
                "frame_id": "polhemus_base_0"
            },
            "child_frame_id": "polhemus_station_1",
            "transform": {
                "translation": {
                    "x": 0.13555499911308289,
                    "y": -0.02414556033909321,
                    "z": 0.05078762397170067
                },
                "rotation": {
                    "x": 0.0875992625951767,
                    "y": -0.28623145818710327,
                    "z": 0.1023041158914566,
                    "w": 0.9486473202705383
                }
            }
        },
        {
            "header": {
                "seq": 0,
                "stamp": {
                    "secs": 1687318003,
                    "nsecs": 838766440
                },
                "frame_id": "polhemus_base_0"
            },
            "child_frame_id": "polhemus_station_2",
            "transform": {
                "translation": {
                    "x": 0.14405280351638794,
                    "y": -0.013465608470141888,
                    "z": 0.06144334003329277
                },
                "rotation": {
                    "x": 0.03141753003001213,
                    "y": -0.4132789373397827,
                    "z": -0.1407504677772522,
                    "w": 0.899112343788147
                }
            }
        },
        {
            "header": {
                "seq": 0,
                "stamp": {
                    "secs": 1687318003,
                    "nsecs": 838766440
                },
                "frame_id": "polhemus_base_0"
            },
            "child_frame_id": "polhemus_station_3",
            "transform": {
                "translation": {
                    "x": 0.1228744387626648,
                    "y": 0.04452740028500557,
                    "z": 0.04123320057988167
                },
                "rotation": {
                    "x": -0.2219582498073578,
                    "y": -0.35002201795578003,
                    "z": -0.09556116163730621,
                    "w": 0.9050342440605164
                }
            }
        },
        {
            "header": {
                "seq": 0,
                "stamp": {
                    "secs": 1687318003,
                    "nsecs": 838766440
                },
                "frame_id": "polhemus_base_0"
            },
            "child_frame_id": "polhemus_station_4",
            "transform": {
                "translation": {
                    "x": 0.13747172057628632,
                    "y": 0.06182292848825455,
                    "z": 0.046315066516399384
                },
                "rotation": {
                    "x": 0.40928682684898376,
                    "y": 0.24641871452331543,
                    "z": 0.21691805124282837,
                    "w": -0.8512982130050659
                }
            }
        },
        {
            "header": {
                "seq": 0,
                "stamp": {
                    "secs": 1687318003,
                    "nsecs": 838766440
                },
                "frame_id": "polhemus_base_0"
            },
            "child_frame_id": "polhemus_station_5",
            "transform": {
                "translation": {
                    "x": 0.1883619874715805,
                    "y": 0.052946966141462326,
                    "z": 0.009558770805597305
                },
                "rotation": {
                    "x": 0.2777431607246399,
                    "y": -0.3061177432537079,
                    "z": 0.08076617121696472,
                    "w": -0.9069882035255432
                }
            }
        }
    ]
}