{
    "transforms": [
        {
            "header": {
                "seq": 0,
                "stamp": {
                    "secs": 1687318019,
                    "nsecs": 253184906
                },
                "frame_id": "ra_base"
            },
            "child_frame_id": "ra_tool0_controller",
            "transform": {
                "translation": {
                    "x": -0.6728482930979818,
                    "y": -0.7293924579072469,
                    "z": 0.6299606168089004
                },
                "rotation": {
                    "x": -0.490749784044795,
                    "y": -0.5021240289826104,
                    "z": 0.5050450347849617,
                    "w": 0.5019617732629794
                }
            }
        }
    ]
}