{
    "transforms": [
        {
            "header": {
                "seq": 0,
                "stamp": {
                    "secs": 1687318017,
                    "nsecs": 811184906
                },
                "frame_id": "ra_base"
            },
            "child_frame_id": "ra_tool0_controller",
            "transform": {
                "translation": {
                    "x": -0.6728381216705084,
                    "y": -0.7293856437445977,
                    "z": 0.6299940984916209
                },
                "rotation": {
                    "x": -0.49073217847230777,
                    "y": -0.5021400523657443,
                    "z": 0.5050381876848835,
                    "w": 0.5019698455105834
                }
            }
        }
    ]
}