{
    "transforms": [
        {
            "header": {
                "seq": 0,
                "stamp": {
                    "secs": 1687318007,
                    "nsecs": 438764292
                },
                "frame_id": "polhemus_base_0"
            },
            "child_frame_id": "polhemus_station_0",
            "transform": {
                "translation": {
                    "x": 0.04663792997598648,
                    "y": -0.07147341966629028,
                    "z": 0.14075836539268494
                },
                "rotation": {
                    "x": -0.23835614323616028,
                    "y": -0.5812093019485474,
                    "z": -0.14926406741142273,
                    "w": 0.763611376285553
                }
            }
        },
        {
            "header": {
                "seq": 0,
                "stamp": {
                    "secs": 1687318007,
                    "nsecs": 438764292
                },
                "frame_id": "polhemus_base_0"
            },
            "child_frame_id": "polhemus_station_1",
            "transform": {
                "translation": {
                    "x": 0.13557635247707367,
                    "y": -0.024137213826179504,
                    "z": 0.050755735486745834
                },
                "rotation": {
                    "x": 0.08765944093465805,
                    "y": -0.28598061203956604,
                    "z": 0.10230803489685059,
                    "w": 0.948716938495636
                }
            }
        },
        {
            "header": {
                "seq": 0,
                "stamp": {
                    "secs": 1687318007,
                    "nsecs": 438764292
                },
                "frame_id": "polhemus_base_0"
            },
            "child_frame_id": "polhemus_station_2",
            "transform": {
                "translation": {
                    "x": 0.14407488703727722,
                    "y": -0.013439197093248367,
                    "z": 0.06141168251633644
                },
                "rotation": {
                    "x": 0.03145600110292435,
                    "y": -0.4130724370479584,
                    "z": -0.1406051367521286,
                    "w": 0.8992285132408142
                }
            }
        },
        {
            "header": {
                "seq": 0,
                "stamp": {
                    "secs": 1687318007,
                    "nsecs": 438764292
                },
                "frame_id": "polhemus_base_0"
            },
            "child_frame_id": "polhemus_station_3",
            "transform": {
                "translation": {
                    "x": 0.1229439452290535,
                    "y": 0.044471241533756256,
                    "z": 0.041095614433288574
                },
                "rotation": {
                    "x": -0.22230693697929382,
                    "y": -0.3493960499763489,
                    "z": -0.09601990133523941,
                    "w": 0.9051420092582703
                }
            }
        },
        {
            "header": {
                "seq": 0,
                "stamp": {
                    "secs": 1687318007,
                    "nsecs": 438764292
                },
                "frame_id": "polhemus_base_0"
            },
            "child_frame_id": "polhemus_station_4",
            "transform": {
                "translation": {
                    "x": 0.13755013048648834,
                    "y": 0.06175045669078827,
                    "z": 0.046215593814849854
                },
                "rotation": {
                    "x": 0.4107300639152527,
                    "y": 0.24632887542247772,
                    "z": 0.21785973012447357,
                    "w": -0.8503881692886353
                }
            }
        },
        {
            "header": {
                "seq": 0,
                "stamp": {
                    "secs": 1687318007,
                    "nsecs": 438764292
                },
                "frame_id": "polhemus_base_0"
            },
            "child_frame_id": "polhemus_station_5",
            "transform": {
                "translation": {
                    "x": 0.18834330141544342,
                    "y": 0.05279666185379028,
                    "z": 0.0095076784491539
                },
                "rotation": {
                    "x": 0.27854567766189575,
                    "y": -0.3061702251434326,
                    "z": 0.08160066604614258,
                    "w": -0.9066495299339294
                }
            }
        }
    ]
}