{
    "transforms": [
        {
            "header": {
                "seq": 0,
                "stamp": {
                    "secs": 1687318012,
                    "nsecs": 907184906
                },
                "frame_id": "ra_base"
            },
            "child_frame_id": "ra_tool0_controller",
            "transform": {
                "translation": {
                    "x": -0.6728249144117171,
                    "y": -0.7294030975718098,
                    "z": 0.6299525047466336
                },
                "rotation": {
                    "x": -0.49074126162219633,
                    "y": -0.5021610065493611,
                    "z": 0.5050019695827578,
                    "w": 0.5019764420371965
                }
            }
        }
    ]
}