{
    "transforms": [
        {
            "header": {
                "seq": 0,
                "stamp": {
                    "secs": 1687318012,
                    "nsecs": 19184906
                },
                "frame_id": "ra_base"
            },
            "child_frame_id": "ra_tool0_controller",
            "transform": {
                "translation": {
                    "x": -0.6813007961397406,
                    "y": -0.7143883298427037,
                    "z": 0.6323866460009435
                },
                "rotation": {
                    "x": -0.49080329564897246,
                    "y": -0.5022714993773246,
                    "z": 0.5047793316814887,
                    "w": 0.5020291746507877
                }
            }
        }
    ]
}