{
    "transforms": [
        {
            "header": {
                "seq": 0,
                "stamp": {
                    "secs": 1687318006,
                    "nsecs": 763184906
                },
                "frame_id": "ra_base"
            },
            "child_frame_id": "ra_tool0_controller",
            "transform": {
                "translation": {
                    "x": -0.6760739361385979,
                    "y": -0.09154464855820808,
                    "z": 0.6376354357220944
                },
                "rotation": {
                    "x": -0.5028113484679743,
                    "y": -0.5053149234646978,
                    "z": 0.49625522724710913,
                    "w": 0.49554850963917163
                }
            }
        }
    ]
}