{
    "transforms": [
        {
            "header": {
                "seq": 0,
                "stamp": {
                    "secs": 1687318012,
                    "nsecs": 381184906
                },
                "frame_id": "ra_base"
            },
            "child_frame_id": "ra_tool0_controller",
            "transform": {
                "translation": {
                    "x": -0.6729310979357169,
                    "y": -0.7292358047440484,
                    "z": 0.6299735433535447
                },
                "rotation": {
                    "x": -0.490729019064468,
                    "y": -0.5021521736493046,
                    "z": 0.5050405104877137,
                    "w": 0.5019584715029852
                }
            }
        }
    ]
}