{
    "transforms": [
        {
            "header": {
                "seq": 0,
                "stamp": {
                    "secs": 1687318022,
                    "nsecs": 435184906
                },
                "frame_id": "ra_base"
            },
            "child_frame_id": "ra_tool0_controller",
            "transform": {
                "translation": {
                    "x": -0.6728454745768498,
                    "y": -0.7293870708561644,
                    "z": 0.6299310962855683
                },
                "rotation": {
                    "x": -0.4907368526404877,
                    "y": -0.5021661475253265,
                    "z": 0.5050092184757646,
                    "w": 0.5019683167238524
                }
            }
        }
    ]
}