{
    "transforms": [
        {
            "header": {
                "seq": 0,
                "stamp": {
                    "secs": 1687318022,
                    "nsecs": 901184906
                },
                "frame_id": "ra_base"
            },
            "child_frame_id": "ra_tool0_controller",
            "transform": {
                "translation": {
                    "x": -0.6728474804780796,
                    "y": -0.7293916937980128,
                    "z": 0.6299155593664145
                },
                "rotation": {
                    "x": -0.4907390929717016,
                    "y": -0.5021671684902633,
                    "z": 0.5050019718488724,
                    "w": 0.5019723956041143
                }
            }
        }
    ]
}