{
    "transforms": [
        {
            "header": {
                "seq": 0,
                "stamp": {
                    "secs": 1687318005,
                    "nsecs": 221184906
                },
                "frame_id": "ra_base"
            },
            "child_frame_id": "ra_tool0_controller",
            "transform": {
                "translation": {
                    "x": -0.6760713628618786,
                    "y": -0.09154381978262685,
                    "z": 0.6376270894343725
                },
                "rotation": {
                    "x": -0.5028070484609292,
                    "y": -0.5053381546214568,
                    "z": 0.4962347381461119,
                    "w": 0.49554970099763884
                }
            }
        }
    ]
}