{
    "transforms": [
        {
            "header": {
                "seq": 0,
                "stamp": {
                    "secs": 1687318017,
                    "nsecs": 379184906
                },
                "frame_id": "ra_base"
            },
            "child_frame_id": "ra_tool0_controller",
            "transform": {
                "translation": {
                    "x": -0.6728335375380713,
                    "y": -0.7293969316216097,
                    "z": 0.62994912821932
                },
                "rotation": {
                    "x": -0.490742807400368,
                    "y": -0.5021433992584727,
                    "z": 0.505022050916639,
                    "w": 0.5019723415228206
                }
            }
        }
    ]
}