{
    "transforms": [
        {
            "header": {
                "seq": 0,
                "stamp": {
                    "secs": 1687318005,
                    "nsecs": 13824353
                },
                "frame_id": "polhemus_base_0"
            },
            "child_frame_id": "polhemus_station_0",
            "transform": {
                "translation": {
                    "x": 0.04668105021119118,
                    "y": -0.07154518365859985,
                    "z": 0.14070482552051544
                },
                "rotation": {
                    "x": -0.23791617155075073,
                    "y": -0.5810912847518921,
                    "z": -0.1491858959197998,
                    "w": 0.7638535499572754
                }
            }
        },
        {
            "header": {
                "seq": 0,
                "stamp": {
                    "secs": 1687318005,
                    "nsecs": 13824353
                },
                "frame_id": "polhemus_base_0"
            },
            "child_frame_id": "polhemus_station_1",
            "transform": {
                "translation": {
                    "x": 0.13555648922920227,
                    "y": -0.024146363139152527,
                    "z": 0.05077211931347847
                },
                "rotation": {
                    "x": 0.08769430965185165,
                    "y": -0.2862052917480469,
                    "z": 0.10223843902349472,
                    "w": 0.948653519153595
                }
            }
        },
        {
            "header": {
                "seq": 0,
                "stamp": {
                    "secs": 1687318005,
                    "nsecs": 13824353
                },
                "frame_id": "polhemus_base_0"
            },
            "child_frame_id": "polhemus_station_2",
            "transform": {
                "translation": {
                    "x": 0.14406156539916992,
                    "y": -0.013434168882668018,
                    "z": 0.06141871586441994
                },
                "rotation": {
                    "x": 0.03154608607292175,
                    "y": -0.4131430387496948,
                    "z": -0.14055533707141876,
                    "w": 0.8992006182670593
                }
            }
        },
        {
            "header": {
                "seq": 0,
                "stamp": {
                    "secs": 1687318005,
                    "nsecs": 13824353
                },
                "frame_id": "polhemus_base_0"
            },
            "child_frame_id": "polhemus_station_3",
            "transform": {
                "translation": {
                    "x": 0.12291963398456573,
                    "y": 0.04449021816253662,
                    "z": 0.04115183278918266
                },
                "rotation": {
                    "x": -0.22216886281967163,
                    "y": -0.3495942950248718,
                    "z": -0.0957830622792244,
                    "w": 0.9051244258880615
                }
            }
        },
        {
            "header": {
                "seq": 0,
                "stamp": {
                    "secs": 1687318005,
                    "nsecs": 13824353
                },
                "frame_id": "polhemus_base_0"
            },
            "child_frame_id": "polhemus_station_4",
            "transform": {
                "translation": {
                    "x": 0.13750959932804108,
                    "y": 0.06178620457649231,
                    "z": 0.0462629534304142
                },
                "rotation": {
                    "x": 0.4099906384944916,
                    "y": 0.24627280235290527,
                    "z": 0.21742194890975952,
                    "w": -0.8508730530738831
                }
            }
        },
        {
            "header": {
                "seq": 0,
                "stamp": {
                    "secs": 1687318005,
                    "nsecs": 13824353
                },
                "frame_id": "polhemus_base_0"
            },
            "child_frame_id": "polhemus_station_5",
            "transform": {
                "translation": {
                    "x": 0.18836326897144318,
                    "y": 0.05285627022385597,
                    "z": 0.009536940604448318
                },
                "rotation": {
                    "x": 0.2782440781593323,
                    "y": -0.3061405420303345,
                    "z": 0.08131864666938782,
                    "w": -0.9067776203155518
                }
            }
        }
    ]
}