{
    "transforms": [
        {
            "header": {
                "seq": 0,
                "stamp": {
                    "secs": 1687318015,
                    "nsecs": 961184906
                },
                "frame_id": "ra_base"
            },
            "child_frame_id": "ra_tool0_controller",
            "transform": {
                "translation": {
                    "x": -0.6728576131878058,
                    "y": -0.7293759990245752,
                    "z": 0.6299794753261844
                },
                "rotation": {
                    "x": -0.49074201175628673,
                    "y": -0.5021336433942512,
                    "z": 0.5050257882994587,
                    "w": 0.5019791183122242
                }
            }
        }
    ]
}