{
    "transforms": [
        {
            "header": {
                "seq": 0,
                "stamp": {
                    "secs": 1687318020,
                    "nsecs": 563865501
                },
                "frame_id": "polhemus_base_0"
            },
            "child_frame_id": "polhemus_station_0",
            "transform": {
                "translation": {
                    "x": 0.04550037905573845,
                    "y": -0.07030550390481949,
                    "z": 0.14143267273902893
                },
                "rotation": {
                    "x": -0.24415986239910126,
                    "y": -0.5857194066047668,
                    "z": -0.1480576992034912,
                    "w": 0.758549690246582
                }
            }
        },
        {
            "header": {
                "seq": 0,
                "stamp": {
                    "secs": 1687318020,
                    "nsecs": 563865501
                },
                "frame_id": "polhemus_base_0"
            },
            "child_frame_id": "polhemus_station_1",
            "transform": {
                "translation": {
                    "x": 0.1355716735124588,
                    "y": -0.024049852043390274,
                    "z": 0.05082319304347038
                },
                "rotation": {
                    "x": 0.08816151320934296,
                    "y": -0.2858862280845642,
                    "z": 0.10277719050645828,
                    "w": 0.94864821434021
                }
            }
        },
        {
            "header": {
                "seq": 0,
                "stamp": {
                    "secs": 1687318020,
                    "nsecs": 563865501
                },
                "frame_id": "polhemus_base_0"
            },
            "child_frame_id": "polhemus_station_2",
            "transform": {
                "translation": {
                    "x": 0.1440475732088089,
                    "y": -0.01332012377679348,
                    "z": 0.06147392839193344
                },
                "rotation": {
                    "x": 0.030435938388109207,
                    "y": -0.4130517840385437,
                    "z": -0.13903577625751495,
                    "w": 0.8995171785354614
                }
            }
        },
        {
            "header": {
                "seq": 0,
                "stamp": {
                    "secs": 1687318020,
                    "nsecs": 563865501
                },
                "frame_id": "polhemus_base_0"
            },
            "child_frame_id": "polhemus_station_3",
            "transform": {
                "translation": {
                    "x": 0.12331180274486542,
                    "y": 0.04447351023554802,
                    "z": 0.04046965390443802
                },
                "rotation": {
                    "x": -0.22068870067596436,
                    "y": -0.3458351492881775,
                    "z": -0.09639222174882889,
                    "w": 0.9068642258644104
                }
            }
        },
        {
            "header": {
                "seq": 0,
                "stamp": {
                    "secs": 1687318020,
                    "nsecs": 563865501
                },
                "frame_id": "polhemus_base_0"
            },
            "child_frame_id": "polhemus_station_4",
            "transform": {
                "translation": {
                    "x": 0.1381368488073349,
                    "y": 0.061495475471019745,
                    "z": 0.045478977262973785
                },
                "rotation": {
                    "x": 0.419999897480011,
                    "y": 0.24569040536880493,
                    "z": 0.21916069090366364,
                    "w": -0.8456979393959045
                }
            }
        },
        {
            "header": {
                "seq": 0,
                "stamp": {
                    "secs": 1687318020,
                    "nsecs": 563865501
                },
                "frame_id": "polhemus_base_0"
            },
            "child_frame_id": "polhemus_station_5",
            "transform": {
                "translation": {
                    "x": 0.1883505880832672,
                    "y": 0.05200859531760216,
                    "z": 0.009321185760200024
                },
                "rotation": {
                    "x": 0.28295624256134033,
                    "y": -0.3059542775154114,
                    "z": 0.08630074560642242,
                    "w": -0.9049198627471924
                }
            }
        }
    ]
}