{
    "transforms": [
        {
            "header": {
                "seq": 0,
                "stamp": {
                    "secs": 1687318018,
                    "nsecs": 649184906
                },
                "frame_id": "ra_base"
            },
            "child_frame_id": "ra_tool0_controller",
            "transform": {
                "translation": {
                    "x": -0.6728378349885216,
                    "y": -0.7293897261719066,
                    "z": 0.6299423246169704
                },
                "rotation": {
                    "x": -0.4907462899221791,
                    "y": -0.5021533765487789,
                    "z": 0.5050257349374192,
                    "w": 0.5019552493989842
                }
            }
        }
    ]
}