{
    "transforms": [
        {
            "header": {
                "seq": 0,
                "stamp": {
                    "secs": 1687318006,
                    "nsecs": 230451576
                },
                "frame_id": "polhemus_base_0"
            },
            "child_frame_id": "polhemus_station_0",
            "transform": {
                "translation": {
                    "x": 0.04661431908607483,
                    "y": -0.07150361686944962,
                    "z": 0.14075018465518951
                },
                "rotation": {
                    "x": -0.23821525275707245,
                    "y": -0.5813503861427307,
                    "z": -0.14930357038974762,
                    "w": 0.7635402083396912
                }
            }
        },
        {
            "header": {
                "seq": 0,
                "stamp": {
                    "secs": 1687318006,
                    "nsecs": 230451576
                },
                "frame_id": "polhemus_base_0"
            },
            "child_frame_id": "polhemus_station_1",
            "transform": {
                "translation": {
                    "x": 0.13557246327400208,
                    "y": -0.024122290313243866,
                    "z": 0.05076155811548233
                },
                "rotation": {
                    "x": 0.08766680210828781,
                    "y": -0.2859910726547241,
                    "z": 0.10239500552415848,
                    "w": 0.9487036466598511
                }
            }
        },
        {
            "header": {
                "seq": 0,
                "stamp": {
                    "secs": 1687318006,
                    "nsecs": 230451576
                },
                "frame_id": "polhemus_base_0"
            },
            "child_frame_id": "polhemus_station_2",
            "transform": {
                "translation": {
                    "x": 0.14406080543994904,
                    "y": -0.013443447649478912,
                    "z": 0.061429716646671295
                },
                "rotation": {
                    "x": 0.03162478283047676,
                    "y": -0.4131818413734436,
                    "z": -0.14060232043266296,
                    "w": 0.8991727828979492
                }
            }
        },
        {
            "header": {
                "seq": 0,
                "stamp": {
                    "secs": 1687318006,
                    "nsecs": 230451576
                },
                "frame_id": "polhemus_base_0"
            },
            "child_frame_id": "polhemus_station_3",
            "transform": {
                "translation": {
                    "x": 0.1229231208562851,
                    "y": 0.04448829963803291,
                    "z": 0.041140079498291016
                },
                "rotation": {
                    "x": -0.22227239608764648,
                    "y": -0.34960973262786865,
                    "z": -0.09589749574661255,
                    "w": 0.9050807952880859
                }
            }
        },
        {
            "header": {
                "seq": 0,
                "stamp": {
                    "secs": 1687318006,
                    "nsecs": 230451576
                },
                "frame_id": "polhemus_base_0"
            },
            "child_frame_id": "polhemus_station_4",
            "transform": {
                "translation": {
                    "x": 0.13754114508628845,
                    "y": 0.06174442544579506,
                    "z": 0.04622792825102806
                },
                "rotation": {
                    "x": 0.4103334844112396,
                    "y": 0.24608594179153442,
                    "z": 0.2177893966436386,
                    "w": -0.8506678938865662
                }
            }
        },
        {
            "header": {
                "seq": 0,
                "stamp": {
                    "secs": 1687318006,
                    "nsecs": 230451576
                },
                "frame_id": "polhemus_base_0"
            },
            "child_frame_id": "polhemus_station_5",
            "transform": {
                "translation": {
                    "x": 0.1883578896522522,
                    "y": 0.0527690090239048,
                    "z": 0.009583602659404278
                },
                "rotation": {
                    "x": 0.2776147127151489,
                    "y": -0.3060353994369507,
                    "z": 0.08174698054790497,
                    "w": -0.906967282295227
                }
            }
        }
    ]
}