{
    "transforms": [
        {
            "header": {
                "seq": 0,
                "stamp": {
                    "secs": 1687318023,
                    "nsecs": 919184906
                },
                "frame_id": "ra_base"
            },
            "child_frame_id": "ra_tool0_controller",
            "transform": {
                "translation": {
                    "x": -0.672821919365472,
                    "y": -0.7293931142271267,
                    "z": 0.6299556164157482
                },
                "rotation": {
                    "x": -0.49072806646799305,
                    "y": -0.5021738146993047,
                    "z": 0.5050186219812705,
                    "w": 0.5019597753436746
                }
            }
        }
    ]
}