{
    "transforms": [
        {
            "header": {
                "seq": 0,
                "stamp": {
                    "secs": 1687318003,
                    "nsecs": 55579978
                },
                "frame_id": "ra_base"
            },
            "child_frame_id": "ra_tool0_controller",
            "transform": {
                "translation": {
                    "x": -0.6760797229781013,
                    "y": -0.09152279654409613,
                    "z": 0.6376459280879546
                },
                "rotation": {
                    "x": -0.5028046482660924,
                    "y": -0.5053126226300482,
                    "z": 0.49624698410856666,
                    "w": 0.4955659086901618
                }
            }
        }
    ]
}