{
    "transforms": [
        {
            "header": {
                "seq": 0,
                "stamp": {
                    "secs": 1687318025,
                    "nsecs": 919184906
                },
                "frame_id": "ra_base"
            },
            "child_frame_id": "ra_tool0_controller",
            "transform": {
                "translation": {
                    "x": -0.6728343311124817,
                    "y": -0.7293803893697872,
                    "z": 0.6299707591947247
                },
                "rotation": {
                    "x": -0.49074950013505564,
                    "y": -0.5021498381396532,
                    "z": 0.5050210969280046,
                    "w": 0.5019603169884529
                }
            }
        }
    ]
}