{
    "transforms": [
        {
            "header": {
                "seq": 0,
                "stamp": {
                    "secs": 1687318005,
                    "nsecs": 313184906
                },
                "frame_id": "ra_base"
            },
            "child_frame_id": "ra_tool0_controller",
            "transform": {
                "translation": {
                    "x": -0.6760767105854169,
                    "y": -0.09154382725754369,
                    "z": 0.6376478074622726
                },
                "rotation": {
                    "x": -0.5028040510156664,
                    "y": -0.5053133218275392,
                    "z": 0.49625514578684954,
                    "w": 0.49555762868300784
                }
            }
        }
    ]
}