{
    "transforms": [
        {
            "header": {
                "seq": 0,
                "stamp": {
                    "secs": 1687317998,
                    "nsecs": 429579978
                },
                "frame_id": "ra_base"
            },
            "child_frame_id": "ra_tool0_controller",
            "transform": {
                "translation": {
                    "x": -0.676072751188173,
                    "y": -0.09156502567986201,
                    "z": 0.6376348972739101
                },
                "rotation": {
                    "x": -0.502790799955654,
                    "y": -0.5053294350217942,
                    "z": 0.49626277603180285,
                    "w": 0.4955470015101661
                }
            }
        }
    ]
}