{
    "transforms": [
        {
            "header": {
                "seq": 0,
                "stamp": {
                    "secs": 1687318008,
                    "nsecs": 607184906
                },
                "frame_id": "ra_base"
            },
            "child_frame_id": "ra_tool0_controller",
            "transform": {
                "translation": {
                    "x": -0.7249554648254953,
                    "y": -0.18239840072202435,
                    "z": 0.6531488234508477
                },
                "rotation": {
                    "x": -0.4993981241059537,
                    "y": -0.5056289691516714,
                    "z": 0.49697191529123536,
                    "w": 0.4979555950140874
                }
            }
        }
    ]
}