{
    "transforms": [
        {
            "header": {
                "seq": 0,
                "stamp": {
                    "secs": 1687318007,
                    "nsecs": 223184906
                },
                "frame_id": "ra_base"
            },
            "child_frame_id": "ra_tool0_controller",
            "transform": {
                "translation": {
                    "x": -0.6760733270154548,
                    "y": -0.0915398934675991,
                    "z": 0.6376363776010325
                },
                "rotation": {
                    "x": -0.5028172128587054,
                    "y": -0.5053132688399545,
                    "z": 0.49624383882492074,
                    "w": 0.49555565097735416
                }
            }
        }
    ]
}