{
    "transforms": [
        {
            "header": {
                "seq": 0,
                "stamp": {
                    "secs": 1687318021,
                    "nsecs": 9184906
                },
                "frame_id": "ra_base"
            },
            "child_frame_id": "ra_tool0_controller",
            "transform": {
                "translation": {
                    "x": -0.6728391090883153,
                    "y": -0.7293904173675697,
                    "z": 0.629943865594682
                },
                "rotation": {
                    "x": -0.4907319264618244,
                    "y": -0.5021670470534513,
                    "z": 0.5050098175724843,
                    "w": 0.5019716300350945
                }
            }
        }
    ]
}