{
    "transforms": [
        {
            "header": {
                "seq": 0,
                "stamp": {
                    "secs": 1687318002,
                    "nsecs": 463579978
                },
                "frame_id": "ra_base"
            },
            "child_frame_id": "ra_tool0_controller",
            "transform": {
                "translation": {
                    "x": -0.6760861625399593,
                    "y": -0.0915322466549974,
                    "z": 0.6376344529154755
                },
                "rotation": {
                    "x": -0.5028193876074074,
                    "y": -0.5053001361040853,
                    "z": 0.4962479608710054,
                    "w": 0.49556270766742916
                }
            }
        }
    ]
}