{
    "transforms": [
        {
            "header": {
                "seq": 0,
                "stamp": {
                    "secs": 1687318013,
                    "nsecs": 3184906
                },
                "frame_id": "ra_base"
            },
            "child_frame_id": "ra_tool0_controller",
            "transform": {
                "translation": {
                    "x": -0.6728277828213501,
                    "y": -0.729410242669249,
                    "z": 0.6299228799492539
                },
                "rotation": {
                    "x": -0.490744508927011,
                    "y": -0.5021712360395606,
                    "z": 0.5050117308210332,
                    "w": 0.5019532133432668
                }
            }
        }
    ]
}