{
    "transforms": [
        {
            "header": {
                "seq": 0,
                "stamp": {
                    "secs": 1687318000,
                    "nsecs": 67579978
                },
                "frame_id": "ra_base"
            },
            "child_frame_id": "ra_tool0_controller",
            "transform": {
                "translation": {
                    "x": -0.6760691947547505,
                    "y": -0.09154272246242977,
                    "z": 0.6376245652903969
                },
                "rotation": {
                    "x": -0.5028320489333701,
                    "y": -0.5053120302120515,
                    "z": 0.4962465721135413,
                    "w": 0.4955391229297679
                }
            }
        }
    ]
}