{
    "transforms": [
        {
            "header": {
                "seq": 0,
                "stamp": {
                    "secs": 1687318022,
                    "nsecs": 141184906
                },
                "frame_id": "ra_base"
            },
            "child_frame_id": "ra_tool0_controller",
            "transform": {
                "translation": {
                    "x": -0.672843485540142,
                    "y": -0.7293881484493283,
                    "z": 0.6299502638092017
                },
                "rotation": {
                    "x": -0.49074117108006043,
                    "y": -0.5021493521655986,
                    "z": 0.5050196369155426,
                    "w": 0.5019704149213717
                }
            }
        }
    ]
}