{
    "transforms": [
        {
            "header": {
                "seq": 0,
                "stamp": {
                    "secs": 1687318025,
                    "nsecs": 51184906
                },
                "frame_id": "ra_base"
            },
            "child_frame_id": "ra_tool0_controller",
            "transform": {
                "translation": {
                    "x": -0.6728417236149015,
                    "y": -0.7293875981071318,
                    "z": 0.6299438622327077
                },
                "rotation": {
                    "x": -0.4907481103400348,
                    "y": -0.5021512456878855,
                    "z": 0.505022390264074,
                    "w": 0.5019589664342605
                }
            }
        }
    ]
}