{
    "transforms": [
        {
            "header": {
                "seq": 0,
                "stamp": {
                    "secs": 1687318001,
                    "nsecs": 929579978
                },
                "frame_id": "ra_base"
            },
            "child_frame_id": "ra_tool0_controller",
            "transform": {
                "translation": {
                    "x": -0.676074293483558,
                    "y": -0.09152966689469615,
                    "z": 0.637635975276276
                },
                "rotation": {
                    "x": -0.5028172026572493,
                    "y": -0.5053150281098583,
                    "z": 0.4962346310875649,
                    "w": 0.49556308779776986
                }
            }
        }
    ]
}