{
    "transforms": [
        {
            "header": {
                "seq": 0,
                "stamp": {
                    "secs": 1687318004,
                    "nsecs": 763579978
                },
                "frame_id": "ra_base"
            },
            "child_frame_id": "ra_tool0_controller",
            "transform": {
                "translation": {
                    "x": -0.6760736156872891,
                    "y": -0.09153900916013381,
                    "z": 0.637628130140748
                },
                "rotation": {
                    "x": -0.5028218512391839,
                    "y": -0.5053066790453117,
                    "z": 0.49625459771041713,
                    "w": 0.4955468900920179
                }
            }
        }
    ]
}