{
    "transforms": [
        {
            "header": {
                "seq": 0,
                "stamp": {
                    "secs": 1687318021,
                    "nsecs": 893184906
                },
                "frame_id": "ra_base"
            },
            "child_frame_id": "ra_tool0_controller",
            "transform": {
                "translation": {
                    "x": -0.6728434771349069,
                    "y": -0.7293924340218055,
                    "z": 0.6299488018969208
                },
                "rotation": {
                    "x": -0.4907409507660337,
                    "y": -0.5021447117382332,
                    "z": 0.5050241350383154,
                    "w": 0.5019707469000334
                }
            }
        }
    ]
}