{
    "transforms": [
        {
            "header": {
                "seq": 0,
                "stamp": {
                    "secs": 1687318022,
                    "nsecs": 638846574
                },
                "frame_id": "polhemus_base_0"
            },
            "child_frame_id": "polhemus_station_0",
            "transform": {
                "translation": {
                    "x": 0.045417025685310364,
                    "y": -0.07018741220235825,
                    "z": 0.14150558412075043
                },
                "rotation": {
                    "x": -0.24490955471992493,
                    "y": -0.5859335660934448,
                    "z": -0.14806035161018372,
                    "w": 0.7581419944763184
                }
            }
        },
        {
            "header": {
                "seq": 0,
                "stamp": {
                    "secs": 1687318022,
                    "nsecs": 638846574
                },
                "frame_id": "polhemus_base_0"
            },
            "child_frame_id": "polhemus_station_1",
            "transform": {
                "translation": {
                    "x": 0.13557977974414825,
                    "y": -0.023993704468011856,
                    "z": 0.05084015056490898
                },
                "rotation": {
                    "x": 0.08834519982337952,
                    "y": -0.2858007550239563,
                    "z": 0.10324808210134506,
                    "w": 0.9486056566238403
                }
            }
        },
        {
            "header": {
                "seq": 0,
                "stamp": {
                    "secs": 1687318022,
                    "nsecs": 638846574
                },
                "frame_id": "polhemus_base_0"
            },
            "child_frame_id": "polhemus_station_2",
            "transform": {
                "translation": {
                    "x": 0.1440461426973343,
                    "y": -0.013272512704133987,
                    "z": 0.06148986890912056
                },
                "rotation": {
                    "x": 0.030699068680405617,
                    "y": -0.4130029082298279,
                    "z": -0.1386096328496933,
                    "w": 0.8995962738990784
                }
            }
        },
        {
            "header": {
                "seq": 0,
                "stamp": {
                    "secs": 1687318022,
                    "nsecs": 638846574
                },
                "frame_id": "polhemus_base_0"
            },
            "child_frame_id": "polhemus_station_3",
            "transform": {
                "translation": {
                    "x": 0.1233649030327797,
                    "y": 0.04450926184654236,
                    "z": 0.040440790355205536
                },
                "rotation": {
                    "x": -0.22182883322238922,
                    "y": -0.34560462832450867,
                    "z": -0.09687893092632294,
                    "w": 0.9066221714019775
                }
            }
        },
        {
            "header": {
                "seq": 0,
                "stamp": {
                    "secs": 1687318022,
                    "nsecs": 638846574
                },
                "frame_id": "polhemus_base_0"
            },
            "child_frame_id": "polhemus_station_4",
            "transform": {
                "translation": {
                    "x": 0.13823780417442322,
                    "y": 0.06148894131183624,
                    "z": 0.045425206422805786
                },
                "rotation": {
                    "x": 0.4215850234031677,
                    "y": 0.24531780183315277,
                    "z": 0.22017009556293488,
                    "w": -0.8447546362876892
                }
            }
        },
        {
            "header": {
                "seq": 0,
                "stamp": {
                    "secs": 1687318022,
                    "nsecs": 638846574
                },
                "frame_id": "polhemus_base_0"
            },
            "child_frame_id": "polhemus_station_5",
            "transform": {
                "translation": {
                    "x": 0.18832005560398102,
                    "y": 0.0519803985953331,
                    "z": 0.009238431230187416
                },
                "rotation": {
                    "x": 0.2829921543598175,
                    "y": -0.30623048543930054,
                    "z": 0.08632732927799225,
                    "w": -0.9048126339912415
                }
            }
        }
    ]
}