{
    "transforms": [
        {
            "header": {
                "seq": 0,
                "stamp": {
                    "secs": 1687318008,
                    "nsecs": 947184906
                },
                "frame_id": "ra_base"
            },
            "child_frame_id": "ra_tool0_controller",
            "transform": {
                "translation": {
                    "x": -0.7418091911530592,
                    "y": -0.23014913632116799,
                    "z": 0.6576894150166868
                },
                "rotation": {
                    "x": -0.49786222283554743,
                    "y": -0.5056086882231856,
                    "z": 0.4975894672249936,
                    "w": 0.49889656600664667
                }
            }
        }
    ]
}