{
    "transforms": [
        {
            "header": {
                "seq": 0,
                "stamp": {
                    "secs": 1687318005,
                    "nsecs": 213806526
                },
                "frame_id": "polhemus_base_0"
            },
            "child_frame_id": "polhemus_station_0",
            "transform": {
                "translation": {
                    "x": 0.04666285961866379,
                    "y": -0.07154515385627747,
                    "z": 0.14071360230445862
                },
                "rotation": {
                    "x": -0.23794937133789062,
                    "y": -0.581142246723175,
                    "z": -0.14925628900527954,
                    "w": 0.7637908458709717
                }
            }
        },
        {
            "header": {
                "seq": 0,
                "stamp": {
                    "secs": 1687318005,
                    "nsecs": 213806526
                },
                "frame_id": "polhemus_base_0"
            },
            "child_frame_id": "polhemus_station_1",
            "transform": {
                "translation": {
                    "x": 0.13555854558944702,
                    "y": -0.02414706163108349,
                    "z": 0.050773780792951584
                },
                "rotation": {
                    "x": 0.08770471066236496,
                    "y": -0.28619325160980225,
                    "z": 0.10223745554685593,
                    "w": 0.9486562609672546
                }
            }
        },
        {
            "header": {
                "seq": 0,
                "stamp": {
                    "secs": 1687318005,
                    "nsecs": 213806526
                },
                "frame_id": "polhemus_base_0"
            },
            "child_frame_id": "polhemus_station_2",
            "transform": {
                "translation": {
                    "x": 0.14405962824821472,
                    "y": -0.013437245972454548,
                    "z": 0.061424046754837036
                },
                "rotation": {
                    "x": 0.031554706394672394,
                    "y": -0.41317620873451233,
                    "z": -0.1405709981918335,
                    "w": 0.8991827368736267
                }
            }
        },
        {
            "header": {
                "seq": 0,
                "stamp": {
                    "secs": 1687318005,
                    "nsecs": 213806526
                },
                "frame_id": "polhemus_base_0"
            },
            "child_frame_id": "polhemus_station_3",
            "transform": {
                "translation": {
                    "x": 0.12291879206895828,
                    "y": 0.04449478164315224,
                    "z": 0.041148122400045395
                },
                "rotation": {
                    "x": -0.22219952940940857,
                    "y": -0.3495747745037079,
                    "z": -0.09578827768564224,
                    "w": 0.905123770236969
                }
            }
        },
        {
            "header": {
                "seq": 0,
                "stamp": {
                    "secs": 1687318005,
                    "nsecs": 213806526
                },
                "frame_id": "polhemus_base_0"
            },
            "child_frame_id": "polhemus_station_4",
            "transform": {
                "translation": {
                    "x": 0.13750681281089783,
                    "y": 0.06178152933716774,
                    "z": 0.04627557843923569
                },
                "rotation": {
                    "x": 0.41000664234161377,
                    "y": 0.24643278121948242,
                    "z": 0.2176075279712677,
                    "w": -0.8507716655731201
                }
            }
        },
        {
            "header": {
                "seq": 0,
                "stamp": {
                    "secs": 1687318005,
                    "nsecs": 213806526
                },
                "frame_id": "polhemus_base_0"
            },
            "child_frame_id": "polhemus_station_5",
            "transform": {
                "translation": {
                    "x": 0.18837082386016846,
                    "y": 0.052833832800388336,
                    "z": 0.009536095894873142
                },
                "rotation": {
                    "x": 0.2781064808368683,
                    "y": -0.30615317821502686,
                    "z": 0.08140771090984344,
                    "w": -0.9068074822425842
                }
            }
        }
    ]
}