{
    "transforms": [
        {
            "header": {
                "seq": 0,
                "stamp": {
                    "secs": 1687318010,
                    "nsecs": 699184906
                },
                "frame_id": "ra_base"
            },
            "child_frame_id": "ra_tool0_controller",
            "transform": {
                "translation": {
                    "x": -0.7534433888156713,
                    "y": -0.5170353589882426,
                    "z": 0.6552144808847739
                },
                "rotation": {
                    "x": -0.4923864382990953,
                    "y": -0.5039493836329867,
                    "z": 0.5016310511738742,
                    "w": 0.5019530880602869
                }
            }
        }
    ]
}