{
    "transforms": [
        {
            "header": {
                "seq": 0,
                "stamp": {
                    "secs": 1687318008,
                    "nsecs": 223184906
                },
                "frame_id": "ra_base"
            },
            "child_frame_id": "ra_tool0_controller",
            "transform": {
                "translation": {
                    "x": -0.7027247728207517,
                    "y": -0.13531143720253588,
                    "z": 0.6465700577312983
                },
                "rotation": {
                    "x": -0.500989336279489,
                    "y": -0.5055520290614862,
                    "z": 0.4965825924872412,
                    "w": 0.496822462942953
                }
            }
        }
    ]
}