{
    "transforms": [
        {
            "header": {
                "seq": 0,
                "stamp": {
                    "secs": 1687318019,
                    "nsecs": 685184906
                },
                "frame_id": "ra_base"
            },
            "child_frame_id": "ra_tool0_controller",
            "transform": {
                "translation": {
                    "x": -0.6728706465488756,
                    "y": -0.7293709899838906,
                    "z": 0.6299463370218498
                },
                "rotation": {
                    "x": -0.4907420740378258,
                    "y": -0.5021484858630652,
                    "z": 0.5050030863259072,
                    "w": 0.5019870493506707
                }
            }
        }
    ]
}