{
    "transforms": [
        {
            "header": {
                "seq": 0,
                "stamp": {
                    "secs": 1687318013,
                    "nsecs": 844139832
                },
                "frame_id": "polhemus_base_0"
            },
            "child_frame_id": "rh_user_forearm",
            "transform": {
                "translation": {
                    "x": -0.1883319467306137,
                    "y": 0.05238384008407593,
                    "z": 0.009373976849019527
                },
                "rotation": {
                    "x": -0.28044539363616794,
                    "y": -0.30607604624237184,
                    "z": 0.08407530090708087,
                    "w": 0.9058692945907132
                }
            }
        }
    ]
}