{
    "transforms": [
        {
            "header": {
                "seq": 0,
                "stamp": {
                    "secs": 1687318021,
                    "nsecs": 571184906
                },
                "frame_id": "ra_base"
            },
            "child_frame_id": "ra_tool0_controller",
            "transform": {
                "translation": {
                    "x": -0.6728458736384253,
                    "y": -0.7293693072238727,
                    "z": 0.6299570687681125
                },
                "rotation": {
                    "x": -0.4907446608834213,
                    "y": -0.5021573825473248,
                    "z": 0.5050020233017284,
                    "w": 0.5019766901249461
                }
            }
        }
    ]
}