{
    "transforms": [
        {
            "header": {
                "seq": 0,
                "stamp": {
                    "secs": 1687318016,
                    "nsecs": 163783169
                },
                "frame_id": "polhemus_base_0"
            },
            "child_frame_id": "polhemus_station_0",
            "transform": {
                "translation": {
                    "x": 0.04596994072198868,
                    "y": -0.07062627375125885,
                    "z": 0.14125904440879822
                },
                "rotation": {
                    "x": -0.2425788789987564,
                    "y": -0.5837821960449219,
                    "z": -0.1484251320362091,
                    "w": 0.7604760527610779
                }
            }
        },
        {
            "header": {
                "seq": 0,
                "stamp": {
                    "secs": 1687318016,
                    "nsecs": 163783169
                },
                "frame_id": "polhemus_base_0"
            },
            "child_frame_id": "polhemus_station_1",
            "transform": {
                "translation": {
                    "x": 0.13558617234230042,
                    "y": -0.024075517430901527,
                    "z": 0.050763826817274094
                },
                "rotation": {
                    "x": 0.08813030272722244,
                    "y": -0.28573960065841675,
                    "z": 0.10279572755098343,
                    "w": 0.9486932754516602
                }
            }
        },
        {
            "header": {
                "seq": 0,
                "stamp": {
                    "secs": 1687318016,
                    "nsecs": 163783169
                },
                "frame_id": "polhemus_base_0"
            },
            "child_frame_id": "polhemus_station_2",
            "transform": {
                "translation": {
                    "x": 0.14406605064868927,
                    "y": -0.013381040655076504,
                    "z": 0.06141795217990875
                },
                "rotation": {
                    "x": 0.030637750402092934,
                    "y": -0.41295796632766724,
                    "z": -0.13972675800323486,
                    "w": 0.8994461894035339
                }
            }
        },
        {
            "header": {
                "seq": 0,
                "stamp": {
                    "secs": 1687318016,
                    "nsecs": 163783169
                },
                "frame_id": "polhemus_base_0"
            },
            "child_frame_id": "polhemus_station_3",
            "transform": {
                "translation": {
                    "x": 0.1232241839170456,
                    "y": 0.04447291046380997,
                    "z": 0.040594443678855896
                },
                "rotation": {
                    "x": -0.22000998258590698,
                    "y": -0.3463948965072632,
                    "z": -0.09600645303726196,
                    "w": 0.9068565368652344
                }
            }
        },
        {
            "header": {
                "seq": 0,
                "stamp": {
                    "secs": 1687318016,
                    "nsecs": 163783169
                },
                "frame_id": "polhemus_base_0"
            },
            "child_frame_id": "polhemus_station_4",
            "transform": {
                "translation": {
                    "x": 0.13801458477973938,
                    "y": 0.061500273644924164,
                    "z": 0.04565659165382385
                },
                "rotation": {
                    "x": 0.4169672131538391,
                    "y": 0.2453824281692505,
                    "z": 0.21937516331672668,
                    "w": -0.8472310304641724
                }
            }
        },
        {
            "header": {
                "seq": 0,
                "stamp": {
                    "secs": 1687318016,
                    "nsecs": 163783169
                },
                "frame_id": "polhemus_base_0"
            },
            "child_frame_id": "polhemus_station_5",
            "transform": {
                "translation": {
                    "x": 0.18833845853805542,
                    "y": 0.052237361669540405,
                    "z": 0.009346654638648033
                },
                "rotation": {
                    "x": 0.2813687026500702,
                    "y": -0.3061756193637848,
                    "z": 0.08476755023002625,
                    "w": -0.9054847955703735
                }
            }
        }
    ]
}