{
    "transforms": [
        {
            "header": {
                "seq": 0,
                "stamp": {
                    "secs": 1687318023,
                    "nsecs": 597107228
                },
                "frame_id": "polhemus_base_0"
            },
            "child_frame_id": "polhemus_station_0",
            "transform": {
                "translation": {
                    "x": 0.04530361294746399,
                    "y": -0.07013749331235886,
                    "z": 0.14153984189033508
                },
                "rotation": {
                    "x": -0.24519695341587067,
                    "y": -0.5863840579986572,
                    "z": -0.14825689792633057,
                    "w": 0.7576620578765869
                }
            }
        },
        {
            "header": {
                "seq": 0,
                "stamp": {
                    "secs": 1687318023,
                    "nsecs": 597107228
                },
                "frame_id": "polhemus_base_0"
            },
            "child_frame_id": "polhemus_station_1",
            "transform": {
                "translation": {
                    "x": 0.13559573888778687,
                    "y": -0.02400338090956211,
                    "z": 0.05081580579280853
                },
                "rotation": {
                    "x": 0.08841631561517715,
                    "y": -0.2856389880180359,
                    "z": 0.10305315256118774,
                    "w": 0.9486689567565918
                }
            }
        },
        {
            "header": {
                "seq": 0,
                "stamp": {
                    "secs": 1687318023,
                    "nsecs": 597107228
                },
                "frame_id": "polhemus_base_0"
            },
            "child_frame_id": "polhemus_station_2",
            "transform": {
                "translation": {
                    "x": 0.14404264092445374,
                    "y": -0.013255245052278042,
                    "z": 0.061499763280153275
                },
                "rotation": {
                    "x": 0.0303785540163517,
                    "y": -0.41303330659866333,
                    "z": -0.13854601979255676,
                    "w": 0.899603009223938
                }
            }
        },
        {
            "header": {
                "seq": 0,
                "stamp": {
                    "secs": 1687318023,
                    "nsecs": 597107228
                },
                "frame_id": "polhemus_base_0"
            },
            "child_frame_id": "polhemus_station_3",
            "transform": {
                "translation": {
                    "x": 0.12338628619909286,
                    "y": 0.044512830674648285,
                    "z": 0.04040232300758362
                },
                "rotation": {
                    "x": -0.22198493778705597,
                    "y": -0.3453134596347809,
                    "z": -0.0969850942492485,
                    "w": 0.9066835045814514
                }
            }
        },
        {
            "header": {
                "seq": 0,
                "stamp": {
                    "secs": 1687318023,
                    "nsecs": 597107228
                },
                "frame_id": "polhemus_base_0"
            },
            "child_frame_id": "polhemus_station_4",
            "transform": {
                "translation": {
                    "x": 0.13827107846736908,
                    "y": 0.0614871047437191,
                    "z": 0.04536019638180733
                },
                "rotation": {
                    "x": 0.4221135377883911,
                    "y": 0.24513186514377594,
                    "z": 0.22019289433956146,
                    "w": -0.8445387482643127
                }
            }
        },
        {
            "header": {
                "seq": 0,
                "stamp": {
                    "secs": 1687318023,
                    "nsecs": 597107228
                },
                "frame_id": "polhemus_base_0"
            },
            "child_frame_id": "polhemus_station_5",
            "transform": {
                "translation": {
                    "x": 0.18830926716327667,
                    "y": 0.051943425089120865,
                    "z": 0.009262473322451115
                },
                "rotation": {
                    "x": 0.28343430161476135,
                    "y": -0.30597811937332153,
                    "z": 0.08661957085132599,
                    "w": -0.9047316908836365
                }
            }
        }
    ]
}