{
    "transforms": [
        {
            "header": {
                "seq": 0,
                "stamp": {
                    "secs": 1687318022,
                    "nsecs": 353184906
                },
                "frame_id": "ra_base"
            },
            "child_frame_id": "ra_tool0_controller",
            "transform": {
                "translation": {
                    "x": -0.6728504997693381,
                    "y": -0.7293991178495758,
                    "z": 0.6299192918486134
                },
                "rotation": {
                    "x": -0.490738457622859,
                    "y": -0.5021717851128715,
                    "z": 0.5049991223031992,
                    "w": 0.5019712650336549
                }
            }
        }
    ]
}