{
    "transforms": [
        {
            "header": {
                "seq": 0,
                "stamp": {
                    "secs": 1687318008,
                    "nsecs": 681184906
                },
                "frame_id": "ra_base"
            },
            "child_frame_id": "ra_tool0_controller",
            "transform": {
                "translation": {
                    "x": -0.7290277256138553,
                    "y": -0.19273789662203084,
                    "z": 0.6543790232910875
                },
                "rotation": {
                    "x": -0.4989848478189447,
                    "y": -0.5056406581684739,
                    "z": 0.4971555982291605,
                    "w": 0.4981746256118055
                }
            }
        }
    ]
}