{
    "transforms": [
        {
            "header": {
                "seq": 0,
                "stamp": {
                    "secs": 1687318001,
                    "nsecs": 435803313
                },
                "frame_id": "polhemus_base_0"
            },
            "child_frame_id": "rh_user_forearm",
            "transform": {
                "translation": {
                    "x": -0.18841303884983063,
                    "y": 0.053575895726680756,
                    "z": 0.00960639026015997
                },
                "rotation": {
                    "x": -0.2763041548857629,
                    "y": -0.3054467431886791,
                    "z": 0.07805445770448768,
                    "w": 0.907890853958091
                }
            }
        }
    ]
}