{
    "transforms": [
        {
            "header": {
                "seq": 0,
                "stamp": {
                    "secs": 1687318007,
                    "nsecs": 197167464
                },
                "frame_id": "polhemus_base_0"
            },
            "child_frame_id": "polhemus_station_0",
            "transform": {
                "translation": {
                    "x": 0.046627532690763474,
                    "y": -0.07147425413131714,
                    "z": 0.14076073467731476
                },
                "rotation": {
                    "x": -0.2383405566215515,
                    "y": -0.5813000798225403,
                    "z": -0.14921903610229492,
                    "w": 0.7635560035705566
                }
            }
        },
        {
            "header": {
                "seq": 0,
                "stamp": {
                    "secs": 1687318007,
                    "nsecs": 197167464
                },
                "frame_id": "polhemus_base_0"
            },
            "child_frame_id": "polhemus_station_1",
            "transform": {
                "translation": {
                    "x": 0.135576993227005,
                    "y": -0.024124201387166977,
                    "z": 0.05075661838054657
                },
                "rotation": {
                    "x": 0.08764395862817764,
                    "y": -0.2859899699687958,
                    "z": 0.10235759615898132,
                    "w": 0.9487102627754211
                }
            }
        },
        {
            "header": {
                "seq": 0,
                "stamp": {
                    "secs": 1687318007,
                    "nsecs": 197167464
                },
                "frame_id": "polhemus_base_0"
            },
            "child_frame_id": "polhemus_station_2",
            "transform": {
                "translation": {
                    "x": 0.14407190680503845,
                    "y": -0.013436505571007729,
                    "z": 0.061411887407302856
                },
                "rotation": {
                    "x": 0.031540647149086,
                    "y": -0.41306936740875244,
                    "z": -0.14057254791259766,
                    "w": 0.899232029914856
                }
            }
        },
        {
            "header": {
                "seq": 0,
                "stamp": {
                    "secs": 1687318007,
                    "nsecs": 197167464
                },
                "frame_id": "polhemus_base_0"
            },
            "child_frame_id": "polhemus_station_3",
            "transform": {
                "translation": {
                    "x": 0.12294216454029083,
                    "y": 0.04448461905121803,
                    "z": 0.041095346212387085
                },
                "rotation": {
                    "x": -0.22231915593147278,
                    "y": -0.3494211435317993,
                    "z": -0.09589053690433502,
                    "w": 0.9051429629325867
                }
            }
        },
        {
            "header": {
                "seq": 0,
                "stamp": {
                    "secs": 1687318007,
                    "nsecs": 197167464
                },
                "frame_id": "polhemus_base_0"
            },
            "child_frame_id": "polhemus_station_4",
            "transform": {
                "translation": {
                    "x": 0.13754385709762573,
                    "y": 0.06175101548433304,
                    "z": 0.04622437432408333
                },
                "rotation": {
                    "x": 0.41057804226875305,
                    "y": 0.24629172682762146,
                    "z": 0.21781611442565918,
                    "w": -0.8504834771156311
                }
            }
        },
        {
            "header": {
                "seq": 0,
                "stamp": {
                    "secs": 1687318007,
                    "nsecs": 197167464
                },
                "frame_id": "polhemus_base_0"
            },
            "child_frame_id": "polhemus_station_5",
            "transform": {
                "translation": {
                    "x": 0.18833939731121063,
                    "y": 0.05283134803175926,
                    "z": 0.009430122561752796
                },
                "rotation": {
                    "x": 0.27857688069343567,
                    "y": -0.3066180646419525,
                    "z": 0.08118946850299835,
                    "w": -0.9065255522727966
                }
            }
        }
    ]
}