{
    "transforms": [
        {
            "header": {
                "seq": 0,
                "stamp": {
                    "secs": 1687318027,
                    "nsecs": 130488596
                },
                "frame_id": "polhemus_base_0"
            },
            "child_frame_id": "polhemus_station_0",
            "transform": {
                "translation": {
                    "x": 0.04524204879999161,
                    "y": -0.06996370851993561,
                    "z": 0.14166045188903809
                },
                "rotation": {
                    "x": -0.24609656631946564,
                    "y": -0.5865331292152405,
                    "z": -0.14798858761787415,
                    "w": 0.7573075890541077
                }
            }
        },
        {
            "header": {
                "seq": 0,
                "stamp": {
                    "secs": 1687318027,
                    "nsecs": 130488596
                },
                "frame_id": "polhemus_base_0"
            },
            "child_frame_id": "polhemus_station_1",
            "transform": {
                "translation": {
                    "x": 0.13560055196285248,
                    "y": -0.02400100976228714,
                    "z": 0.05083616450428963
                },
                "rotation": {
                    "x": 0.08848332613706589,
                    "y": -0.28562361001968384,
                    "z": 0.10315258055925369,
                    "w": 0.9486566185951233
                }
            }
        },
        {
            "header": {
                "seq": 0,
                "stamp": {
                    "secs": 1687318027,
                    "nsecs": 130488596
                },
                "frame_id": "polhemus_base_0"
            },
            "child_frame_id": "polhemus_station_2",
            "transform": {
                "translation": {
                    "x": 0.14406882226467133,
                    "y": -0.013271565549075603,
                    "z": 0.061488520354032516
                },
                "rotation": {
                    "x": 0.030114855617284775,
                    "y": -0.4128122925758362,
                    "z": -0.1385779082775116,
                    "w": 0.8997085094451904
                }
            }
        },
        {
            "header": {
                "seq": 0,
                "stamp": {
                    "secs": 1687318027,
                    "nsecs": 130488596
                },
                "frame_id": "polhemus_base_0"
            },
            "child_frame_id": "polhemus_station_3",
            "transform": {
                "translation": {
                    "x": 0.12343539297580719,
                    "y": 0.04450731351971626,
                    "z": 0.04032665491104126
                },
                "rotation": {
                    "x": -0.22227853536605835,
                    "y": -0.3449738621711731,
                    "z": -0.09719610959291458,
                    "w": 0.9067181944847107
                }
            }
        },
        {
            "header": {
                "seq": 0,
                "stamp": {
                    "secs": 1687318027,
                    "nsecs": 130488596
                },
                "frame_id": "polhemus_base_0"
            },
            "child_frame_id": "polhemus_station_4",
            "transform": {
                "translation": {
                    "x": 0.13832403719425201,
                    "y": 0.06145942211151123,
                    "z": 0.045310404151678085
                },
                "rotation": {
                    "x": 0.4232906699180603,
                    "y": 0.2455534189939499,
                    "z": 0.22040113806724548,
                    "w": -0.8437724113464355
                }
            }
        },
        {
            "header": {
                "seq": 0,
                "stamp": {
                    "secs": 1687318027,
                    "nsecs": 130488596
                },
                "frame_id": "polhemus_base_0"
            },
            "child_frame_id": "polhemus_station_5",
            "transform": {
                "translation": {
                    "x": 0.18831802904605865,
                    "y": 0.05183753743767738,
                    "z": 0.009239714592695236
                },
                "rotation": {
                    "x": 0.2839660048484802,
                    "y": -0.30591320991516113,
                    "z": 0.08734521269798279,
                    "w": -0.9045170545578003
                }
            }
        }
    ]
}