{
    "transforms": [
        {
            "header": {
                "seq": 0,
                "stamp": {
                    "secs": 1687318015,
                    "nsecs": 805184906
                },
                "frame_id": "ra_base"
            },
            "child_frame_id": "ra_tool0_controller",
            "transform": {
                "translation": {
                    "x": -0.6728291289374798,
                    "y": -0.7293986977863258,
                    "z": 0.6299212902877713
                },
                "rotation": {
                    "x": -0.49074022400921724,
                    "y": -0.5021662228060989,
                    "z": 0.5050063396808183,
                    "w": 0.5019678416932909
                }
            }
        }
    ]
}