{
    "transforms": [
        {
            "header": {
                "seq": 0,
                "stamp": {
                    "secs": 1687318006,
                    "nsecs": 407184906
                },
                "frame_id": "ra_base"
            },
            "child_frame_id": "ra_tool0_controller",
            "transform": {
                "translation": {
                    "x": -0.676070824568538,
                    "y": -0.09154775233236871,
                    "z": 0.6376250225371823
                },
                "rotation": {
                    "x": -0.5028052155952624,
                    "y": -0.5053284674449946,
                    "z": 0.49623298040327074,
                    "w": 0.4955631991179145
                }
            }
        }
    ]
}