{
    "transforms": [
        {
            "header": {
                "seq": 0,
                "stamp": {
                    "secs": 1687318000,
                    "nsecs": 767579978
                },
                "frame_id": "ra_base"
            },
            "child_frame_id": "ra_tool0_controller",
            "transform": {
                "translation": {
                    "x": -0.6760806787008636,
                    "y": -0.09154289317323822,
                    "z": 0.6376728442081444
                },
                "rotation": {
                    "x": -0.5027918229034223,
                    "y": -0.5053060314342852,
                    "z": 0.496268905994868,
                    "w": 0.49556368950947544
                }
            }
        }
    ]
}