{
    "transforms": [
        {
            "header": {
                "seq": 0,
                "stamp": {
                    "secs": 1687318012,
                    "nsecs": 803184906
                },
                "frame_id": "ra_base"
            },
            "child_frame_id": "ra_tool0_controller",
            "transform": {
                "translation": {
                    "x": -0.6728047302047874,
                    "y": -0.7293771827776648,
                    "z": 0.629992361207534
                },
                "rotation": {
                    "x": -0.49074941069584027,
                    "y": -0.50213667613458,
                    "z": 0.5050102035580235,
                    "w": 0.5019845303238787
                }
            }
        }
    ]
}