{
    "transforms": [
        {
            "header": {
                "seq": 0,
                "stamp": {
                    "secs": 1687318008,
                    "nsecs": 737184906
                },
                "frame_id": "ra_base"
            },
            "child_frame_id": "ra_tool0_controller",
            "transform": {
                "translation": {
                    "x": -0.7319803438866659,
                    "y": -0.20046230516015043,
                    "z": 0.6551370572510826
                },
                "rotation": {
                    "x": -0.49879339309921145,
                    "y": -0.5055870020130312,
                    "z": 0.49720393280334974,
                    "w": 0.49837253495847145
                }
            }
        }
    ]
}