{
    "transforms": [
        {
            "header": {
                "seq": 0,
                "stamp": {
                    "secs": 1687318024,
                    "nsecs": 647145957
                },
                "frame_id": "polhemus_base_0"
            },
            "child_frame_id": "polhemus_station_0",
            "transform": {
                "translation": {
                    "x": 0.04529884085059166,
                    "y": -0.07007651776075363,
                    "z": 0.14157767593860626
                },
                "rotation": {
                    "x": -0.24542461335659027,
                    "y": -0.5864254236221313,
                    "z": -0.14799854159355164,
                    "w": 0.7576069831848145
                }
            }
        },
        {
            "header": {
                "seq": 0,
                "stamp": {
                    "secs": 1687318024,
                    "nsecs": 647145957
                },
                "frame_id": "polhemus_base_0"
            },
            "child_frame_id": "polhemus_station_1",
            "transform": {
                "translation": {
                    "x": 0.13559269905090332,
                    "y": -0.023975111544132233,
                    "z": 0.0508367083966732
                },
                "rotation": {
                    "x": 0.08833399415016174,
                    "y": -0.2857316732406616,
                    "z": 0.10334070771932602,
                    "w": 0.9486174583435059
                }
            }
        },
        {
            "header": {
                "seq": 0,
                "stamp": {
                    "secs": 1687318024,
                    "nsecs": 647145957
                },
                "frame_id": "polhemus_base_0"
            },
            "child_frame_id": "polhemus_station_2",
            "transform": {
                "translation": {
                    "x": 0.1440628618001938,
                    "y": -0.01323667448014021,
                    "z": 0.061487674713134766
                },
                "rotation": {
                    "x": 0.030284129083156586,
                    "y": -0.4128837585449219,
                    "z": -0.1383843719959259,
                    "w": 0.8996997475624084
                }
            }
        },
        {
            "header": {
                "seq": 0,
                "stamp": {
                    "secs": 1687318024,
                    "nsecs": 647145957
                },
                "frame_id": "polhemus_base_0"
            },
            "child_frame_id": "polhemus_station_3",
            "transform": {
                "translation": {
                    "x": 0.12340155243873596,
                    "y": 0.044517748057842255,
                    "z": 0.040373899042606354
                },
                "rotation": {
                    "x": -0.22213466465473175,
                    "y": -0.34516167640686035,
                    "z": -0.09698379784822464,
                    "w": 0.9067047834396362
                }
            }
        },
        {
            "header": {
                "seq": 0,
                "stamp": {
                    "secs": 1687318024,
                    "nsecs": 647145957
                },
                "frame_id": "polhemus_base_0"
            },
            "child_frame_id": "polhemus_station_4",
            "transform": {
                "translation": {
                    "x": 0.1382710039615631,
                    "y": 0.06149739772081375,
                    "z": 0.045373160392045975
                },
                "rotation": {
                    "x": 0.42251768708229065,
                    "y": 0.24555836617946625,
                    "z": 0.22027069330215454,
                    "w": -0.8441922664642334
                }
            }
        },
        {
            "header": {
                "seq": 0,
                "stamp": {
                    "secs": 1687318024,
                    "nsecs": 647145957
                },
                "frame_id": "polhemus_base_0"
            },
            "child_frame_id": "polhemus_station_5",
            "transform": {
                "translation": {
                    "x": 0.1883038729429245,
                    "y": 0.05195591226220131,
                    "z": 0.009211546741425991
                },
                "rotation": {
                    "x": 0.28365036845207214,
                    "y": -0.30616918206214905,
                    "z": 0.08651196956634521,
                    "w": -0.9046096205711365
                }
            }
        }
    ]
}