{
    "transforms": [
        {
            "header": {
                "seq": 0,
                "stamp": {
                    "secs": 1687318000,
                    "nsecs": 747147898
                },
                "frame_id": "polhemus_base_0"
            },
            "child_frame_id": "polhemus_station_0",
            "transform": {
                "translation": {
                    "x": 0.04720113426446915,
                    "y": -0.07197834551334381,
                    "z": 0.1404157280921936
                },
                "rotation": {
                    "x": -0.234999880194664,
                    "y": -0.5791434049606323,
                    "z": -0.14943809807300568,
                    "w": 0.7661827802658081
                }
            }
        },
        {
            "header": {
                "seq": 0,
                "stamp": {
                    "secs": 1687318000,
                    "nsecs": 747147898
                },
                "frame_id": "polhemus_base_0"
            },
            "child_frame_id": "polhemus_station_1",
            "transform": {
                "translation": {
                    "x": 0.1354195773601532,
                    "y": -0.02385442517697811,
                    "z": 0.05096348747611046
                },
                "rotation": {
                    "x": 0.08598114550113678,
                    "y": -0.28729480504989624,
                    "z": 0.10355192422866821,
                    "w": 0.948338508605957
                }
            }
        },
        {
            "header": {
                "seq": 0,
                "stamp": {
                    "secs": 1687318000,
                    "nsecs": 747147898
                },
                "frame_id": "polhemus_base_0"
            },
            "child_frame_id": "polhemus_station_2",
            "transform": {
                "translation": {
                    "x": 0.14389291405677795,
                    "y": -0.013103470206260681,
                    "z": 0.06156463176012039
                },
                "rotation": {
                    "x": 0.029838010668754578,
                    "y": -0.4144645631313324,
                    "z": -0.1391691118478775,
                    "w": 0.8988664746284485
                }
            }
        },
        {
            "header": {
                "seq": 0,
                "stamp": {
                    "secs": 1687318000,
                    "nsecs": 747147898
                },
                "frame_id": "polhemus_base_0"
            },
            "child_frame_id": "polhemus_station_3",
            "transform": {
                "translation": {
                    "x": 0.12255982309579849,
                    "y": 0.0450412817299366,
                    "z": 0.042004115879535675
                },
                "rotation": {
                    "x": -0.2225889265537262,
                    "y": -0.35297489166259766,
                    "z": -0.09360021352767944,
                    "w": 0.9039366841316223
                }
            }
        },
        {
            "header": {
                "seq": 0,
                "stamp": {
                    "secs": 1687318000,
                    "nsecs": 747147898
                },
                "frame_id": "polhemus_base_0"
            },
            "child_frame_id": "polhemus_station_4",
            "transform": {
                "translation": {
                    "x": 0.13668248057365417,
                    "y": 0.06257278472185135,
                    "z": 0.046997006982564926
                },
                "rotation": {
                    "x": 0.4031650125980377,
                    "y": 0.25091102719306946,
                    "z": 0.21204954385757446,
                    "w": -0.8541290760040283
                }
            }
        },
        {
            "header": {
                "seq": 0,
                "stamp": {
                    "secs": 1687318000,
                    "nsecs": 747147898
                },
                "frame_id": "polhemus_base_0"
            },
            "child_frame_id": "polhemus_station_5",
            "transform": {
                "translation": {
                    "x": 0.18840846419334412,
                    "y": 0.053619157522916794,
                    "z": 0.009586699306964874
                },
                "rotation": {
                    "x": 0.2762703001499176,
                    "y": -0.3056944012641907,
                    "z": 0.07761441171169281,
                    "w": -0.9078555703163147
                }
            }
        }
    ]
}