{
    "transforms": [
        {
            "header": {
                "seq": 0,
                "stamp": {
                    "secs": 1687318019,
                    "nsecs": 975184906
                },
                "frame_id": "ra_base"
            },
            "child_frame_id": "ra_tool0_controller",
            "transform": {
                "translation": {
                    "x": -0.672855097767097,
                    "y": -0.7293752252278434,
                    "z": 0.6299413515025143
                },
                "rotation": {
                    "x": -0.49074335915365996,
                    "y": -0.5021584633503472,
                    "z": 0.5050092538381252,
                    "w": 0.5019696073170766
                }
            }
        }
    ]
}