{
    "transforms": [
        {
            "header": {
                "seq": 0,
                "stamp": {
                    "secs": 1687318001,
                    "nsecs": 331579978
                },
                "frame_id": "ra_base"
            },
            "child_frame_id": "ra_tool0_controller",
            "transform": {
                "translation": {
                    "x": -0.6760617961197556,
                    "y": -0.0915575550172781,
                    "z": 0.6376498110761166
                },
                "rotation": {
                    "x": -0.5028103066103102,
                    "y": -0.5053261115540385,
                    "z": 0.49625588146975774,
                    "w": 0.4955375027732966
                }
            }
        }
    ]
}