{
    "transforms": [
        {
            "header": {
                "seq": 0,
                "stamp": {
                    "secs": 1687318007,
                    "nsecs": 971184906
                },
                "frame_id": "ra_base"
            },
            "child_frame_id": "ra_tool0_controller",
            "transform": {
                "translation": {
                    "x": -0.6911453719913644,
                    "y": -0.11493527233088056,
                    "z": 0.6427457992379854
                },
                "rotation": {
                    "x": -0.5018046758069856,
                    "y": -0.505490792169045,
                    "z": 0.4964071667436267,
                    "w": 0.49623689018060985
                }
            }
        }
    ]
}