{
    "transforms": [
        {
            "header": {
                "seq": 0,
                "stamp": {
                    "secs": 1687318021,
                    "nsecs": 30500966
                },
                "frame_id": "polhemus_base_0"
            },
            "child_frame_id": "polhemus_station_0",
            "transform": {
                "translation": {
                    "x": 0.045472558587789536,
                    "y": -0.0702805295586586,
                    "z": 0.1414499431848526
                },
                "rotation": {
                    "x": -0.24424254894256592,
                    "y": -0.5857867002487183,
                    "z": -0.14802312850952148,
                    "w": 0.7584778070449829
                }
            }
        },
        {
            "header": {
                "seq": 0,
                "stamp": {
                    "secs": 1687318021,
                    "nsecs": 30500966
                },
                "frame_id": "polhemus_base_0"
            },
            "child_frame_id": "polhemus_station_1",
            "transform": {
                "translation": {
                    "x": 0.13558566570281982,
                    "y": -0.024004153907299042,
                    "z": 0.05080585554242134
                },
                "rotation": {
                    "x": 0.0882638618350029,
                    "y": -0.28571993112564087,
                    "z": 0.10311508923768997,
                    "w": 0.9486520886421204
                }
            }
        },
        {
            "header": {
                "seq": 0,
                "stamp": {
                    "secs": 1687318021,
                    "nsecs": 30500966
                },
                "frame_id": "polhemus_base_0"
            },
            "child_frame_id": "polhemus_station_2",
            "transform": {
                "translation": {
                    "x": 0.14404787123203278,
                    "y": -0.013268784619867802,
                    "z": 0.06147988513112068
                },
                "rotation": {
                    "x": 0.03051067888736725,
                    "y": -0.41302764415740967,
                    "z": -0.1386975646018982,
                    "w": 0.8995778560638428
                }
            }
        },
        {
            "header": {
                "seq": 0,
                "stamp": {
                    "secs": 1687318021,
                    "nsecs": 30500966
                },
                "frame_id": "polhemus_base_0"
            },
            "child_frame_id": "polhemus_station_3",
            "transform": {
                "translation": {
                    "x": 0.12332035601139069,
                    "y": 0.04447652027010918,
                    "z": 0.040449026972055435
                },
                "rotation": {
                    "x": -0.22084085643291473,
                    "y": -0.3457537889480591,
                    "z": -0.096463143825531,
                    "w": 0.9068506956100464
                }
            }
        },
        {
            "header": {
                "seq": 0,
                "stamp": {
                    "secs": 1687318021,
                    "nsecs": 30500966
                },
                "frame_id": "polhemus_base_0"
            },
            "child_frame_id": "polhemus_station_4",
            "transform": {
                "translation": {
                    "x": 0.13814891874790192,
                    "y": 0.061492670327425,
                    "z": 0.04546414315700531
                },
                "rotation": {
                    "x": 0.4201001226902008,
                    "y": 0.24574245512485504,
                    "z": 0.21941150724887848,
                    "w": -0.8455678820610046
                }
            }
        },
        {
            "header": {
                "seq": 0,
                "stamp": {
                    "secs": 1687318021,
                    "nsecs": 30500966
                },
                "frame_id": "polhemus_base_0"
            },
            "child_frame_id": "polhemus_station_5",
            "transform": {
                "translation": {
                    "x": 0.18831859529018402,
                    "y": 0.052016131579875946,
                    "z": 0.009280949831008911
                },
                "rotation": {
                    "x": 0.28307586908340454,
                    "y": -0.3060780465602875,
                    "z": 0.08618183434009552,
                    "w": -0.9048518538475037
                }
            }
        }
    ]
}