{
    "transforms": [
        {
            "header": {
                "seq": 0,
                "stamp": {
                    "secs": 1687318022,
                    "nsecs": 701184906
                },
                "frame_id": "ra_base"
            },
            "child_frame_id": "ra_tool0_controller",
            "transform": {
                "translation": {
                    "x": -0.6728467017421914,
                    "y": -0.7293723955439607,
                    "z": 0.6299646286014499
                },
                "rotation": {
                    "x": -0.49074308103335723,
                    "y": -0.5021533669976086,
                    "z": 0.5050160028761498,
                    "w": 0.5019681875077838
                }
            }
        }
    ]
}