{
    "transforms": [
        {
            "header": {
                "seq": 0,
                "stamp": {
                    "secs": 1687318010,
                    "nsecs": 811184906
                },
                "frame_id": "ra_base"
            },
            "child_frame_id": "ra_tool0_controller",
            "transform": {
                "translation": {
                    "x": -0.74922931808922,
                    "y": -0.5368289548908141,
                    "z": 0.653665330528098
                },
                "rotation": {
                    "x": -0.4921899119414785,
                    "y": -0.5037532953422871,
                    "z": 0.5019133282716101,
                    "w": 0.5020604733676424
                }
            }
        }
    ]
}