{
    "transforms": [
        {
            "header": {
                "seq": 0,
                "stamp": {
                    "secs": 1687318017,
                    "nsecs": 463184906
                },
                "frame_id": "ra_base"
            },
            "child_frame_id": "ra_tool0_controller",
            "transform": {
                "translation": {
                    "x": -0.6728229880762177,
                    "y": -0.7294037123120644,
                    "z": 0.6299620398125427
                },
                "rotation": {
                    "x": -0.49073132032005096,
                    "y": -0.502158515364289,
                    "z": 0.5050144203963838,
                    "w": 0.5019761268185741
                }
            }
        }
    ]
}