{
    "transforms": [
        {
            "header": {
                "seq": 0,
                "stamp": {
                    "secs": 1687318009,
                    "nsecs": 299184906
                },
                "frame_id": "ra_base"
            },
            "child_frame_id": "ra_tool0_controller",
            "transform": {
                "translation": {
                    "x": -0.7547743706361435,
                    "y": -0.28247805923790775,
                    "z": 0.6605454038084609
                },
                "rotation": {
                    "x": -0.4965633539219931,
                    "y": -0.5054120243989315,
                    "z": 0.49818226516374237,
                    "w": 0.4997979109710625
                }
            }
        }
    ]
}