{
    "transforms": [
        {
            "header": {
                "seq": 0,
                "stamp": {
                    "secs": 1687318011,
                    "nsecs": 269148670
                },
                "frame_id": "polhemus_base_0"
            },
            "child_frame_id": "rh_user_forearm",
            "transform": {
                "translation": {
                    "x": -0.18834620714187622,
                    "y": 0.05256063491106033,
                    "z": 0.009424897842109203
                },
                "rotation": {
                    "x": -0.27982249367057216,
                    "y": -0.30627214373446027,
                    "z": 0.08289000247125221,
                    "w": 0.9061048468574685
                }
            }
        }
    ]
}