{
    "transforms": [
        {
            "header": {
                "seq": 0,
                "stamp": {
                    "secs": 1687318017,
                    "nsecs": 65184906
                },
                "frame_id": "ra_base"
            },
            "child_frame_id": "ra_tool0_controller",
            "transform": {
                "translation": {
                    "x": -0.6728536239199491,
                    "y": -0.7293779858642409,
                    "z": 0.6299686905071119
                },
                "rotation": {
                    "x": -0.49073666569918645,
                    "y": -0.5021477223829084,
                    "z": 0.5050179258342454,
                    "w": 0.5019781712686111
                }
            }
        }
    ]
}