{
    "transforms": [
        {
            "header": {
                "seq": 0,
                "stamp": {
                    "secs": 1687318017,
                    "nsecs": 911184906
                },
                "frame_id": "ra_base"
            },
            "child_frame_id": "ra_tool0_controller",
            "transform": {
                "translation": {
                    "x": -0.6728429121990758,
                    "y": -0.7293895005521901,
                    "z": 0.6299430577697996
                },
                "rotation": {
                    "x": -0.4907382052644061,
                    "y": -0.5021563171643673,
                    "z": 0.5050206719460916,
                    "w": 0.5019653055071707
                }
            }
        }
    ]
}