{
    "transforms": [
        {
            "header": {
                "seq": 0,
                "stamp": {
                    "secs": 1687318021,
                    "nsecs": 689184906
                },
                "frame_id": "ra_base"
            },
            "child_frame_id": "ra_tool0_controller",
            "transform": {
                "translation": {
                    "x": -0.6728488116827271,
                    "y": -0.7293742903189854,
                    "z": 0.6299719864093883
                },
                "rotation": {
                    "x": -0.4907376619357569,
                    "y": -0.5021482456850126,
                    "z": 0.5050209282986783,
                    "w": 0.5019736531867308
                }
            }
        }
    ]
}