{
    "transforms": [
        {
            "header": {
                "seq": 0,
                "stamp": {
                    "secs": 1687318023,
                    "nsecs": 831184906
                },
                "frame_id": "ra_base"
            },
            "child_frame_id": "ra_tool0_controller",
            "transform": {
                "translation": {
                    "x": -0.6728405350050605,
                    "y": -0.729385503712673,
                    "z": 0.6299380266104563
                },
                "rotation": {
                    "x": -0.4907378726169129,
                    "y": -0.502162566593633,
                    "z": 0.5050064445131451,
                    "w": 0.5019736926291191
                }
            }
        }
    ]
}