{
    "transforms": [
        {
            "header": {
                "seq": 0,
                "stamp": {
                    "secs": 1687318006,
                    "nsecs": 21184906
                },
                "frame_id": "ra_base"
            },
            "child_frame_id": "ra_tool0_controller",
            "transform": {
                "translation": {
                    "x": -0.6760844870388831,
                    "y": -0.0915386794145218,
                    "z": 0.6376414306505135
                },
                "rotation": {
                    "x": -0.5028087552807452,
                    "y": -0.5053071133273275,
                    "z": 0.49625199081389765,
                    "w": 0.49556234567113205
                }
            }
        }
    ]
}