{
    "transforms": [
        {
            "header": {
                "seq": 0,
                "stamp": {
                    "secs": 1687318004,
                    "nsecs": 363838938
                },
                "frame_id": "polhemus_base_0"
            },
            "child_frame_id": "polhemus_station_0",
            "transform": {
                "translation": {
                    "x": 0.0467161200940609,
                    "y": -0.07161252200603485,
                    "z": 0.1406838595867157
                },
                "rotation": {
                    "x": -0.2377936840057373,
                    "y": -0.5808438062667847,
                    "z": -0.14954809844493866,
                    "w": 0.7640091776847839
                }
            }
        },
        {
            "header": {
                "seq": 0,
                "stamp": {
                    "secs": 1687318004,
                    "nsecs": 363838938
                },
                "frame_id": "polhemus_base_0"
            },
            "child_frame_id": "polhemus_station_1",
            "transform": {
                "translation": {
                    "x": 0.13555794954299927,
                    "y": -0.024132592603564262,
                    "z": 0.05077943950891495
                },
                "rotation": {
                    "x": 0.08759331703186035,
                    "y": -0.28617918491363525,
                    "z": 0.10233045369386673,
                    "w": 0.9486607313156128
                }
            }
        },
        {
            "header": {
                "seq": 0,
                "stamp": {
                    "secs": 1687318004,
                    "nsecs": 363838938
                },
                "frame_id": "polhemus_base_0"
            },
            "child_frame_id": "polhemus_station_2",
            "transform": {
                "translation": {
                    "x": 0.144048810005188,
                    "y": -0.013434437103569508,
                    "z": 0.06144282594323158
                },
                "rotation": {
                    "x": 0.03151188790798187,
                    "y": -0.413292795419693,
                    "z": -0.14051881432533264,
                    "w": 0.899138867855072
                }
            }
        },
        {
            "header": {
                "seq": 0,
                "stamp": {
                    "secs": 1687318004,
                    "nsecs": 363838938
                },
                "frame_id": "polhemus_base_0"
            },
            "child_frame_id": "polhemus_station_3",
            "transform": {
                "translation": {
                    "x": 0.12289882451295853,
                    "y": 0.0445241704583168,
                    "z": 0.04117675870656967
                },
                "rotation": {
                    "x": -0.22200630605220795,
                    "y": -0.3497960567474365,
                    "z": -0.09563282877206802,
                    "w": 0.9051022529602051
                }
            }
        },
        {
            "header": {
                "seq": 0,
                "stamp": {
                    "secs": 1687318004,
                    "nsecs": 363838938
                },
                "frame_id": "polhemus_base_0"
            },
            "child_frame_id": "polhemus_station_4",
            "transform": {
                "translation": {
                    "x": 0.13748784363269806,
                    "y": 0.061795659363269806,
                    "z": 0.046301860362291336
                },
                "rotation": {
                    "x": 0.409576416015625,
                    "y": 0.24644538760185242,
                    "z": 0.21727442741394043,
                    "w": -0.8510602712631226
                }
            }
        },
        {
            "header": {
                "seq": 0,
                "stamp": {
                    "secs": 1687318004,
                    "nsecs": 363838938
                },
                "frame_id": "polhemus_base_0"
            },
            "child_frame_id": "polhemus_station_5",
            "transform": {
                "translation": {
                    "x": 0.18835218250751495,
                    "y": 0.05286412686109543,
                    "z": 0.009573266841471195
                },
                "rotation": {
                    "x": 0.2778032124042511,
                    "y": -0.30600422620773315,
                    "z": 0.08132010698318481,
                    "w": -0.9069585204124451
                }
            }
        }
    ]
}