{
    "transforms": [
        {
            "header": {
                "seq": 0,
                "stamp": {
                    "secs": 1687318019,
                    "nsecs": 138804568
                },
                "frame_id": "polhemus_base_0"
            },
            "child_frame_id": "polhemus_station_0",
            "transform": {
                "translation": {
                    "x": 0.045633770525455475,
                    "y": -0.07045701146125793,
                    "z": 0.14137499034404755
                },
                "rotation": {
                    "x": -0.24370528757572174,
                    "y": -0.5850839614868164,
                    "z": -0.14861668646335602,
                    "w": 0.759076714515686
                }
            }
        },
        {
            "header": {
                "seq": 0,
                "stamp": {
                    "secs": 1687318019,
                    "nsecs": 138804568
                },
                "frame_id": "polhemus_base_0"
            },
            "child_frame_id": "polhemus_station_1",
            "transform": {
                "translation": {
                    "x": 0.13558731973171234,
                    "y": -0.024060357362031937,
                    "z": 0.05080847814679146
                },
                "rotation": {
                    "x": 0.0880679190158844,
                    "y": -0.2858034372329712,
                    "z": 0.10277975350618362,
                    "w": 0.9486815333366394
                }
            }
        },
        {
            "header": {
                "seq": 0,
                "stamp": {
                    "secs": 1687318019,
                    "nsecs": 138804568
                },
                "frame_id": "polhemus_base_0"
            },
            "child_frame_id": "polhemus_station_2",
            "transform": {
                "translation": {
                    "x": 0.14408239722251892,
                    "y": -0.013373885303735733,
                    "z": 0.06143353879451752
                },
                "rotation": {
                    "x": 0.030235111713409424,
                    "y": -0.41277238726615906,
                    "z": -0.13960808515548706,
                    "w": 0.8995634317398071
                }
            }
        },
        {
            "header": {
                "seq": 0,
                "stamp": {
                    "secs": 1687318019,
                    "nsecs": 138804568
                },
                "frame_id": "polhemus_base_0"
            },
            "child_frame_id": "polhemus_station_3",
            "transform": {
                "translation": {
                    "x": 0.12328527122735977,
                    "y": 0.04445880651473999,
                    "z": 0.04050804302096367
                },
                "rotation": {
                    "x": -0.22030529379844666,
                    "y": -0.3459908366203308,
                    "z": -0.09629672765731812,
                    "w": 0.9069082736968994
                }
            }
        },
        {
            "header": {
                "seq": 0,
                "stamp": {
                    "secs": 1687318019,
                    "nsecs": 138804568
                },
                "frame_id": "polhemus_base_0"
            },
            "child_frame_id": "polhemus_station_4",
            "transform": {
                "translation": {
                    "x": 0.13809040188789368,
                    "y": 0.06148133799433708,
                    "z": 0.045538317412137985
                },
                "rotation": {
                    "x": 0.4187868535518646,
                    "y": 0.24550761282444,
                    "z": 0.2195873111486435,
                    "w": -0.8462417125701904
                }
            }
        },
        {
            "header": {
                "seq": 0,
                "stamp": {
                    "secs": 1687318019,
                    "nsecs": 138804568
                },
                "frame_id": "polhemus_base_0"
            },
            "child_frame_id": "polhemus_station_5",
            "transform": {
                "translation": {
                    "x": 0.18832039833068848,
                    "y": 0.052091944962739944,
                    "z": 0.009353125467896461
                },
                "rotation": {
                    "x": 0.28210967779159546,
                    "y": -0.3059702515602112,
                    "z": 0.08583375811576843,
                    "w": -0.9052231311798096
                }
            }
        }
    ]
}