{
    "transforms": [
        {
            "header": {
                "seq": 0,
                "stamp": {
                    "secs": 1687318003,
                    "nsecs": 971579978
                },
                "frame_id": "ra_base"
            },
            "child_frame_id": "ra_tool0_controller",
            "transform": {
                "translation": {
                    "x": -0.6760761448316148,
                    "y": -0.09154312195980051,
                    "z": 0.6376415962785238
                },
                "rotation": {
                    "x": -0.5027993503900234,
                    "y": -0.5053288512150714,
                    "z": 0.49624415928727666,
                    "w": 0.4955575645172724
                }
            }
        }
    ]
}