{
    "transforms": [
        {
            "header": {
                "seq": 0,
                "stamp": {
                    "secs": 1687318004,
                    "nsecs": 355579978
                },
                "frame_id": "ra_base"
            },
            "child_frame_id": "ra_tool0_controller",
            "transform": {
                "translation": {
                    "x": -0.6760692085592663,
                    "y": -0.091540109563535,
                    "z": 0.6376610323820681
                },
                "rotation": {
                    "x": -0.5028031745080452,
                    "y": -0.505302881817671,
                    "z": 0.4962604969024375,
                    "w": 0.4955638047169455
                }
            }
        }
    ]
}