{
    "transforms": [
        {
            "header": {
                "seq": 0,
                "stamp": {
                    "secs": 1687318027,
                    "nsecs": 419153025
                },
                "frame_id": "polhemus_base_0"
            },
            "child_frame_id": "rh_user_forearm",
            "transform": {
                "translation": {
                    "x": -0.1883097141981125,
                    "y": 0.051865242421627045,
                    "z": 0.009228239767253399
                },
                "rotation": {
                    "x": -0.28416163952316675,
                    "y": -0.30596889153541346,
                    "z": 0.08720951733135049,
                    "w": 0.904449943403685
                }
            }
        }
    ]
}