{
    "transforms": [
        {
            "header": {
                "seq": 0,
                "stamp": {
                    "secs": 1687318021,
                    "nsecs": 897181425
                },
                "frame_id": "polhemus_base_0"
            },
            "child_frame_id": "polhemus_station_0",
            "transform": {
                "translation": {
                    "x": 0.04546748846769333,
                    "y": -0.07021383196115494,
                    "z": 0.14148163795471191
                },
                "rotation": {
                    "x": -0.24467630684375763,
                    "y": -0.585767924785614,
                    "z": -0.14793726801872253,
                    "w": 0.7583692073822021
                }
            }
        },
        {
            "header": {
                "seq": 0,
                "stamp": {
                    "secs": 1687318021,
                    "nsecs": 897181425
                },
                "frame_id": "polhemus_base_0"
            },
            "child_frame_id": "polhemus_station_1",
            "transform": {
                "translation": {
                    "x": 0.13558274507522583,
                    "y": -0.023971691727638245,
                    "z": 0.05082198977470398
                },
                "rotation": {
                    "x": 0.08826155215501785,
                    "y": -0.28569597005844116,
                    "z": 0.10334757715463638,
                    "w": 0.9486342668533325
                }
            }
        },
        {
            "header": {
                "seq": 0,
                "stamp": {
                    "secs": 1687318021,
                    "nsecs": 897181425
                },
                "frame_id": "polhemus_base_0"
            },
            "child_frame_id": "polhemus_station_2",
            "transform": {
                "translation": {
                    "x": 0.14404623210430145,
                    "y": -0.013275330886244774,
                    "z": 0.06147473305463791
                },
                "rotation": {
                    "x": 0.03069889545440674,
                    "y": -0.41293537616729736,
                    "z": -0.1386975347995758,
                    "w": 0.8996136784553528
                }
            }
        },
        {
            "header": {
                "seq": 0,
                "stamp": {
                    "secs": 1687318021,
                    "nsecs": 897181425
                },
                "frame_id": "polhemus_base_0"
            },
            "child_frame_id": "polhemus_station_3",
            "transform": {
                "translation": {
                    "x": 0.1233474537730217,
                    "y": 0.04450027272105217,
                    "z": 0.04043097794055939
                },
                "rotation": {
                    "x": -0.22159571945667267,
                    "y": -0.3455686569213867,
                    "z": -0.09666255861520767,
                    "w": 0.9067158699035645
                }
            }
        },
        {
            "header": {
                "seq": 0,
                "stamp": {
                    "secs": 1687318021,
                    "nsecs": 897181425
                },
                "frame_id": "polhemus_base_0"
            },
            "child_frame_id": "polhemus_station_4",
            "transform": {
                "translation": {
                    "x": 0.13819684088230133,
                    "y": 0.06150588020682335,
                    "z": 0.045424606651067734
                },
                "rotation": {
                    "x": 0.42096471786499023,
                    "y": 0.24556128680706024,
                    "z": 0.21981540322303772,
                    "w": -0.8450854420661926
                }
            }
        },
        {
            "header": {
                "seq": 0,
                "stamp": {
                    "secs": 1687318021,
                    "nsecs": 897181425
                },
                "frame_id": "polhemus_base_0"
            },
            "child_frame_id": "polhemus_station_5",
            "transform": {
                "translation": {
                    "x": 0.18830884993076324,
                    "y": 0.052034396678209305,
                    "z": 0.009214055724442005
                },
                "rotation": {
                    "x": 0.28336456418037415,
                    "y": -0.3064210116863251,
                    "z": 0.08591912686824799,
                    "w": -0.9046704769134521
                }
            }
        }
    ]
}