{
    "transforms": [
        {
            "header": {
                "seq": 0,
                "stamp": {
                    "secs": 1687318016,
                    "nsecs": 875184906
                },
                "frame_id": "ra_base"
            },
            "child_frame_id": "ra_tool0_controller",
            "transform": {
                "translation": {
                    "x": -0.672846948794544,
                    "y": -0.7293908074828208,
                    "z": 0.6299405180391352
                },
                "rotation": {
                    "x": -0.4907445665914471,
                    "y": -0.5021572516387277,
                    "z": 0.505010093331756,
                    "w": 0.5019687944690024
                }
            }
        }
    ]
}