{
    "transforms": [
        {
            "header": {
                "seq": 0,
                "stamp": {
                    "secs": 1687317999,
                    "nsecs": 435579978
                },
                "frame_id": "ra_base"
            },
            "child_frame_id": "ra_tool0_controller",
            "transform": {
                "translation": {
                    "x": -0.6760764125331307,
                    "y": -0.09153945375287521,
                    "z": 0.6376371795993391
                },
                "rotation": {
                    "x": -0.5028064626875678,
                    "y": -0.5053122036360284,
                    "z": 0.49625295889109483,
                    "w": 0.4955585119115098
                }
            }
        }
    ]
}