{
    "transforms": [
        {
            "header": {
                "seq": 0,
                "stamp": {
                    "secs": 1687318005,
                    "nsecs": 775184906
                },
                "frame_id": "ra_base"
            },
            "child_frame_id": "ra_tool0_controller",
            "transform": {
                "translation": {
                    "x": -0.6760825428484609,
                    "y": -0.09154947742808643,
                    "z": 0.6376388666095901
                },
                "rotation": {
                    "x": -0.5028068130773553,
                    "y": -0.5053206500113995,
                    "z": 0.49624778380824414,
                    "w": 0.4955547259995171
                }
            }
        }
    ]
}