{
    "transforms": [
        {
            "header": {
                "seq": 0,
                "stamp": {
                    "secs": 1687318016,
                    "nsecs": 893184906
                },
                "frame_id": "ra_base"
            },
            "child_frame_id": "ra_tool0_controller",
            "transform": {
                "translation": {
                    "x": -0.6728254265693983,
                    "y": -0.729393461275434,
                    "z": 0.6299832954090555
                },
                "rotation": {
                    "x": -0.4907422560916424,
                    "y": -0.5021391365911826,
                    "z": 0.505041984109555,
                    "w": 0.5019570896762297
                }
            }
        }
    ]
}