{
    "transforms": [
        {
            "header": {
                "seq": 0,
                "stamp": {
                    "secs": 1687318027,
                    "nsecs": 305459262
                },
                "frame_id": "polhemus_base_0"
            },
            "child_frame_id": "polhemus_station_0",
            "transform": {
                "translation": {
                    "x": 0.045271992683410645,
                    "y": -0.0699593797326088,
                    "z": 0.14165735244750977
                },
                "rotation": {
                    "x": -0.24608877301216125,
                    "y": -0.5864259600639343,
                    "z": -0.1479303538799286,
                    "w": 0.7574045062065125
                }
            }
        },
        {
            "header": {
                "seq": 0,
                "stamp": {
                    "secs": 1687318027,
                    "nsecs": 305459262
                },
                "frame_id": "polhemus_base_0"
            },
            "child_frame_id": "polhemus_station_1",
            "transform": {
                "translation": {
                    "x": 0.13561375439167023,
                    "y": -0.02398945391178131,
                    "z": 0.05080800876021385
                },
                "rotation": {
                    "x": 0.08850038796663284,
                    "y": -0.2854997515678406,
                    "z": 0.10319254547357559,
                    "w": 0.9486878514289856
                }
            }
        },
        {
            "header": {
                "seq": 0,
                "stamp": {
                    "secs": 1687318027,
                    "nsecs": 305459262
                },
                "frame_id": "polhemus_base_0"
            },
            "child_frame_id": "polhemus_station_2",
            "transform": {
                "translation": {
                    "x": 0.1440669745206833,
                    "y": -0.01327676884829998,
                    "z": 0.06148999184370041
                },
                "rotation": {
                    "x": 0.03009946458041668,
                    "y": -0.41280654072761536,
                    "z": -0.13861501216888428,
                    "w": 0.8997060060501099
                }
            }
        },
        {
            "header": {
                "seq": 0,
                "stamp": {
                    "secs": 1687318027,
                    "nsecs": 305459262
                },
                "frame_id": "polhemus_base_0"
            },
            "child_frame_id": "polhemus_station_3",
            "transform": {
                "translation": {
                    "x": 0.12343811988830566,
                    "y": 0.04450180381536484,
                    "z": 0.04032089561223984
                },
                "rotation": {
                    "x": -0.2222788780927658,
                    "y": -0.3449426293373108,
                    "z": -0.09721266478300095,
                    "w": 0.9067283272743225
                }
            }
        },
        {
            "header": {
                "seq": 0,
                "stamp": {
                    "secs": 1687318027,
                    "nsecs": 305459262
                },
                "frame_id": "polhemus_base_0"
            },
            "child_frame_id": "polhemus_station_4",
            "transform": {
                "translation": {
                    "x": 0.13833002746105194,
                    "y": 0.061447277665138245,
                    "z": 0.04530645161867142
                },
                "rotation": {
                    "x": 0.4233549237251282,
                    "y": 0.24554890394210815,
                    "z": 0.22044961154460907,
                    "w": -0.84372878074646
                }
            }
        },
        {
            "header": {
                "seq": 0,
                "stamp": {
                    "secs": 1687318027,
                    "nsecs": 305459262
                },
                "frame_id": "polhemus_base_0"
            },
            "child_frame_id": "polhemus_station_5",
            "transform": {
                "translation": {
                    "x": 0.18830110132694244,
                    "y": 0.051869623363018036,
                    "z": 0.009212582372128963
                },
                "rotation": {
                    "x": 0.2843087315559387,
                    "y": -0.30598947405815125,
                    "z": 0.0871434211730957,
                    "w": -0.9044029712677002
                }
            }
        }
    ]
}