{
    "transforms": [
        {
            "header": {
                "seq": 0,
                "stamp": {
                    "secs": 1687318021,
                    "nsecs": 563799640
                },
                "frame_id": "polhemus_base_0"
            },
            "child_frame_id": "polhemus_station_0",
            "transform": {
                "translation": {
                    "x": 0.04547983780503273,
                    "y": -0.07025772333145142,
                    "z": 0.14146336913108826
                },
                "rotation": {
                    "x": -0.2443966269493103,
                    "y": -0.5857144594192505,
                    "z": -0.14797624945640564,
                    "w": 0.758493185043335
                }
            }
        },
        {
            "header": {
                "seq": 0,
                "stamp": {
                    "secs": 1687318021,
                    "nsecs": 563799640
                },
                "frame_id": "polhemus_base_0"
            },
            "child_frame_id": "polhemus_station_1",
            "transform": {
                "translation": {
                    "x": 0.13558872044086456,
                    "y": -0.023969609290361404,
                    "z": 0.05081189423799515
                },
                "rotation": {
                    "x": 0.08821619302034378,
                    "y": -0.285677433013916,
                    "z": 0.10329899936914444,
                    "w": 0.9486491680145264
                }
            }
        },
        {
            "header": {
                "seq": 0,
                "stamp": {
                    "secs": 1687318021,
                    "nsecs": 563799640
                },
                "frame_id": "polhemus_base_0"
            },
            "child_frame_id": "polhemus_station_2",
            "transform": {
                "translation": {
                    "x": 0.14404906332492828,
                    "y": -0.01327603217214346,
                    "z": 0.06147165596485138
                },
                "rotation": {
                    "x": 0.030726894736289978,
                    "y": -0.4129137694835663,
                    "z": -0.13881179690361023,
                    "w": 0.8996050953865051
                }
            }
        },
        {
            "header": {
                "seq": 0,
                "stamp": {
                    "secs": 1687318021,
                    "nsecs": 563799640
                },
                "frame_id": "polhemus_base_0"
            },
            "child_frame_id": "polhemus_station_3",
            "transform": {
                "translation": {
                    "x": 0.12333992123603821,
                    "y": 0.04448869079351425,
                    "z": 0.04041546955704689
                },
                "rotation": {
                    "x": -0.22108134627342224,
                    "y": -0.345612496137619,
                    "z": -0.09653177112340927,
                    "w": 0.906838595867157
                }
            }
        },
        {
            "header": {
                "seq": 0,
                "stamp": {
                    "secs": 1687318021,
                    "nsecs": 563799640
                },
                "frame_id": "polhemus_base_0"
            },
            "child_frame_id": "polhemus_station_4",
            "transform": {
                "translation": {
                    "x": 0.1381710171699524,
                    "y": 0.061468735337257385,
                    "z": 0.045455243438482285
                },
                "rotation": {
                    "x": 0.42077019810676575,
                    "y": 0.24537387490272522,
                    "z": 0.2199527770280838,
                    "w": -0.8452010750770569
                }
            }
        },
        {
            "header": {
                "seq": 0,
                "stamp": {
                    "secs": 1687318021,
                    "nsecs": 563799640
                },
                "frame_id": "polhemus_base_0"
            },
            "child_frame_id": "polhemus_station_5",
            "transform": {
                "translation": {
                    "x": 0.18829987943172455,
                    "y": 0.05202845484018326,
                    "z": 0.009212588891386986
                },
                "rotation": {
                    "x": 0.28361016511917114,
                    "y": -0.3066454827785492,
                    "z": 0.08572764694690704,
                    "w": -0.9045355319976807
                }
            }
        }
    ]
}