{
    "transforms": [
        {
            "header": {
                "seq": 0,
                "stamp": {
                    "secs": 1687318019,
                    "nsecs": 941184906
                },
                "frame_id": "ra_base"
            },
            "child_frame_id": "ra_tool0_controller",
            "transform": {
                "translation": {
                    "x": -0.6728426366696999,
                    "y": -0.7293911059638198,
                    "z": 0.6299591626650405
                },
                "rotation": {
                    "x": -0.49073276543676075,
                    "y": -0.5021530368747101,
                    "z": 0.5050316299684661,
                    "w": 0.5019628803165523
                }
            }
        }
    ]
}