{
    "transforms": [
        {
            "header": {
                "seq": 0,
                "stamp": {
                    "secs": 1687318018,
                    "nsecs": 251184906
                },
                "frame_id": "ra_base"
            },
            "child_frame_id": "ra_tool0_controller",
            "transform": {
                "translation": {
                    "x": -0.6728464044377668,
                    "y": -0.7293860358658559,
                    "z": 0.6299772775998488
                },
                "rotation": {
                    "x": -0.4907412771567763,
                    "y": -0.5021356187472295,
                    "z": 0.5050314106683333,
                    "w": 0.5019722039298853
                }
            }
        }
    ]
}