{
    "transforms": [
        {
            "header": {
                "seq": 0,
                "stamp": {
                    "secs": 1687318020,
                    "nsecs": 30442165
                },
                "frame_id": "polhemus_base_0"
            },
            "child_frame_id": "polhemus_station_0",
            "transform": {
                "translation": {
                    "x": 0.04553699120879173,
                    "y": -0.07034344226121902,
                    "z": 0.14142034947872162
                },
                "rotation": {
                    "x": -0.24403907358646393,
                    "y": -0.5855846405029297,
                    "z": -0.14816969633102417,
                    "w": 0.7586706876754761
                }
            }
        },
        {
            "header": {
                "seq": 0,
                "stamp": {
                    "secs": 1687318020,
                    "nsecs": 30442165
                },
                "frame_id": "polhemus_base_0"
            },
            "child_frame_id": "polhemus_station_1",
            "transform": {
                "translation": {
                    "x": 0.13559715449810028,
                    "y": -0.024040795862674713,
                    "z": 0.05079677328467369
                },
                "rotation": {
                    "x": 0.08819516003131866,
                    "y": -0.2856643795967102,
                    "z": 0.10294421017169952,
                    "w": 0.9486937522888184
                }
            }
        },
        {
            "header": {
                "seq": 0,
                "stamp": {
                    "secs": 1687318020,
                    "nsecs": 30442165
                },
                "frame_id": "polhemus_base_0"
            },
            "child_frame_id": "polhemus_station_2",
            "transform": {
                "translation": {
                    "x": 0.14406123757362366,
                    "y": -0.013331819325685501,
                    "z": 0.06146928295493126
                },
                "rotation": {
                    "x": 0.030466074123978615,
                    "y": -0.41299551725387573,
                    "z": -0.13922452926635742,
                    "w": 0.8995127081871033
                }
            }
        },
        {
            "header": {
                "seq": 0,
                "stamp": {
                    "secs": 1687318020,
                    "nsecs": 30442165
                },
                "frame_id": "polhemus_base_0"
            },
            "child_frame_id": "polhemus_station_3",
            "transform": {
                "translation": {
                    "x": 0.12330706417560577,
                    "y": 0.04448222741484642,
                    "z": 0.04046567156910896
                },
                "rotation": {
                    "x": -0.22071480751037598,
                    "y": -0.3458096385002136,
                    "z": -0.09638603776693344,
                    "w": 0.9068682789802551
                }
            }
        },
        {
            "header": {
                "seq": 0,
                "stamp": {
                    "secs": 1687318020,
                    "nsecs": 30442165
                },
                "frame_id": "polhemus_base_0"
            },
            "child_frame_id": "polhemus_station_4",
            "transform": {
                "translation": {
                    "x": 0.13813139498233795,
                    "y": 0.0614822618663311,
                    "z": 0.04549756273627281
                },
                "rotation": {
                    "x": 0.4195002615451813,
                    "y": 0.24558529257774353,
                    "z": 0.21946987509727478,
                    "w": -0.8458961844444275
                }
            }
        },
        {
            "header": {
                "seq": 0,
                "stamp": {
                    "secs": 1687318020,
                    "nsecs": 30442165
                },
                "frame_id": "polhemus_base_0"
            },
            "child_frame_id": "polhemus_station_5",
            "transform": {
                "translation": {
                    "x": 0.18831627070903778,
                    "y": 0.05207366496324539,
                    "z": 0.009394938126206398
                },
                "rotation": {
                    "x": 0.2823359966278076,
                    "y": -0.3055059313774109,
                    "z": 0.08617949485778809,
                    "w": -0.9052765369415283
                }
            }
        }
    ]
}