{
    "transforms": [
        {
            "header": {
                "seq": 0,
                "stamp": {
                    "secs": 1687318014,
                    "nsecs": 107184906
                },
                "frame_id": "ra_base"
            },
            "child_frame_id": "ra_tool0_controller",
            "transform": {
                "translation": {
                    "x": -0.6728626830286584,
                    "y": -0.729381954024822,
                    "z": 0.6299478908122544
                },
                "rotation": {
                    "x": -0.4907388436685927,
                    "y": -0.5021523626428213,
                    "z": 0.5050134039283379,
                    "w": 0.5019759494833974
                }
            }
        }
    ]
}