{
    "transforms": [
        {
            "header": {
                "seq": 0,
                "stamp": {
                    "secs": 1687318010,
                    "nsecs": 777184906
                },
                "frame_id": "ra_base"
            },
            "child_frame_id": "ra_tool0_controller",
            "transform": {
                "translation": {
                    "x": -0.7505782509702514,
                    "y": -0.530761641170473,
                    "z": 0.6542034038888702
                },
                "rotation": {
                    "x": -0.4922604903876388,
                    "y": -0.5037794472007612,
                    "z": 0.5018234589920949,
                    "w": 0.5020548716889681
                }
            }
        }
    ]
}