{
    "transforms": [
        {
            "header": {
                "seq": 0,
                "stamp": {
                    "secs": 1687318016,
                    "nsecs": 851184906
                },
                "frame_id": "ra_base"
            },
            "child_frame_id": "ra_tool0_controller",
            "transform": {
                "translation": {
                    "x": -0.6728498196814274,
                    "y": -0.7293888696827823,
                    "z": 0.6299290322341796
                },
                "rotation": {
                    "x": -0.49074160053854426,
                    "y": -0.5021616780055124,
                    "z": 0.5050039491123981,
                    "w": 0.5019734475292875
                }
            }
        }
    ]
}