{
    "transforms": [
        {
            "header": {
                "seq": 0,
                "stamp": {
                    "secs": 1687318020,
                    "nsecs": 943184906
                },
                "frame_id": "ra_base"
            },
            "child_frame_id": "ra_tool0_controller",
            "transform": {
                "translation": {
                    "x": -0.6728438684900314,
                    "y": -0.7293899442368635,
                    "z": 0.6299556128118848
                },
                "rotation": {
                    "x": -0.4907321196690497,
                    "y": -0.50215509381659,
                    "z": 0.5050198814297755,
                    "w": 0.5019732740294333
                }
            }
        }
    ]
}