{
    "transforms": [
        {
            "header": {
                "seq": 0,
                "stamp": {
                    "secs": 1687318003,
                    "nsecs": 695579978
                },
                "frame_id": "ra_base"
            },
            "child_frame_id": "ra_tool0_controller",
            "transform": {
                "translation": {
                    "x": -0.676075372114515,
                    "y": -0.09154324214225956,
                    "z": 0.6376424124008552
                },
                "rotation": {
                    "x": -0.5028051146857354,
                    "y": -0.5053179854165617,
                    "z": 0.4962549569740267,
                    "w": 0.49555198308463966
                }
            }
        }
    ]
}