{
    "transforms": [
        {
            "header": {
                "seq": 0,
                "stamp": {
                    "secs": 1687318020,
                    "nsecs": 527184906
                },
                "frame_id": "ra_base"
            },
            "child_frame_id": "ra_tool0_controller",
            "transform": {
                "translation": {
                    "x": -0.672837780161302,
                    "y": -0.7293844826129718,
                    "z": 0.6299352653012728
                },
                "rotation": {
                    "x": -0.4907401922930457,
                    "y": -0.502171923010436,
                    "z": 0.5050034244669677,
                    "w": 0.5019651030548051
                }
            }
        }
    ]
}