{
    "transforms": [
        {
            "header": {
                "seq": 0,
                "stamp": {
                    "secs": 1687318016,
                    "nsecs": 901184906
                },
                "frame_id": "ra_base"
            },
            "child_frame_id": "ra_tool0_controller",
            "transform": {
                "translation": {
                    "x": -0.6728389179497686,
                    "y": -0.7293941306842178,
                    "z": 0.6299556096661716
                },
                "rotation": {
                    "x": -0.49073396520012824,
                    "y": -0.5021533038192196,
                    "z": 0.505023447975181,
                    "w": 0.5019696722488936
                }
            }
        }
    ]
}