{
    "transforms": [
        {
            "header": {
                "seq": 0,
                "stamp": {
                    "secs": 1687318013,
                    "nsecs": 213184906
                },
                "frame_id": "ra_base"
            },
            "child_frame_id": "ra_tool0_controller",
            "transform": {
                "translation": {
                    "x": -0.672843281013825,
                    "y": -0.7293991821685235,
                    "z": 0.6299645503077355
                },
                "rotation": {
                    "x": -0.49073454370686975,
                    "y": -0.502145411241992,
                    "z": 0.5050275651116255,
                    "w": 0.5019728598827271
                }
            }
        }
    ]
}