{
    "transforms": [
        {
            "header": {
                "seq": 0,
                "stamp": {
                    "secs": 1687318008,
                    "nsecs": 155184906
                },
                "frame_id": "ra_base"
            },
            "child_frame_id": "ra_tool0_controller",
            "transform": {
                "translation": {
                    "x": -0.6995803397555781,
                    "y": -0.1295565032379272,
                    "z": 0.6455143767650874
                },
                "rotation": {
                    "x": -0.5012084849676667,
                    "y": -0.5055488126933901,
                    "z": 0.4965504766779003,
                    "w": 0.49663676534432083
                }
            }
        }
    ]
}