{
    "transforms": [
        {
            "header": {
                "seq": 0,
                "stamp": {
                    "secs": 1687318008,
                    "nsecs": 425184906
                },
                "frame_id": "ra_base"
            },
            "child_frame_id": "ra_tool0_controller",
            "transform": {
                "translation": {
                    "x": -0.7138225444674853,
                    "y": -0.15721939862579778,
                    "z": 0.6499024105264115
                },
                "rotation": {
                    "x": -0.5002290076685039,
                    "y": -0.5056228882818646,
                    "z": 0.4967424996389803,
                    "w": 0.49735633481931935
                }
            }
        }
    ]
}