{
    "transforms": [
        {
            "header": {
                "seq": 0,
                "stamp": {
                    "secs": 1687318021,
                    "nsecs": 311184906
                },
                "frame_id": "ra_base"
            },
            "child_frame_id": "ra_tool0_controller",
            "transform": {
                "translation": {
                    "x": -0.6728413973955852,
                    "y": -0.7294039566856977,
                    "z": 0.6299390902790052
                },
                "rotation": {
                    "x": -0.49073035395722714,
                    "y": -0.5021638549665678,
                    "z": 0.5050190625664591,
                    "w": 0.5019670595911901
                }
            }
        }
    ]
}