{
    "transforms": [
        {
            "header": {
                "seq": 0,
                "stamp": {
                    "secs": 1687317998,
                    "nsecs": 388829615
                },
                "frame_id": "polhemus_base_0"
            },
            "child_frame_id": "polhemus_station_0",
            "transform": {
                "translation": {
                    "x": 0.04723094776272774,
                    "y": -0.07206831127405167,
                    "z": 0.1403636932373047
                },
                "rotation": {
                    "x": -0.23436003923416138,
                    "y": -0.579032301902771,
                    "z": -0.14940300583839417,
                    "w": 0.7664695382118225
                }
            }
        },
        {
            "header": {
                "seq": 0,
                "stamp": {
                    "secs": 1687317998,
                    "nsecs": 388829615
                },
                "frame_id": "polhemus_base_0"
            },
            "child_frame_id": "polhemus_station_1",
            "transform": {
                "translation": {
                    "x": 0.13539732992649078,
                    "y": -0.0238817036151886,
                    "z": 0.05098960921168327
                },
                "rotation": {
                    "x": 0.0858369693160057,
                    "y": -0.2875053882598877,
                    "z": 0.10337305814027786,
                    "w": 0.94830721616745
                }
            }
        },
        {
            "header": {
                "seq": 0,
                "stamp": {
                    "secs": 1687317998,
                    "nsecs": 388829615
                },
                "frame_id": "polhemus_base_0"
            },
            "child_frame_id": "polhemus_station_2",
            "transform": {
                "translation": {
                    "x": 0.1438806653022766,
                    "y": -0.01310812123119831,
                    "z": 0.06158168986439705
                },
                "rotation": {
                    "x": 0.029203683137893677,
                    "y": -0.4146299958229065,
                    "z": -0.13931730389595032,
                    "w": 0.8987879157066345
                }
            }
        },
        {
            "header": {
                "seq": 0,
                "stamp": {
                    "secs": 1687317998,
                    "nsecs": 388829615
                },
                "frame_id": "polhemus_base_0"
            },
            "child_frame_id": "polhemus_station_3",
            "transform": {
                "translation": {
                    "x": 0.12253054976463318,
                    "y": 0.04508787393569946,
                    "z": 0.0421074777841568
                },
                "rotation": {
                    "x": -0.2225402444601059,
                    "y": -0.35351884365081787,
                    "z": -0.09323432296514511,
                    "w": 0.9037739634513855
                }
            }
        },
        {
            "header": {
                "seq": 0,
                "stamp": {
                    "secs": 1687317998,
                    "nsecs": 388829615
                },
                "frame_id": "polhemus_base_0"
            },
            "child_frame_id": "polhemus_station_4",
            "transform": {
                "translation": {
                    "x": 0.13662973046302795,
                    "y": 0.0626252144575119,
                    "z": 0.047067783772945404
                },
                "rotation": {
                    "x": 0.40232881903648376,
                    "y": 0.2509894073009491,
                    "z": 0.2116708606481552,
                    "w": -0.8545942902565002
                }
            }
        },
        {
            "header": {
                "seq": 0,
                "stamp": {
                    "secs": 1687317998,
                    "nsecs": 388829615
                },
                "frame_id": "polhemus_base_0"
            },
            "child_frame_id": "polhemus_station_5",
            "transform": {
                "translation": {
                    "x": 0.18843777477741241,
                    "y": 0.05364733189344406,
                    "z": 0.00965242087841034
                },
                "rotation": {
                    "x": 0.2757352292537689,
                    "y": -0.3053149878978729,
                    "z": 0.07774001359939575,
                    "w": -0.9081350564956665
                }
            }
        }
    ]
}