{
    "transforms": [
        {
            "header": {
                "seq": 0,
                "stamp": {
                    "secs": 1687318021,
                    "nsecs": 677184906
                },
                "frame_id": "ra_base"
            },
            "child_frame_id": "ra_tool0_controller",
            "transform": {
                "translation": {
                    "x": -0.6728550899392846,
                    "y": -0.7293798842032637,
                    "z": 0.6299560883585232
                },
                "rotation": {
                    "x": -0.49073320413502247,
                    "y": -0.5021592940630603,
                    "z": 0.5050098589010298,
                    "w": 0.5019780952972206
                }
            }
        }
    ]
}