{
    "transforms": [
        {
            "header": {
                "seq": 0,
                "stamp": {
                    "secs": 1687318017,
                    "nsecs": 161184906
                },
                "frame_id": "ra_base"
            },
            "child_frame_id": "ra_tool0_controller",
            "transform": {
                "translation": {
                    "x": -0.6728454226321819,
                    "y": -0.7293898532463045,
                    "z": 0.6299294142364497
                },
                "rotation": {
                    "x": -0.49075017310760755,
                    "y": -0.5021608284986111,
                    "z": 0.505008521204515,
                    "w": 0.5019613166642133
                }
            }
        }
    ]
}