{
    "transforms": [
        {
            "header": {
                "seq": 0,
                "stamp": {
                    "secs": 1687318017,
                    "nsecs": 523184906
                },
                "frame_id": "ra_base"
            },
            "child_frame_id": "ra_tool0_controller",
            "transform": {
                "translation": {
                    "x": -0.6728413812795839,
                    "y": -0.7293817566649738,
                    "z": 0.6299603990345344
                },
                "rotation": {
                    "x": -0.4907439057400671,
                    "y": -0.5021622580055833,
                    "z": 0.5050051110181809,
                    "w": 0.5019694447466231
                }
            }
        }
    ]
}