{
    "transforms": [
        {
            "header": {
                "seq": 0,
                "stamp": {
                    "secs": 1687318011,
                    "nsecs": 815184906
                },
                "frame_id": "ra_base"
            },
            "child_frame_id": "ra_tool0_controller",
            "transform": {
                "translation": {
                    "x": -0.6913539044485958,
                    "y": -0.6953227311802875,
                    "z": 0.6353476830779535
                },
                "rotation": {
                    "x": -0.49087254824118304,
                    "y": -0.5024387619081437,
                    "z": 0.5044883994702992,
                    "w": 0.5020865330949587
                }
            }
        }
    ]
}