{
    "transforms": [
        {
            "header": {
                "seq": 0,
                "stamp": {
                    "secs": 1687318002,
                    "nsecs": 241579978
                },
                "frame_id": "ra_base"
            },
            "child_frame_id": "ra_tool0_controller",
            "transform": {
                "translation": {
                    "x": -0.6760875506576709,
                    "y": -0.0915400418302672,
                    "z": 0.6376486531810506
                },
                "rotation": {
                    "x": -0.5027920584930777,
                    "y": -0.5053235206586598,
                    "z": 0.4962514541109706,
                    "w": 0.4955630935392361
                }
            }
        }
    ]
}