{
    "transforms": [
        {
            "header": {
                "seq": 0,
                "stamp": {
                    "secs": 1687318006,
                    "nsecs": 361184906
                },
                "frame_id": "ra_base"
            },
            "child_frame_id": "ra_tool0_controller",
            "transform": {
                "translation": {
                    "x": -0.6760859673387193,
                    "y": -0.0915517709515436,
                    "z": 0.6376536572566922
                },
                "rotation": {
                    "x": -0.5028032894318101,
                    "y": -0.5053217272345903,
                    "z": 0.49625876195632634,
                    "w": 0.49554620904894037
                }
            }
        }
    ]
}