{
    "transforms": [
        {
            "header": {
                "seq": 0,
                "stamp": {
                    "secs": 1687318021,
                    "nsecs": 525184906
                },
                "frame_id": "ra_base"
            },
            "child_frame_id": "ra_tool0_controller",
            "transform": {
                "translation": {
                    "x": -0.67285111561254,
                    "y": -0.7293726209321889,
                    "z": 0.6299537746040339
                },
                "rotation": {
                    "x": -0.4907613228941957,
                    "y": -0.5021384526768057,
                    "z": 0.5050154532360581,
                    "w": 0.5019658258161219
                }
            }
        }
    ]
}