{
    "transforms": [
        {
            "header": {
                "seq": 0,
                "stamp": {
                    "secs": 1687318010,
                    "nsecs": 543184906
                },
                "frame_id": "ra_base"
            },
            "child_frame_id": "ra_tool0_controller",
            "transform": {
                "translation": {
                    "x": -0.7582716623406206,
                    "y": -0.48949274457772246,
                    "z": 0.657151131233076
                },
                "rotation": {
                    "x": -0.4927455791243139,
                    "y": -0.5041262990549664,
                    "z": 0.5012069936511729,
                    "w": 0.5018466084071309
                }
            }
        }
    ]
}