{
    "transforms": [
        {
            "header": {
                "seq": 0,
                "stamp": {
                    "secs": 1687318007,
                    "nsecs": 391184906
                },
                "frame_id": "ra_base"
            },
            "child_frame_id": "ra_tool0_controller",
            "transform": {
                "translation": {
                    "x": -0.6761079681678405,
                    "y": -0.09162867309835593,
                    "z": 0.6376444349322139
                },
                "rotation": {
                    "x": -0.5027985964628995,
                    "y": -0.5053275240277003,
                    "z": 0.49625899938872536,
                    "w": 0.49554482176759085
                }
            }
        }
    ]
}