{
    "transforms": [
        {
            "header": {
                "seq": 0,
                "stamp": {
                    "secs": 1687318020,
                    "nsecs": 221184906
                },
                "frame_id": "ra_base"
            },
            "child_frame_id": "ra_tool0_controller",
            "transform": {
                "translation": {
                    "x": -0.6728412650368928,
                    "y": -0.729385721479521,
                    "z": 0.629964264890186
                },
                "rotation": {
                    "x": -0.4907421787157436,
                    "y": -0.502148403768855,
                    "z": 0.5050186379694312,
                    "w": 0.5019713835720286
                }
            }
        }
    ]
}