{
    "transforms": [
        {
            "header": {
                "seq": 0,
                "stamp": {
                    "secs": 1687318011,
                    "nsecs": 869184906
                },
                "frame_id": "ra_base"
            },
            "child_frame_id": "ra_tool0_controller",
            "transform": {
                "translation": {
                    "x": -0.6885449033752487,
                    "y": -0.7008142000316185,
                    "z": 0.6345484548575485
                },
                "rotation": {
                    "x": -0.49084315098732956,
                    "y": -0.5023805260837197,
                    "z": 0.504587632160897,
                    "w": 0.5020738288448561
                }
            }
        }
    ]
}