{
    "transforms": [
        {
            "header": {
                "seq": 0,
                "stamp": {
                    "secs": 1687318015,
                    "nsecs": 931184906
                },
                "frame_id": "ra_base"
            },
            "child_frame_id": "ra_tool0_controller",
            "transform": {
                "translation": {
                    "x": -0.672850430689505,
                    "y": -0.7293925464706441,
                    "z": 0.629947322995279
                },
                "rotation": {
                    "x": -0.4907467893287063,
                    "y": -0.5021567425036269,
                    "z": 0.5050047565364272,
                    "w": 0.5019724998416711
                }
            }
        }
    ]
}