{
    "transforms": [
        {
            "header": {
                "seq": 0,
                "stamp": {
                    "secs": 1687318024,
                    "nsecs": 363184906
                },
                "frame_id": "ra_base"
            },
            "child_frame_id": "ra_tool0_controller",
            "transform": {
                "translation": {
                    "x": -0.6728449170733579,
                    "y": -0.729389398848289,
                    "z": 0.6299265826329244
                },
                "rotation": {
                    "x": -0.4907425575945145,
                    "y": -0.5021710547292562,
                    "z": 0.5049981482703376,
                    "w": 0.501968967368732
                }
            }
        }
    ]
}