{
    "transforms": [
        {
            "header": {
                "seq": 0,
                "stamp": {
                    "secs": 1687318022,
                    "nsecs": 25184906
                },
                "frame_id": "ra_base"
            },
            "child_frame_id": "ra_tool0_controller",
            "transform": {
                "translation": {
                    "x": -0.6728400287347932,
                    "y": -0.7293869422156148,
                    "z": 0.6299421627166121
                },
                "rotation": {
                    "x": -0.4907379721206206,
                    "y": -0.5021683073006681,
                    "z": 0.5050088498289536,
                    "w": 0.5019654325311259
                }
            }
        }
    ]
}