{
    "transforms": [
        {
            "header": {
                "seq": 0,
                "stamp": {
                    "secs": 1687318025,
                    "nsecs": 201184906
                },
                "frame_id": "ra_base"
            },
            "child_frame_id": "ra_tool0_controller",
            "transform": {
                "translation": {
                    "x": -0.6728413924598812,
                    "y": -0.7293840186176441,
                    "z": 0.6299527585006885
                },
                "rotation": {
                    "x": -0.49074241453227524,
                    "y": -0.5021509313054054,
                    "z": 0.5050083949170512,
                    "w": 0.5019789296688162
                }
            }
        }
    ]
}