{
    "transforms": [
        {
            "header": {
                "seq": 0,
                "stamp": {
                    "secs": 1687318011,
                    "nsecs": 125184906
                },
                "frame_id": "ra_base"
            },
            "child_frame_id": "ra_tool0_controller",
            "transform": {
                "translation": {
                    "x": -0.7337282315096731,
                    "y": -0.5929791849355146,
                    "z": 0.6483140240020219
                },
                "rotation": {
                    "x": -0.4916010415837483,
                    "y": -0.5033473299695771,
                    "z": 0.502780798746363,
                    "w": 0.5021766120980157
                }
            }
        }
    ]
}