{
    "transforms": [
        {
            "header": {
                "seq": 0,
                "stamp": {
                    "secs": 1687318020,
                    "nsecs": 738850631
                },
                "frame_id": "polhemus_base_0"
            },
            "child_frame_id": "polhemus_station_0",
            "transform": {
                "translation": {
                    "x": 0.04549995809793472,
                    "y": -0.07030835002660751,
                    "z": 0.14142994582653046
                },
                "rotation": {
                    "x": -0.244120255112648,
                    "y": -0.5857234597206116,
                    "z": -0.14808034896850586,
                    "w": 0.7585548162460327
                }
            }
        },
        {
            "header": {
                "seq": 0,
                "stamp": {
                    "secs": 1687318020,
                    "nsecs": 738850631
                },
                "frame_id": "polhemus_base_0"
            },
            "child_frame_id": "polhemus_station_1",
            "transform": {
                "translation": {
                    "x": 0.13557827472686768,
                    "y": -0.02403450943529606,
                    "z": 0.05080745369195938
                },
                "rotation": {
                    "x": 0.08819148689508438,
                    "y": -0.28577089309692383,
                    "z": 0.10288894921541214,
                    "w": 0.9486679434776306
                }
            }
        },
        {
            "header": {
                "seq": 0,
                "stamp": {
                    "secs": 1687318020,
                    "nsecs": 738850631
                },
                "frame_id": "polhemus_base_0"
            },
            "child_frame_id": "polhemus_station_2",
            "transform": {
                "translation": {
                    "x": 0.14405027031898499,
                    "y": -0.013297582045197487,
                    "z": 0.06146635487675667
                },
                "rotation": {
                    "x": 0.030455006286501884,
                    "y": -0.41298651695251465,
                    "z": -0.1389087438583374,
                    "w": 0.8995659947395325
                }
            }
        },
        {
            "header": {
                "seq": 0,
                "stamp": {
                    "secs": 1687318020,
                    "nsecs": 738850631
                },
                "frame_id": "polhemus_base_0"
            },
            "child_frame_id": "polhemus_station_3",
            "transform": {
                "translation": {
                    "x": 0.12331762909889221,
                    "y": 0.044470932334661484,
                    "z": 0.040457118302583694
                },
                "rotation": {
                    "x": -0.22077178955078125,
                    "y": -0.3457643389701843,
                    "z": -0.0964268371462822,
                    "w": 0.9068674445152283
                }
            }
        },
        {
            "header": {
                "seq": 0,
                "stamp": {
                    "secs": 1687318020,
                    "nsecs": 738850631
                },
                "frame_id": "polhemus_base_0"
            },
            "child_frame_id": "polhemus_station_4",
            "transform": {
                "translation": {
                    "x": 0.13814491033554077,
                    "y": 0.06148531287908554,
                    "z": 0.04547274857759476
                },
                "rotation": {
                    "x": 0.4200311601161957,
                    "y": 0.2456614375114441,
                    "z": 0.21940147876739502,
                    "w": -0.8456283211708069
                }
            }
        },
        {
            "header": {
                "seq": 0,
                "stamp": {
                    "secs": 1687318020,
                    "nsecs": 738850631
                },
                "frame_id": "polhemus_base_0"
            },
            "child_frame_id": "polhemus_station_5",
            "transform": {
                "translation": {
                    "x": 0.18832553923130035,
                    "y": 0.05206455662846565,
                    "z": 0.009220574051141739
                },
                "rotation": {
                    "x": 0.28326985239982605,
                    "y": -0.30634263157844543,
                    "z": 0.08585162460803986,
                    "w": -0.9047330617904663
                }
            }
        }
    ]
}