{
    "transforms": [
        {
            "header": {
                "seq": 0,
                "stamp": {
                    "secs": 1687318018,
                    "nsecs": 163821199
                },
                "frame_id": "polhemus_base_0"
            },
            "child_frame_id": "polhemus_station_0",
            "transform": {
                "translation": {
                    "x": 0.04595398157835007,
                    "y": -0.07054325938224792,
                    "z": 0.14131532609462738
                },
                "rotation": {
                    "x": -0.24311749637126923,
                    "y": -0.5837215781211853,
                    "z": -0.1485559344291687,
                    "w": 0.7603249549865723
                }
            }
        },
        {
            "header": {
                "seq": 0,
                "stamp": {
                    "secs": 1687318018,
                    "nsecs": 163821199
                },
                "frame_id": "polhemus_base_0"
            },
            "child_frame_id": "polhemus_station_1",
            "transform": {
                "translation": {
                    "x": 0.13558800518512726,
                    "y": -0.024082589894533157,
                    "z": 0.0507848747074604
                },
                "rotation": {
                    "x": 0.08814533054828644,
                    "y": -0.2857893705368042,
                    "z": 0.10270228236913681,
                    "w": 0.948686957359314
                }
            }
        },
        {
            "header": {
                "seq": 0,
                "stamp": {
                    "secs": 1687318018,
                    "nsecs": 163821199
                },
                "frame_id": "polhemus_base_0"
            },
            "child_frame_id": "polhemus_station_2",
            "transform": {
                "translation": {
                    "x": 0.14408133924007416,
                    "y": -0.013374092057347298,
                    "z": 0.06142158806324005
                },
                "rotation": {
                    "x": 0.03032294102013111,
                    "y": -0.41276872158050537,
                    "z": -0.13958269357681274,
                    "w": 0.8995660543441772
                }
            }
        },
        {
            "header": {
                "seq": 0,
                "stamp": {
                    "secs": 1687318018,
                    "nsecs": 163821199
                },
                "frame_id": "polhemus_base_0"
            },
            "child_frame_id": "polhemus_station_3",
            "transform": {
                "translation": {
                    "x": 0.12327087670564651,
                    "y": 0.04443957284092903,
                    "z": 0.040538083761930466
                },
                "rotation": {
                    "x": -0.2201349288225174,
                    "y": -0.3460286855697632,
                    "z": -0.09635235369205475,
                    "w": 0.9069292545318604
                }
            }
        },
        {
            "header": {
                "seq": 0,
                "stamp": {
                    "secs": 1687318018,
                    "nsecs": 163821199
                },
                "frame_id": "polhemus_base_0"
            },
            "child_frame_id": "polhemus_station_4",
            "transform": {
                "translation": {
                    "x": 0.13807392120361328,
                    "y": 0.061468686908483505,
                    "z": 0.045584630221128464
                },
                "rotation": {
                    "x": 0.41817358136177063,
                    "y": 0.24529299139976501,
                    "z": 0.21964484453201294,
                    "w": -0.8465923070907593
                }
            }
        },
        {
            "header": {
                "seq": 0,
                "stamp": {
                    "secs": 1687318018,
                    "nsecs": 163821199
                },
                "frame_id": "polhemus_base_0"
            },
            "child_frame_id": "polhemus_station_5",
            "transform": {
                "translation": {
                    "x": 0.18832355737686157,
                    "y": 0.05216033384203911,
                    "z": 0.009284663014113903
                },
                "rotation": {
                    "x": 0.28199589252471924,
                    "y": -0.30646395683288574,
                    "z": 0.08512085676193237,
                    "w": -0.9051588177680969
                }
            }
        }
    ]
}