{
    "transforms": [
        {
            "header": {
                "seq": 0,
                "stamp": {
                    "secs": 1687318023,
                    "nsecs": 947184906
                },
                "frame_id": "ra_base"
            },
            "child_frame_id": "ra_tool0_controller",
            "transform": {
                "translation": {
                    "x": -0.6728397152730073,
                    "y": -0.729403814189495,
                    "z": 0.6299373359017112
                },
                "rotation": {
                    "x": -0.49073348101587966,
                    "y": -0.5021679580029619,
                    "z": 0.5050209318284685,
                    "w": 0.5019580171491218
                }
            }
        }
    ]
}