{
    "transforms": [
        {
            "header": {
                "seq": 0,
                "stamp": {
                    "secs": 1687318009,
                    "nsecs": 747224465
                },
                "frame_id": "polhemus_base_0"
            },
            "child_frame_id": "polhemus_station_0",
            "transform": {
                "translation": {
                    "x": 0.04662470147013664,
                    "y": -0.07128529250621796,
                    "z": 0.1408531218767166
                },
                "rotation": {
                    "x": -0.23951424658298492,
                    "y": -0.5812109112739563,
                    "z": -0.14914506673812866,
                    "w": 0.7632709741592407
                }
            }
        },
        {
            "header": {
                "seq": 0,
                "stamp": {
                    "secs": 1687318009,
                    "nsecs": 747224465
                },
                "frame_id": "polhemus_base_0"
            },
            "child_frame_id": "polhemus_station_1",
            "transform": {
                "translation": {
                    "x": 0.13559392094612122,
                    "y": -0.024164725095033646,
                    "z": 0.05074988305568695
                },
                "rotation": {
                    "x": 0.0878232792019844,
                    "y": -0.2859727144241333,
                    "z": 0.10219494998455048,
                    "w": 0.9487163424491882
                }
            }
        },
        {
            "header": {
                "seq": 0,
                "stamp": {
                    "secs": 1687318009,
                    "nsecs": 747224465
                },
                "frame_id": "polhemus_base_0"
            },
            "child_frame_id": "polhemus_station_2",
            "transform": {
                "translation": {
                    "x": 0.14410509169101715,
                    "y": -0.013471684418618679,
                    "z": 0.06139558181166649
                },
                "rotation": {
                    "x": 0.03125232830643654,
                    "y": -0.41290152072906494,
                    "z": -0.14072273671627045,
                    "w": 0.8992956876754761
                }
            }
        },
        {
            "header": {
                "seq": 0,
                "stamp": {
                    "secs": 1687318009,
                    "nsecs": 747224465
                },
                "frame_id": "polhemus_base_0"
            },
            "child_frame_id": "polhemus_station_3",
            "transform": {
                "translation": {
                    "x": 0.12300532311201096,
                    "y": 0.044497907161712646,
                    "z": 0.04095083847641945
                },
                "rotation": {
                    "x": -0.22086995840072632,
                    "y": -0.34839171171188354,
                    "z": -0.09510879218578339,
                    "w": 0.9059767723083496
                }
            }
        },
        {
            "header": {
                "seq": 0,
                "stamp": {
                    "secs": 1687318009,
                    "nsecs": 747224465
                },
                "frame_id": "polhemus_base_0"
            },
            "child_frame_id": "polhemus_station_4",
            "transform": {
                "translation": {
                    "x": 0.1377248466014862,
                    "y": 0.061641354113817215,
                    "z": 0.04602636396884918
                },
                "rotation": {
                    "x": 0.4119518995285034,
                    "y": 0.24510647356510162,
                    "z": 0.2184566706418991,
                    "w": -0.8499971628189087
                }
            }
        },
        {
            "header": {
                "seq": 0,
                "stamp": {
                    "secs": 1687318009,
                    "nsecs": 747224465
                },
                "frame_id": "polhemus_base_0"
            },
            "child_frame_id": "polhemus_station_5",
            "transform": {
                "translation": {
                    "x": 0.1883549988269806,
                    "y": 0.05262218788266182,
                    "z": 0.009471203200519085
                },
                "rotation": {
                    "x": 0.27898573875427246,
                    "y": -0.3062613606452942,
                    "z": 0.08251789212226868,
                    "w": -0.9064004421234131
                }
            }
        }
    ]
}