{
    "transforms": [
        {
            "header": {
                "seq": 0,
                "stamp": {
                    "secs": 1687318015,
                    "nsecs": 683184906
                },
                "frame_id": "ra_base"
            },
            "child_frame_id": "ra_tool0_controller",
            "transform": {
                "translation": {
                    "x": -0.6728412300873792,
                    "y": -0.7293861257686757,
                    "z": 0.6299343837632813
                },
                "rotation": {
                    "x": -0.49075032531262575,
                    "y": -0.5021486013784009,
                    "z": 0.5050206954801381,
                    "w": 0.5019611513613631
                }
            }
        }
    ]
}