{
    "transforms": [
        {
            "header": {
                "seq": 0,
                "stamp": {
                    "secs": 1687318006,
                    "nsecs": 139184906
                },
                "frame_id": "ra_base"
            },
            "child_frame_id": "ra_tool0_controller",
            "transform": {
                "translation": {
                    "x": -0.676084334972674,
                    "y": -0.0915423402373295,
                    "z": 0.6376371825714712
                },
                "rotation": {
                    "x": -0.5028094403142095,
                    "y": -0.5053158993911633,
                    "z": 0.49625883453176745,
                    "w": 0.4955458381447502
                }
            }
        }
    ]
}