{
    "transforms": [
        {
            "header": {
                "seq": 0,
                "stamp": {
                    "secs": 1687318017,
                    "nsecs": 745184906
                },
                "frame_id": "ra_base"
            },
            "child_frame_id": "ra_tool0_controller",
            "transform": {
                "translation": {
                    "x": -0.6728396962360943,
                    "y": -0.7293816975655505,
                    "z": 0.629948687704279
                },
                "rotation": {
                    "x": -0.49074008337944797,
                    "y": -0.5021705688472818,
                    "z": 0.505003009246499,
                    "w": 0.501966981982192
                }
            }
        }
    ]
}