{
    "transforms": [
        {
            "header": {
                "seq": 0,
                "stamp": {
                    "secs": 1687318024,
                    "nsecs": 735184906
                },
                "frame_id": "ra_base"
            },
            "child_frame_id": "ra_tool0_controller",
            "transform": {
                "translation": {
                    "x": -0.6728300784517931,
                    "y": -0.7293956432351032,
                    "z": 0.6299220899272769
                },
                "rotation": {
                    "x": -0.4907237534813038,
                    "y": -0.502192467462339,
                    "z": 0.5049982615384986,
                    "w": 0.5019658148085407
                }
            }
        }
    ]
}