{
    "transforms": [
        {
            "header": {
                "seq": 0,
                "stamp": {
                    "secs": 1687318003,
                    "nsecs": 173579978
                },
                "frame_id": "ra_base"
            },
            "child_frame_id": "ra_tool0_controller",
            "transform": {
                "translation": {
                    "x": -0.6760714262110489,
                    "y": -0.09154161705028631,
                    "z": 0.6376301968935361
                },
                "rotation": {
                    "x": -0.5028072396743343,
                    "y": -0.5053212330971193,
                    "z": 0.4962500507278078,
                    "w": 0.49555142847633055
                }
            }
        }
    ]
}