{
    "transforms": [
        {
            "header": {
                "seq": 0,
                "stamp": {
                    "secs": 1687318014,
                    "nsecs": 217184906
                },
                "frame_id": "ra_base"
            },
            "child_frame_id": "ra_tool0_controller",
            "transform": {
                "translation": {
                    "x": -0.6728230790110108,
                    "y": -0.7293893791738187,
                    "z": 0.6299808269758531
                },
                "rotation": {
                    "x": -0.4907353988555686,
                    "y": -0.5021562307686027,
                    "z": 0.5050166222584596,
                    "w": 0.501972209841334
                }
            }
        }
    ]
}