{
    "transforms": [
        {
            "header": {
                "seq": 0,
                "stamp": {
                    "secs": 1687318009,
                    "nsecs": 663788750
                },
                "frame_id": "polhemus_base_0"
            },
            "child_frame_id": "polhemus_station_0",
            "transform": {
                "translation": {
                    "x": 0.0466294102370739,
                    "y": -0.07128003984689713,
                    "z": 0.14085383713245392
                },
                "rotation": {
                    "x": -0.23950745165348053,
                    "y": -0.5812225341796875,
                    "z": -0.14910249412059784,
                    "w": 0.7632726430892944
                }
            }
        },
        {
            "header": {
                "seq": 0,
                "stamp": {
                    "secs": 1687318009,
                    "nsecs": 663788750
                },
                "frame_id": "polhemus_base_0"
            },
            "child_frame_id": "polhemus_station_1",
            "transform": {
                "translation": {
                    "x": 0.13559319078922272,
                    "y": -0.024164345115423203,
                    "z": 0.05074981600046158
                },
                "rotation": {
                    "x": 0.08778011798858643,
                    "y": -0.2859634757041931,
                    "z": 0.10218944400548935,
                    "w": 0.9487237930297852
                }
            }
        },
        {
            "header": {
                "seq": 0,
                "stamp": {
                    "secs": 1687318009,
                    "nsecs": 663788750
                },
                "frame_id": "polhemus_base_0"
            },
            "child_frame_id": "polhemus_station_2",
            "transform": {
                "translation": {
                    "x": 0.14409911632537842,
                    "y": -0.013474395498633385,
                    "z": 0.06140339747071266
                },
                "rotation": {
                    "x": 0.03125259280204773,
                    "y": -0.4129653573036194,
                    "z": -0.14073267579078674,
                    "w": 0.8992648124694824
                }
            }
        },
        {
            "header": {
                "seq": 0,
                "stamp": {
                    "secs": 1687318009,
                    "nsecs": 663788750
                },
                "frame_id": "polhemus_base_0"
            },
            "child_frame_id": "polhemus_station_3",
            "transform": {
                "translation": {
                    "x": 0.12300296872854233,
                    "y": 0.044500481337308884,
                    "z": 0.04095769673585892
                },
                "rotation": {
                    "x": -0.2208602875471115,
                    "y": -0.3484395146369934,
                    "z": -0.09507320076227188,
                    "w": 0.9059643745422363
                }
            }
        },
        {
            "header": {
                "seq": 0,
                "stamp": {
                    "secs": 1687318009,
                    "nsecs": 663788750
                },
                "frame_id": "polhemus_base_0"
            },
            "child_frame_id": "polhemus_station_4",
            "transform": {
                "translation": {
                    "x": 0.13772061467170715,
                    "y": 0.061635080724954605,
                    "z": 0.04604330286383629
                },
                "rotation": {
                    "x": 0.4119360148906708,
                    "y": 0.24517065286636353,
                    "z": 0.21853341162204742,
                    "w": -0.8499665856361389
                }
            }
        },
        {
            "header": {
                "seq": 0,
                "stamp": {
                    "secs": 1687318009,
                    "nsecs": 663788750
                },
                "frame_id": "polhemus_base_0"
            },
            "child_frame_id": "polhemus_station_5",
            "transform": {
                "translation": {
                    "x": 0.18835248053073883,
                    "y": 0.05263359844684601,
                    "z": 0.009467448107898235
                },
                "rotation": {
                    "x": 0.27897608280181885,
                    "y": -0.30627673864364624,
                    "z": 0.08252662420272827,
                    "w": -0.9063973426818848
                }
            }
        }
    ]
}