{
    "transforms": [
        {
            "header": {
                "seq": 0,
                "stamp": {
                    "secs": 1687318003,
                    "nsecs": 861579978
                },
                "frame_id": "ra_base"
            },
            "child_frame_id": "ra_tool0_controller",
            "transform": {
                "translation": {
                    "x": -0.6760739107618208,
                    "y": -0.0915398350527764,
                    "z": 0.6376389819995885
                },
                "rotation": {
                    "x": -0.5028103543145026,
                    "y": -0.5053182282899229,
                    "z": 0.4962390927633196,
                    "w": 0.49556230543242025
                }
            }
        }
    ]
}