{
    "transforms": [
        {
            "header": {
                "seq": 0,
                "stamp": {
                    "secs": 1687318003,
                    "nsecs": 715579978
                },
                "frame_id": "ra_base"
            },
            "child_frame_id": "ra_tool0_controller",
            "transform": {
                "translation": {
                    "x": -0.6760853763500109,
                    "y": -0.0915363505560916,
                    "z": 0.6376440350835371
                },
                "rotation": {
                    "x": -0.5028075887473216,
                    "y": -0.5053064088358215,
                    "z": 0.49625111375253234,
                    "w": 0.49556512587844725
                }
            }
        }
    ]
}