{
    "transforms": [
        {
            "header": {
                "seq": 0,
                "stamp": {
                    "secs": 1687318014,
                    "nsecs": 73184906
                },
                "frame_id": "ra_base"
            },
            "child_frame_id": "ra_tool0_controller",
            "transform": {
                "translation": {
                    "x": -0.6728448385887869,
                    "y": -0.7293794407116266,
                    "z": 0.6299659981360547
                },
                "rotation": {
                    "x": -0.49074209284886394,
                    "y": -0.5021537540739102,
                    "z": 0.5050081844778114,
                    "w": 0.5019766321117161
                }
            }
        }
    ]
}