{
    "transforms": [
        {
            "header": {
                "seq": 0,
                "stamp": {
                    "secs": 1687318018,
                    "nsecs": 335184906
                },
                "frame_id": "ra_base"
            },
            "child_frame_id": "ra_tool0_controller",
            "transform": {
                "translation": {
                    "x": -0.6728365315778703,
                    "y": -0.7293866919757975,
                    "z": 0.6299764973120277
                },
                "rotation": {
                    "x": -0.4907356783017185,
                    "y": -0.5021426169031126,
                    "z": 0.5050278970541288,
                    "w": 0.5019742120154488
                }
            }
        }
    ]
}