{
    "transforms": [
        {
            "header": {
                "seq": 0,
                "stamp": {
                    "secs": 1687318018,
                    "nsecs": 13804382
                },
                "frame_id": "polhemus_base_0"
            },
            "child_frame_id": "polhemus_station_0",
            "transform": {
                "translation": {
                    "x": 0.04594752937555313,
                    "y": -0.07053519040346146,
                    "z": 0.14131978154182434
                },
                "rotation": {
                    "x": -0.24312938749790192,
                    "y": -0.5837805271148682,
                    "z": -0.14853541553020477,
                    "w": 0.7602799534797668
                }
            }
        },
        {
            "header": {
                "seq": 0,
                "stamp": {
                    "secs": 1687318018,
                    "nsecs": 13804382
                },
                "frame_id": "polhemus_base_0"
            },
            "child_frame_id": "polhemus_station_1",
            "transform": {
                "translation": {
                    "x": 0.13559260964393616,
                    "y": -0.024080360308289528,
                    "z": 0.05078063905239105
                },
                "rotation": {
                    "x": 0.08814390748739243,
                    "y": -0.28576385974884033,
                    "z": 0.1027073860168457,
                    "w": 0.9486942291259766
                }
            }
        },
        {
            "header": {
                "seq": 0,
                "stamp": {
                    "secs": 1687318018,
                    "nsecs": 13804382
                },
                "frame_id": "polhemus_base_0"
            },
            "child_frame_id": "polhemus_station_2",
            "transform": {
                "translation": {
                    "x": 0.14408062398433685,
                    "y": -0.013369208201766014,
                    "z": 0.06142557039856911
                },
                "rotation": {
                    "x": 0.03038734197616577,
                    "y": -0.4127929210662842,
                    "z": -0.13956515491008759,
                    "w": 0.8995556235313416
                }
            }
        },
        {
            "header": {
                "seq": 0,
                "stamp": {
                    "secs": 1687318018,
                    "nsecs": 13804382
                },
                "frame_id": "polhemus_base_0"
            },
            "child_frame_id": "polhemus_station_3",
            "transform": {
                "translation": {
                    "x": 0.12326376140117645,
                    "y": 0.04445209726691246,
                    "z": 0.04054912552237511
                },
                "rotation": {
                    "x": -0.22007329761981964,
                    "y": -0.34607064723968506,
                    "z": -0.09630772471427917,
                    "w": 0.9069330096244812
                }
            }
        },
        {
            "header": {
                "seq": 0,
                "stamp": {
                    "secs": 1687318018,
                    "nsecs": 13804382
                },
                "frame_id": "polhemus_base_0"
            },
            "child_frame_id": "polhemus_station_4",
            "transform": {
                "translation": {
                    "x": 0.13806436955928802,
                    "y": 0.06145897135138512,
                    "z": 0.04560807719826698
                },
                "rotation": {
                    "x": 0.41807830333709717,
                    "y": 0.24533943831920624,
                    "z": 0.2197495698928833,
                    "w": -0.8465986251831055
                }
            }
        },
        {
            "header": {
                "seq": 0,
                "stamp": {
                    "secs": 1687318018,
                    "nsecs": 13804382
                },
                "frame_id": "polhemus_base_0"
            },
            "child_frame_id": "polhemus_station_5",
            "transform": {
                "translation": {
                    "x": 0.1883259266614914,
                    "y": 0.05215514078736305,
                    "z": 0.00931287370622158
                },
                "rotation": {
                    "x": 0.28174862265586853,
                    "y": -0.3063657581806183,
                    "z": 0.08510881662368774,
                    "w": -0.9052703380584717
                }
            }
        }
    ]
}