{
    "transforms": [
        {
            "header": {
                "seq": 0,
                "stamp": {
                    "secs": 1687318017,
                    "nsecs": 511184906
                },
                "frame_id": "ra_base"
            },
            "child_frame_id": "ra_tool0_controller",
            "transform": {
                "translation": {
                    "x": -0.6728252062698894,
                    "y": -0.7293899025505924,
                    "z": 0.6299472692973
                },
                "rotation": {
                    "x": -0.49073474013678714,
                    "y": -0.5021626499171246,
                    "z": 0.5050044836679286,
                    "w": 0.5019786442931414
                }
            }
        }
    ]
}