{
    "transforms": [
        {
            "header": {
                "seq": 0,
                "stamp": {
                    "secs": 1687318018,
                    "nsecs": 973184906
                },
                "frame_id": "ra_base"
            },
            "child_frame_id": "ra_tool0_controller",
            "transform": {
                "translation": {
                    "x": -0.6728367459473232,
                    "y": -0.7293997973294805,
                    "z": 0.6299413911101905
                },
                "rotation": {
                    "x": -0.49073173387922275,
                    "y": -0.5021702732914137,
                    "z": 0.5050127042633487,
                    "w": 0.5019656865951481
                }
            }
        }
    ]
}