{
    "transforms": [
        {
            "header": {
                "seq": 0,
                "stamp": {
                    "secs": 1687317998,
                    "nsecs": 627579978
                },
                "frame_id": "ra_base"
            },
            "child_frame_id": "ra_tool0_controller",
            "transform": {
                "translation": {
                    "x": -0.6760782049576869,
                    "y": -0.09153914464600207,
                    "z": 0.6376216664761416
                },
                "rotation": {
                    "x": -0.5028321917413638,
                    "y": -0.5053157942474313,
                    "z": 0.49624104007320874,
                    "w": 0.49554067964166576
                }
            }
        }
    ]
}