{
    "transforms": [
        {
            "header": {
                "seq": 0,
                "stamp": {
                    "secs": 1687318022,
                    "nsecs": 441184906
                },
                "frame_id": "ra_base"
            },
            "child_frame_id": "ra_tool0_controller",
            "transform": {
                "translation": {
                    "x": -0.6728358501011352,
                    "y": -0.7293907912105033,
                    "z": 0.6299478107389668
                },
                "rotation": {
                    "x": -0.4907330652274258,
                    "y": -0.5021676002965632,
                    "z": 0.5050048517875976,
                    "w": 0.5019749591123774
                }
            }
        }
    ]
}