{
    "transforms": [
        {
            "header": {
                "seq": 0,
                "stamp": {
                    "secs": 1687318017,
                    "nsecs": 885184906
                },
                "frame_id": "ra_base"
            },
            "child_frame_id": "ra_tool0_controller",
            "transform": {
                "translation": {
                    "x": -0.6728479974739129,
                    "y": -0.7293719112156948,
                    "z": 0.6299854845805812
                },
                "rotation": {
                    "x": -0.49073749238682773,
                    "y": -0.5021425715819001,
                    "z": 0.5050184714009499,
                    "w": 0.5019819667227624
                }
            }
        }
    ]
}