{
    "transforms": [
        {
            "header": {
                "seq": 0,
                "stamp": {
                    "secs": 1687318014,
                    "nsecs": 59184906
                },
                "frame_id": "ra_base"
            },
            "child_frame_id": "ra_tool0_controller",
            "transform": {
                "translation": {
                    "x": -0.6728500918580658,
                    "y": -0.72939183794368,
                    "z": 0.6299650538793444
                },
                "rotation": {
                    "x": -0.4907338352026723,
                    "y": -0.5021531180675228,
                    "z": 0.5050237309763178,
                    "w": 0.501969700433304
                }
            }
        }
    ]
}