{
    "transforms": [
        {
            "header": {
                "seq": 0,
                "stamp": {
                    "secs": 1687318014,
                    "nsecs": 547184906
                },
                "frame_id": "ra_base"
            },
            "child_frame_id": "ra_tool0_controller",
            "transform": {
                "translation": {
                    "x": -0.6728386496842115,
                    "y": -0.7294028741201258,
                    "z": 0.629948860519302
                },
                "rotation": {
                    "x": -0.4907320372414,
                    "y": -0.5021602308074492,
                    "z": 0.5050285461335597,
                    "w": 0.5019594981774301
                }
            }
        }
    ]
}