{
    "transforms": [
        {
            "header": {
                "seq": 0,
                "stamp": {
                    "secs": 1687318013,
                    "nsecs": 99184906
                },
                "frame_id": "ra_base"
            },
            "child_frame_id": "ra_tool0_controller",
            "transform": {
                "translation": {
                    "x": -0.6728362700696642,
                    "y": -0.7293974662474675,
                    "z": 0.6299361966675162
                },
                "rotation": {
                    "x": -0.49073641788685723,
                    "y": -0.5021742700542818,
                    "z": 0.5050007281439837,
                    "w": 0.5019691576472316
                }
            }
        }
    ]
}