{
    "transforms": [
        {
            "header": {
                "seq": 0,
                "stamp": {
                    "secs": 1687318022,
                    "nsecs": 401184906
                },
                "frame_id": "ra_base"
            },
            "child_frame_id": "ra_tool0_controller",
            "transform": {
                "translation": {
                    "x": -0.6728416801003292,
                    "y": -0.729386960415041,
                    "z": 0.6299699231221164
                },
                "rotation": {
                    "x": -0.4907527806369308,
                    "y": -0.5021347790775856,
                    "z": 0.5050361726230779,
                    "w": 0.5019570064059844
                }
            }
        }
    ]
}