{
    "transforms": [
        {
            "header": {
                "seq": 0,
                "stamp": {
                    "secs": 1687318008,
                    "nsecs": 735184906
                },
                "frame_id": "ra_base"
            },
            "child_frame_id": "ra_tool0_controller",
            "transform": {
                "translation": {
                    "x": -0.7318843141671119,
                    "y": -0.20017385453798733,
                    "z": 0.6551349508036967
                },
                "rotation": {
                    "x": -0.4987939743086792,
                    "y": -0.5055791839460854,
                    "z": 0.4972018743279895,
                    "w": 0.49838193799384134
                }
            }
        }
    ]
}