{
    "transforms": [
        {
            "header": {
                "seq": 0,
                "stamp": {
                    "secs": 1687318000,
                    "nsecs": 803579978
                },
                "frame_id": "ra_base"
            },
            "child_frame_id": "ra_tool0_controller",
            "transform": {
                "translation": {
                    "x": -0.6760838981743322,
                    "y": -0.0915326944291096,
                    "z": 0.6376274920615678
                },
                "rotation": {
                    "x": -0.5028107162425632,
                    "y": -0.505320111453498,
                    "z": 0.49624877375730164,
                    "w": 0.49555032351582556
                }
            }
        }
    ]
}