{
    "transforms": [
        {
            "header": {
                "seq": 0,
                "stamp": {
                    "secs": 1687318011,
                    "nsecs": 75184906
                },
                "frame_id": "ra_base"
            },
            "child_frame_id": "ra_tool0_controller",
            "transform": {
                "translation": {
                    "x": -0.7366674354576856,
                    "y": -0.5838348221555535,
                    "z": 0.6492317322374314
                },
                "rotation": {
                    "x": -0.49172615754313376,
                    "y": -0.5033820430481452,
                    "z": 0.5026087339536143,
                    "w": 0.5021915623326277
                }
            }
        }
    ]
}