{
    "transforms": [
        {
            "header": {
                "seq": 0,
                "stamp": {
                    "secs": 1687318009,
                    "nsecs": 1184906
                },
                "frame_id": "ra_base"
            },
            "child_frame_id": "ra_tool0_controller",
            "transform": {
                "translation": {
                    "x": -0.744134800991213,
                    "y": -0.23793951108581604,
                    "z": 0.6581395211300746
                },
                "rotation": {
                    "x": -0.49772498752019034,
                    "y": -0.5055704137294128,
                    "z": 0.49762245274363776,
                    "w": 0.4990393652658102
                }
            }
        }
    ]
}