{
    "transforms": [
        {
            "header": {
                "seq": 0,
                "stamp": {
                    "secs": 1687318004,
                    "nsecs": 249579978
                },
                "frame_id": "ra_base"
            },
            "child_frame_id": "ra_tool0_controller",
            "transform": {
                "translation": {
                    "x": -0.6760706382799667,
                    "y": -0.09155446339888174,
                    "z": 0.6376392864892846
                },
                "rotation": {
                    "x": -0.502791651978907,
                    "y": -0.5053350557347929,
                    "z": 0.4962474097467349,
                    "w": 0.49555579349402396
                }
            }
        }
    ]
}