{
    "transforms": [
        {
            "header": {
                "seq": 0,
                "stamp": {
                    "secs": 1687318002,
                    "nsecs": 888846341
                },
                "frame_id": "polhemus_base_0"
            },
            "child_frame_id": "polhemus_station_0",
            "transform": {
                "translation": {
                    "x": 0.04713283106684685,
                    "y": -0.07186243683099747,
                    "z": 0.14049555361270905
                },
                "rotation": {
                    "x": -0.23656630516052246,
                    "y": -0.5791518092155457,
                    "z": -0.149807408452034,
                    "w": 0.7656221985816956
                }
            }
        },
        {
            "header": {
                "seq": 0,
                "stamp": {
                    "secs": 1687318002,
                    "nsecs": 888846341
                },
                "frame_id": "polhemus_base_0"
            },
            "child_frame_id": "polhemus_station_1",
            "transform": {
                "translation": {
                    "x": 0.1355026513338089,
                    "y": -0.024030275642871857,
                    "z": 0.050889648497104645
                },
                "rotation": {
                    "x": 0.08680163323879242,
                    "y": -0.2867330312728882,
                    "z": 0.10263753682374954,
                    "w": 0.9485331177711487
                }
            }
        },
        {
            "header": {
                "seq": 0,
                "stamp": {
                    "secs": 1687318002,
                    "nsecs": 888846341
                },
                "frame_id": "polhemus_base_0"
            },
            "child_frame_id": "polhemus_station_2",
            "transform": {
                "translation": {
                    "x": 0.14399060606956482,
                    "y": -0.013331003487110138,
                    "z": 0.0615314282476902
                },
                "rotation": {
                    "x": 0.030506912618875504,
                    "y": -0.41381382942199707,
                    "z": -0.14032766222953796,
                    "w": 0.8989636301994324
                }
            }
        },
        {
            "header": {
                "seq": 0,
                "stamp": {
                    "secs": 1687318002,
                    "nsecs": 888846341
                },
                "frame_id": "polhemus_base_0"
            },
            "child_frame_id": "polhemus_station_3",
            "transform": {
                "translation": {
                    "x": 0.1227506473660469,
                    "y": 0.04462519288063049,
                    "z": 0.04166374355554581
                },
                "rotation": {
                    "x": -0.2232479453086853,
                    "y": -0.3515240252017975,
                    "z": -0.09653333574533463,
                    "w": 0.9040310978889465
                }
            }
        },
        {
            "header": {
                "seq": 0,
                "stamp": {
                    "secs": 1687318002,
                    "nsecs": 888846341
                },
                "frame_id": "polhemus_base_0"
            },
            "child_frame_id": "polhemus_station_4",
            "transform": {
                "translation": {
                    "x": 0.13704387843608856,
                    "y": 0.06206676736474037,
                    "z": 0.04665159806609154
                },
                "rotation": {
                    "x": 0.4059479832649231,
                    "y": 0.24911415576934814,
                    "z": 0.21482864022254944,
                    "w": -0.8526411056518555
                }
            }
        },
        {
            "header": {
                "seq": 0,
                "stamp": {
                    "secs": 1687318002,
                    "nsecs": 888846341
                },
                "frame_id": "polhemus_base_0"
            },
            "child_frame_id": "polhemus_station_5",
            "transform": {
                "translation": {
                    "x": 0.1883726418018341,
                    "y": 0.053282078355550766,
                    "z": 0.009557092562317848
                },
                "rotation": {
                    "x": 0.2766534984111786,
                    "y": -0.30606621503829956,
                    "z": 0.07889705896377563,
                    "w": -0.9075030088424683
                }
            }
        }
    ]
}