{
    "transforms": [
        {
            "header": {
                "seq": 0,
                "stamp": {
                    "secs": 1687318009,
                    "nsecs": 935184906
                },
                "frame_id": "ra_base"
            },
            "child_frame_id": "ra_tool0_controller",
            "transform": {
                "translation": {
                    "x": -0.765459364287371,
                    "y": -0.38488105625614355,
                    "z": 0.6614620675701032
                },
                "rotation": {
                    "x": -0.49440658002175325,
                    "y": -0.5048455115194656,
                    "z": 0.499628494254268,
                    "w": 0.5010633800818571
                }
            }
        }
    ]
}