{
    "transforms": [
        {
            "header": {
                "seq": 0,
                "stamp": {
                    "secs": 1687318024,
                    "nsecs": 438809606
                },
                "frame_id": "polhemus_base_0"
            },
            "child_frame_id": "polhemus_station_0",
            "transform": {
                "translation": {
                    "x": 0.04528617858886719,
                    "y": -0.07006420940160751,
                    "z": 0.14158445596694946
                },
                "rotation": {
                    "x": -0.24545344710350037,
                    "y": -0.5865281820297241,
                    "z": -0.14791393280029297,
                    "w": 0.7575346827507019
                }
            }
        },
        {
            "header": {
                "seq": 0,
                "stamp": {
                    "secs": 1687318024,
                    "nsecs": 438809606
                },
                "frame_id": "polhemus_base_0"
            },
            "child_frame_id": "polhemus_station_1",
            "transform": {
                "translation": {
                    "x": 0.1355939507484436,
                    "y": -0.02397470735013485,
                    "z": 0.05083298683166504
                },
                "rotation": {
                    "x": 0.0883304700255394,
                    "y": -0.28569501638412476,
                    "z": 0.10330088436603546,
                    "w": 0.9486331939697266
                }
            }
        },
        {
            "header": {
                "seq": 0,
                "stamp": {
                    "secs": 1687318024,
                    "nsecs": 438809606
                },
                "frame_id": "polhemus_base_0"
            },
            "child_frame_id": "polhemus_station_2",
            "transform": {
                "translation": {
                    "x": 0.14405876398086548,
                    "y": -0.013252796605229378,
                    "z": 0.0614839643239975
                },
                "rotation": {
                    "x": 0.03035086952149868,
                    "y": -0.4128972589969635,
                    "z": -0.13850916922092438,
                    "w": 0.8996721506118774
                }
            }
        },
        {
            "header": {
                "seq": 0,
                "stamp": {
                    "secs": 1687318024,
                    "nsecs": 438809606
                },
                "frame_id": "polhemus_base_0"
            },
            "child_frame_id": "polhemus_station_3",
            "transform": {
                "translation": {
                    "x": 0.12340061366558075,
                    "y": 0.044505733996629715,
                    "z": 0.04038301855325699
                },
                "rotation": {
                    "x": -0.2221175730228424,
                    "y": -0.3451696038246155,
                    "z": -0.0970594584941864,
                    "w": 0.9066978096961975
                }
            }
        },
        {
            "header": {
                "seq": 0,
                "stamp": {
                    "secs": 1687318024,
                    "nsecs": 438809606
                },
                "frame_id": "polhemus_base_0"
            },
            "child_frame_id": "polhemus_station_4",
            "transform": {
                "translation": {
                    "x": 0.13825644552707672,
                    "y": 0.06151361018419266,
                    "z": 0.04538233205676079
                },
                "rotation": {
                    "x": 0.4224005341529846,
                    "y": 0.24564608931541443,
                    "z": 0.22017423808574677,
                    "w": -0.8442506194114685
                }
            }
        },
        {
            "header": {
                "seq": 0,
                "stamp": {
                    "secs": 1687318024,
                    "nsecs": 438809606
                },
                "frame_id": "polhemus_base_0"
            },
            "child_frame_id": "polhemus_station_5",
            "transform": {
                "translation": {
                    "x": 0.18830761313438416,
                    "y": 0.05193297937512398,
                    "z": 0.009223752655088902
                },
                "rotation": {
                    "x": 0.2837076485157013,
                    "y": -0.3062027096748352,
                    "z": 0.08662153780460358,
                    "w": -0.9045697450637817
                }
            }
        }
    ]
}