{
    "transforms": [
        {
            "header": {
                "seq": 0,
                "stamp": {
                    "secs": 1687318017,
                    "nsecs": 22162822
                },
                "frame_id": "polhemus_base_0"
            },
            "child_frame_id": "polhemus_station_0",
            "transform": {
                "translation": {
                    "x": 0.045959874987602234,
                    "y": -0.07060007750988007,
                    "z": 0.1412844955921173
                },
                "rotation": {
                    "x": -0.24278758466243744,
                    "y": -0.5838029980659485,
                    "z": -0.14849165081977844,
                    "w": 0.7603805065155029
                }
            }
        },
        {
            "header": {
                "seq": 0,
                "stamp": {
                    "secs": 1687318017,
                    "nsecs": 22162822
                },
                "frame_id": "polhemus_base_0"
            },
            "child_frame_id": "polhemus_station_1",
            "transform": {
                "translation": {
                    "x": 0.13557817041873932,
                    "y": -0.024064477533102036,
                    "z": 0.05079461261630058
                },
                "rotation": {
                    "x": 0.08803805708885193,
                    "y": -0.2859196960926056,
                    "z": 0.10281987488269806,
                    "w": 0.9486448764801025
                }
            }
        },
        {
            "header": {
                "seq": 0,
                "stamp": {
                    "secs": 1687318017,
                    "nsecs": 22162822
                },
                "frame_id": "polhemus_base_0"
            },
            "child_frame_id": "polhemus_station_2",
            "transform": {
                "translation": {
                    "x": 0.14407064020633698,
                    "y": -0.01337819080799818,
                    "z": 0.06142604723572731
                },
                "rotation": {
                    "x": 0.030402572825551033,
                    "y": -0.4129040837287903,
                    "z": -0.13969087600708008,
                    "w": 0.8994845151901245
                }
            }
        },
        {
            "header": {
                "seq": 0,
                "stamp": {
                    "secs": 1687318017,
                    "nsecs": 22162822
                },
                "frame_id": "polhemus_base_0"
            },
            "child_frame_id": "polhemus_station_3",
            "transform": {
                "translation": {
                    "x": 0.12324291467666626,
                    "y": 0.044467244297266006,
                    "z": 0.04057399183511734
                },
                "rotation": {
                    "x": -0.22003856301307678,
                    "y": -0.34629684686660767,
                    "z": -0.09612754732370377,
                    "w": 0.9068742394447327
                }
            }
        },
        {
            "header": {
                "seq": 0,
                "stamp": {
                    "secs": 1687318017,
                    "nsecs": 22162822
                },
                "frame_id": "polhemus_base_0"
            },
            "child_frame_id": "polhemus_station_4",
            "transform": {
                "translation": {
                    "x": 0.13803240656852722,
                    "y": 0.06149127334356308,
                    "z": 0.0456421785056591
                },
                "rotation": {
                    "x": 0.4174630641937256,
                    "y": 0.2454160749912262,
                    "z": 0.21947506070137024,
                    "w": -0.8469511270523071
                }
            }
        },
        {
            "header": {
                "seq": 0,
                "stamp": {
                    "secs": 1687318017,
                    "nsecs": 22162822
                },
                "frame_id": "polhemus_base_0"
            },
            "child_frame_id": "polhemus_station_5",
            "transform": {
                "translation": {
                    "x": 0.18832454085350037,
                    "y": 0.052157387137413025,
                    "z": 0.009339307434856892
                },
                "rotation": {
                    "x": 0.2814745008945465,
                    "y": -0.30622851848602295,
                    "z": 0.08517035841941833,
                    "w": -0.9053961634635925
                }
            }
        }
    ]
}