{
    "transforms": [
        {
            "header": {
                "seq": 0,
                "stamp": {
                    "secs": 1687318009,
                    "nsecs": 287184906
                },
                "frame_id": "ra_base"
            },
            "child_frame_id": "ra_tool0_controller",
            "transform": {
                "translation": {
                    "x": -0.7544077745776955,
                    "y": -0.28067030522642467,
                    "z": 0.6605104158645304
                },
                "rotation": {
                    "x": -0.4965745838375634,
                    "y": -0.5054069693658109,
                    "z": 0.49820067200783535,
                    "w": 0.49977351711946305
                }
            }
        }
    ]
}