{
    "transforms": [
        {
            "header": {
                "seq": 0,
                "stamp": {
                    "secs": 1687318016,
                    "nsecs": 411184906
                },
                "frame_id": "ra_base"
            },
            "child_frame_id": "ra_tool0_controller",
            "transform": {
                "translation": {
                    "x": -0.6728387305507088,
                    "y": -0.7293853394065118,
                    "z": 0.6299478236116184
                },
                "rotation": {
                    "x": -0.4907406704074833,
                    "y": -0.5021642709059656,
                    "z": 0.5050110050559197,
                    "w": 0.5019646643000917
                }
            }
        }
    ]
}