{
    "transforms": [
        {
            "header": {
                "seq": 0,
                "stamp": {
                    "secs": 1687318022,
                    "nsecs": 433184906
                },
                "frame_id": "ra_base"
            },
            "child_frame_id": "ra_tool0_controller",
            "transform": {
                "translation": {
                    "x": -0.6728363265069122,
                    "y": -0.7294037105631638,
                    "z": 0.6299293671995878
                },
                "rotation": {
                    "x": -0.49074745459130303,
                    "y": -0.5021545453719397,
                    "z": 0.505028708755158,
                    "w": 0.5019499494048736
                }
            }
        }
    ]
}