{
    "transforms": [
        {
            "header": {
                "seq": 0,
                "stamp": {
                    "secs": 1687318013,
                    "nsecs": 745184906
                },
                "frame_id": "ra_base"
            },
            "child_frame_id": "ra_tool0_controller",
            "transform": {
                "translation": {
                    "x": -0.6728459894281986,
                    "y": -0.7293858640348133,
                    "z": 0.6299437389104502
                },
                "rotation": {
                    "x": -0.4907401954570045,
                    "y": -0.5021692531703326,
                    "z": 0.504998106248457,
                    "w": 0.5019731212113292
                }
            }
        }
    ]
}