{
    "transforms": [
        {
            "header": {
                "seq": 0,
                "stamp": {
                    "secs": 1687318007,
                    "nsecs": 972206362
                },
                "frame_id": "polhemus_base_0"
            },
            "child_frame_id": "polhemus_station_0",
            "transform": {
                "translation": {
                    "x": 0.046630073338747025,
                    "y": -0.07137901335954666,
                    "z": 0.14079512655735016
                },
                "rotation": {
                    "x": -0.2387784868478775,
                    "y": -0.5813085436820984,
                    "z": -0.14906993508338928,
                    "w": 0.763441801071167
                }
            }
        },
        {
            "header": {
                "seq": 0,
                "stamp": {
                    "secs": 1687318007,
                    "nsecs": 972206362
                },
                "frame_id": "polhemus_base_0"
            },
            "child_frame_id": "polhemus_station_1",
            "transform": {
                "translation": {
                    "x": 0.13557365536689758,
                    "y": -0.024148892611265182,
                    "z": 0.050770103931427
                },
                "rotation": {
                    "x": 0.08767594397068024,
                    "y": -0.28608155250549316,
                    "z": 0.10228810459375381,
                    "w": 0.9486871957778931
                }
            }
        },
        {
            "header": {
                "seq": 0,
                "stamp": {
                    "secs": 1687318007,
                    "nsecs": 972206362
                },
                "frame_id": "polhemus_base_0"
            },
            "child_frame_id": "polhemus_station_2",
            "transform": {
                "translation": {
                    "x": 0.14407965540885925,
                    "y": -0.013460545800626278,
                    "z": 0.061415474861860275
                },
                "rotation": {
                    "x": 0.031419944018125534,
                    "y": -0.4130520522594452,
                    "z": -0.14073197543621063,
                    "w": 0.899219274520874
                }
            }
        },
        {
            "header": {
                "seq": 0,
                "stamp": {
                    "secs": 1687318007,
                    "nsecs": 972206362
                },
                "frame_id": "polhemus_base_0"
            },
            "child_frame_id": "polhemus_station_3",
            "transform": {
                "translation": {
                    "x": 0.12295833975076675,
                    "y": 0.044469933956861496,
                    "z": 0.04106907546520233
                },
                "rotation": {
                    "x": -0.2220957726240158,
                    "y": -0.34924179315567017,
                    "z": -0.0961049497127533,
                    "w": 0.9052442908287048
                }
            }
        },
        {
            "header": {
                "seq": 0,
                "stamp": {
                    "secs": 1687318007,
                    "nsecs": 972206362
                },
                "frame_id": "polhemus_base_0"
            },
            "child_frame_id": "polhemus_station_4",
            "transform": {
                "translation": {
                    "x": 0.13758213818073273,
                    "y": 0.061718590557575226,
                    "z": 0.046174515038728714
                },
                "rotation": {
                    "x": 0.41129404306411743,
                    "y": 0.2462502419948578,
                    "z": 0.21806681156158447,
                    "w": -0.8500851988792419
                }
            }
        },
        {
            "header": {
                "seq": 0,
                "stamp": {
                    "secs": 1687318007,
                    "nsecs": 972206362
                },
                "frame_id": "polhemus_base_0"
            },
            "child_frame_id": "polhemus_station_5",
            "transform": {
                "translation": {
                    "x": 0.18836194276809692,
                    "y": 0.05273764207959175,
                    "z": 0.009543024934828281
                },
                "rotation": {
                    "x": 0.2787898778915405,
                    "y": -0.30591416358947754,
                    "z": 0.08216919004917145,
                    "w": -0.9066096544265747
                }
            }
        }
    ]
}