{
    "transforms": [
        {
            "header": {
                "seq": 0,
                "stamp": {
                    "secs": 1687318025,
                    "nsecs": 643184906
                },
                "frame_id": "ra_base"
            },
            "child_frame_id": "ra_tool0_controller",
            "transform": {
                "translation": {
                    "x": -0.6728239325254094,
                    "y": -0.7293958440212595,
                    "z": 0.6299352536785263
                },
                "rotation": {
                    "x": -0.49073770621568674,
                    "y": -0.502174402574511,
                    "z": 0.5050042099932256,
                    "w": 0.5019642626584262
                }
            }
        }
    ]
}