{
    "transforms": [
        {
            "header": {
                "seq": 0,
                "stamp": {
                    "secs": 1687318005,
                    "nsecs": 333184906
                },
                "frame_id": "ra_base"
            },
            "child_frame_id": "ra_tool0_controller",
            "transform": {
                "translation": {
                    "x": -0.6760883037878086,
                    "y": -0.09154575727709734,
                    "z": 0.6376442753967211
                },
                "rotation": {
                    "x": -0.5027943444328347,
                    "y": -0.5053229455170787,
                    "z": 0.4962613441855464,
                    "w": 0.49555145666969247
                }
            }
        }
    ]
}