{
    "transforms": [
        {
            "header": {
                "seq": 0,
                "stamp": {
                    "secs": 1687318002,
                    "nsecs": 997157283
                },
                "frame_id": "polhemus_base_0"
            },
            "child_frame_id": "polhemus_station_0",
            "transform": {
                "translation": {
                    "x": 0.0470912791788578,
                    "y": -0.07185766845941544,
                    "z": 0.14050476253032684
                },
                "rotation": {
                    "x": -0.23663315176963806,
                    "y": -0.5793171525001526,
                    "z": -0.14995628595352173,
                    "w": 0.765447199344635
                }
            }
        },
        {
            "header": {
                "seq": 0,
                "stamp": {
                    "secs": 1687318002,
                    "nsecs": 997157283
                },
                "frame_id": "polhemus_base_0"
            },
            "child_frame_id": "polhemus_station_1",
            "transform": {
                "translation": {
                    "x": 0.13550864160060883,
                    "y": -0.02404549904167652,
                    "z": 0.05088683217763901
                },
                "rotation": {
                    "x": 0.08685611933469772,
                    "y": -0.2867295742034912,
                    "z": 0.10259561985731125,
                    "w": 0.9485337734222412
                }
            }
        },
        {
            "header": {
                "seq": 0,
                "stamp": {
                    "secs": 1687318002,
                    "nsecs": 997157283
                },
                "frame_id": "polhemus_base_0"
            },
            "child_frame_id": "polhemus_station_2",
            "transform": {
                "translation": {
                    "x": 0.14402373135089874,
                    "y": -0.013379715383052826,
                    "z": 0.06149797514081001
                },
                "rotation": {
                    "x": 0.030486728996038437,
                    "y": -0.4135414958000183,
                    "z": -0.1405668556690216,
                    "w": 0.8990523219108582
                }
            }
        },
        {
            "header": {
                "seq": 0,
                "stamp": {
                    "secs": 1687318002,
                    "nsecs": 997157283
                },
                "frame_id": "polhemus_base_0"
            },
            "child_frame_id": "polhemus_station_3",
            "transform": {
                "translation": {
                    "x": 0.12277936935424805,
                    "y": 0.04458237439393997,
                    "z": 0.041609641164541245
                },
                "rotation": {
                    "x": -0.22335553169250488,
                    "y": -0.35133498907089233,
                    "z": -0.09681052714586258,
                    "w": 0.9040483236312866
                }
            }
        },
        {
            "header": {
                "seq": 0,
                "stamp": {
                    "secs": 1687318002,
                    "nsecs": 997157283
                },
                "frame_id": "polhemus_base_0"
            },
            "child_frame_id": "polhemus_station_4",
            "transform": {
                "translation": {
                    "x": 0.13708502054214478,
                    "y": 0.06200943887233734,
                    "z": 0.04660969227552414
                },
                "rotation": {
                    "x": 0.4062650501728058,
                    "y": 0.24880436062812805,
                    "z": 0.2151825726032257,
                    "w": -0.8524913191795349
                }
            }
        },
        {
            "header": {
                "seq": 0,
                "stamp": {
                    "secs": 1687318002,
                    "nsecs": 997157283
                },
                "frame_id": "polhemus_base_0"
            },
            "child_frame_id": "polhemus_station_5",
            "transform": {
                "translation": {
                    "x": 0.18840569257736206,
                    "y": 0.053159020841121674,
                    "z": 0.009663131088018417
                },
                "rotation": {
                    "x": 0.27642497420310974,
                    "y": -0.3059031367301941,
                    "z": 0.07935629785060883,
                    "w": -0.907587468624115
                }
            }
        }
    ]
}