{
    "transforms": [
        {
            "header": {
                "seq": 0,
                "stamp": {
                    "secs": 1687318017,
                    "nsecs": 607184906
                },
                "frame_id": "ra_base"
            },
            "child_frame_id": "ra_tool0_controller",
            "transform": {
                "translation": {
                    "x": -0.6728446594483276,
                    "y": -0.7293874268565709,
                    "z": 0.6299642784965348
                },
                "rotation": {
                    "x": -0.4907538567756398,
                    "y": -0.5021234551555311,
                    "z": 0.5050380445978265,
                    "w": 0.5019653985598109
                }
            }
        }
    ]
}