{
    "transforms": [
        {
            "header": {
                "seq": 0,
                "stamp": {
                    "secs": 1687318024,
                    "nsecs": 947148729
                },
                "frame_id": "polhemus_base_0"
            },
            "child_frame_id": "polhemus_station_0",
            "transform": {
                "translation": {
                    "x": 0.045285385102033615,
                    "y": -0.07005928456783295,
                    "z": 0.14158867299556732
                },
                "rotation": {
                    "x": -0.24551080167293549,
                    "y": -0.5864238142967224,
                    "z": -0.14798080921173096,
                    "w": 0.7575838565826416
                }
            }
        },
        {
            "header": {
                "seq": 0,
                "stamp": {
                    "secs": 1687318024,
                    "nsecs": 947148729
                },
                "frame_id": "polhemus_base_0"
            },
            "child_frame_id": "polhemus_station_1",
            "transform": {
                "translation": {
                    "x": 0.1355893611907959,
                    "y": -0.023989150300621986,
                    "z": 0.05084250122308731
                },
                "rotation": {
                    "x": 0.08837708830833435,
                    "y": -0.2857666015625,
                    "z": 0.10323069244623184,
                    "w": 0.9486148357391357
                }
            }
        },
        {
            "header": {
                "seq": 0,
                "stamp": {
                    "secs": 1687318024,
                    "nsecs": 947148729
                },
                "frame_id": "polhemus_base_0"
            },
            "child_frame_id": "polhemus_station_2",
            "transform": {
                "translation": {
                    "x": 0.14406655728816986,
                    "y": -0.013249434530735016,
                    "z": 0.0614815428853035
                },
                "rotation": {
                    "x": 0.030295681208372116,
                    "y": -0.4128098785877228,
                    "z": -0.13848011195659637,
                    "w": 0.8997185826301575
                }
            }
        },
        {
            "header": {
                "seq": 0,
                "stamp": {
                    "secs": 1687318024,
                    "nsecs": 947148729
                },
                "frame_id": "polhemus_base_0"
            },
            "child_frame_id": "polhemus_station_3",
            "transform": {
                "translation": {
                    "x": 0.12340520322322845,
                    "y": 0.04451602324843407,
                    "z": 0.04037117585539818
                },
                "rotation": {
                    "x": -0.22213314473628998,
                    "y": -0.34515196084976196,
                    "z": -0.09701064229011536,
                    "w": 0.9067059755325317
                }
            }
        },
        {
            "header": {
                "seq": 0,
                "stamp": {
                    "secs": 1687318024,
                    "nsecs": 947148729
                },
                "frame_id": "polhemus_base_0"
            },
            "child_frame_id": "polhemus_station_4",
            "transform": {
                "translation": {
                    "x": 0.13827601075172424,
                    "y": 0.06149604916572571,
                    "z": 0.045367155224084854
                },
                "rotation": {
                    "x": 0.42254695296287537,
                    "y": 0.24555853009223938,
                    "z": 0.2202569544315338,
                    "w": -0.8441811800003052
                }
            }
        },
        {
            "header": {
                "seq": 0,
                "stamp": {
                    "secs": 1687318024,
                    "nsecs": 947148729
                },
                "frame_id": "polhemus_base_0"
            },
            "child_frame_id": "polhemus_station_5",
            "transform": {
                "translation": {
                    "x": 0.1883256435394287,
                    "y": 0.05189892649650574,
                    "z": 0.009240145795047283
                },
                "rotation": {
                    "x": 0.2833995521068573,
                    "y": -0.30597370862960815,
                    "z": 0.08693203330039978,
                    "w": -0.9047139883041382
                }
            }
        }
    ]
}