{
    "transforms": [
        {
            "header": {
                "seq": 0,
                "stamp": {
                    "secs": 1687318026,
                    "nsecs": 430468128
                },
                "frame_id": "polhemus_base_0"
            },
            "child_frame_id": "polhemus_station_0",
            "transform": {
                "translation": {
                    "x": 0.04525311663746834,
                    "y": -0.06998254358768463,
                    "z": 0.14164404571056366
                },
                "rotation": {
                    "x": -0.24585506319999695,
                    "y": -0.5865837335586548,
                    "z": -0.14799532294273376,
                    "w": 0.7573454976081848
                }
            }
        },
        {
            "header": {
                "seq": 0,
                "stamp": {
                    "secs": 1687318026,
                    "nsecs": 430468128
                },
                "frame_id": "polhemus_base_0"
            },
            "child_frame_id": "polhemus_station_1",
            "transform": {
                "translation": {
                    "x": 0.135590597987175,
                    "y": -0.02398012951016426,
                    "z": 0.05085427314043045
                },
                "rotation": {
                    "x": 0.08839920163154602,
                    "y": -0.2856999635696411,
                    "z": 0.10327648371458054,
                    "w": 0.9486279487609863
                }
            }
        },
        {
            "header": {
                "seq": 0,
                "stamp": {
                    "secs": 1687318026,
                    "nsecs": 430468128
                },
                "frame_id": "polhemus_base_0"
            },
            "child_frame_id": "polhemus_station_2",
            "transform": {
                "translation": {
                    "x": 0.14406582713127136,
                    "y": -0.013258039020001888,
                    "z": 0.06149831786751747
                },
                "rotation": {
                    "x": 0.03021114505827427,
                    "y": -0.4128519892692566,
                    "z": -0.1384986788034439,
                    "w": 0.8996992111206055
                }
            }
        },
        {
            "header": {
                "seq": 0,
                "stamp": {
                    "secs": 1687318026,
                    "nsecs": 430468128
                },
                "frame_id": "polhemus_base_0"
            },
            "child_frame_id": "polhemus_station_3",
            "transform": {
                "translation": {
                    "x": 0.12342403829097748,
                    "y": 0.044503480195999146,
                    "z": 0.04034356772899628
                },
                "rotation": {
                    "x": -0.22221983969211578,
                    "y": -0.3450169563293457,
                    "z": -0.0972030758857727,
                    "w": 0.906715452671051
                }
            }
        },
        {
            "header": {
                "seq": 0,
                "stamp": {
                    "secs": 1687318026,
                    "nsecs": 430468128
                },
                "frame_id": "polhemus_base_0"
            },
            "child_frame_id": "polhemus_station_4",
            "transform": {
                "translation": {
                    "x": 0.13829979300498962,
                    "y": 0.061483196914196014,
                    "z": 0.045336514711380005
                },
                "rotation": {
                    "x": 0.4230758845806122,
                    "y": 0.24558964371681213,
                    "z": 0.22032229602336884,
                    "w": -0.8438900709152222
                }
            }
        },
        {
            "header": {
                "seq": 0,
                "stamp": {
                    "secs": 1687318026,
                    "nsecs": 430468128
                },
                "frame_id": "polhemus_base_0"
            },
            "child_frame_id": "polhemus_station_5",
            "transform": {
                "translation": {
                    "x": 0.18833237886428833,
                    "y": 0.05183783918619156,
                    "z": 0.009257013909518719
                },
                "rotation": {
                    "x": 0.28359827399253845,
                    "y": -0.30602723360061646,
                    "z": 0.08720332384109497,
                    "w": -0.9046075940132141
                }
            }
        }
    ]
}