{
    "transforms": [
        {
            "header": {
                "seq": 0,
                "stamp": {
                    "secs": 1687318021,
                    "nsecs": 179184906
                },
                "frame_id": "ra_base"
            },
            "child_frame_id": "ra_tool0_controller",
            "transform": {
                "translation": {
                    "x": -0.6728416379693082,
                    "y": -0.7293935587818302,
                    "z": 0.6299684801289553
                },
                "rotation": {
                    "x": -0.49073472311417493,
                    "y": -0.5021474895008338,
                    "z": 0.5050329749024877,
                    "w": 0.501965162714712
                }
            }
        }
    ]
}