{
    "transforms": [
        {
            "header": {
                "seq": 0,
                "stamp": {
                    "secs": 1687318000,
                    "nsecs": 225579978
                },
                "frame_id": "ra_base"
            },
            "child_frame_id": "ra_tool0_controller",
            "transform": {
                "translation": {
                    "x": -0.6760756876617706,
                    "y": -0.09155330788025545,
                    "z": 0.6376481308657725
                },
                "rotation": {
                    "x": -0.5027978230838295,
                    "y": -0.5053192948125784,
                    "z": 0.49626131375112104,
                    "w": 0.4955516803183014
                }
            }
        }
    ]
}