{
    "transforms": [
        {
            "header": {
                "seq": 0,
                "stamp": {
                    "secs": 1687318011,
                    "nsecs": 575184906
                },
                "frame_id": "ra_base"
            },
            "child_frame_id": "ra_tool0_controller",
            "transform": {
                "translation": {
                    "x": -0.7044245077671386,
                    "y": -0.6682794895832156,
                    "z": 0.639281052238473
                },
                "rotation": {
                    "x": -0.4910400675621136,
                    "y": -0.5026344191891072,
                    "z": 0.5040620533717992,
                    "w": 0.502155094612839
                }
            }
        }
    ]
}