{
    "transforms": [
        {
            "header": {
                "seq": 0,
                "stamp": {
                    "secs": 1687318026,
                    "nsecs": 155525858
                },
                "frame_id": "polhemus_base_0"
            },
            "child_frame_id": "polhemus_station_0",
            "transform": {
                "translation": {
                    "x": 0.045245423913002014,
                    "y": -0.07002007216215134,
                    "z": 0.14162997901439667
                },
                "rotation": {
                    "x": -0.245771124958992,
                    "y": -0.5865296125411987,
                    "z": -0.14813843369483948,
                    "w": 0.7573866248130798
                }
            }
        },
        {
            "header": {
                "seq": 0,
                "stamp": {
                    "secs": 1687318026,
                    "nsecs": 155525858
                },
                "frame_id": "polhemus_base_0"
            },
            "child_frame_id": "polhemus_station_1",
            "transform": {
                "translation": {
                    "x": 0.13559196889400482,
                    "y": -0.02397635020315647,
                    "z": 0.050854217261075974
                },
                "rotation": {
                    "x": 0.08840887248516083,
                    "y": -0.2857018709182739,
                    "z": 0.10331528633832932,
                    "w": 0.9486222863197327
                }
            }
        },
        {
            "header": {
                "seq": 0,
                "stamp": {
                    "secs": 1687318026,
                    "nsecs": 155525858
                },
                "frame_id": "polhemus_base_0"
            },
            "child_frame_id": "polhemus_station_2",
            "transform": {
                "translation": {
                    "x": 0.14406229555606842,
                    "y": -0.01325956266373396,
                    "z": 0.061504773795604706
                },
                "rotation": {
                    "x": 0.03020457923412323,
                    "y": -0.4128938913345337,
                    "z": -0.13851940631866455,
                    "w": 0.899677038192749
                }
            }
        },
        {
            "header": {
                "seq": 0,
                "stamp": {
                    "secs": 1687318026,
                    "nsecs": 155525858
                },
                "frame_id": "polhemus_base_0"
            },
            "child_frame_id": "polhemus_station_3",
            "transform": {
                "translation": {
                    "x": 0.1234184205532074,
                    "y": 0.04451398551464081,
                    "z": 0.04035191237926483
                },
                "rotation": {
                    "x": -0.2222425639629364,
                    "y": -0.3450711965560913,
                    "z": -0.09712188690900803,
                    "w": 0.9066979289054871
                }
            }
        },
        {
            "header": {
                "seq": 0,
                "stamp": {
                    "secs": 1687318026,
                    "nsecs": 155525858
                },
                "frame_id": "polhemus_base_0"
            },
            "child_frame_id": "polhemus_station_4",
            "transform": {
                "translation": {
                    "x": 0.13828684389591217,
                    "y": 0.061483655124902725,
                    "z": 0.04535583779215813
                },
                "rotation": {
                    "x": 0.4229581654071808,
                    "y": 0.24568693339824677,
                    "z": 0.22037674486637115,
                    "w": -0.8439066410064697
                }
            }
        },
        {
            "header": {
                "seq": 0,
                "stamp": {
                    "secs": 1687318026,
                    "nsecs": 155525858
                },
                "frame_id": "polhemus_base_0"
            },
            "child_frame_id": "polhemus_station_5",
            "transform": {
                "translation": {
                    "x": 0.18832343816757202,
                    "y": 0.05185892432928085,
                    "z": 0.009276754222810268
                },
                "rotation": {
                    "x": 0.28361570835113525,
                    "y": -0.30585357546806335,
                    "z": 0.08721436560153961,
                    "w": -0.9046598672866821
                }
            }
        }
    ]
}