{
    "transforms": [
        {
            "header": {
                "seq": 0,
                "stamp": {
                    "secs": 1687318023,
                    "nsecs": 917184906
                },
                "frame_id": "ra_base"
            },
            "child_frame_id": "ra_tool0_controller",
            "transform": {
                "translation": {
                    "x": -0.6728675264388077,
                    "y": -0.7293701067128935,
                    "z": 0.6299587211517879
                },
                "rotation": {
                    "x": -0.4907437782231193,
                    "y": -0.5021435876894271,
                    "z": 0.5050161037816719,
                    "w": 0.5019771871299213
                }
            }
        }
    ]
}