{
    "transforms": [
        {
            "header": {
                "seq": 0,
                "stamp": {
                    "secs": 1687318021,
                    "nsecs": 453184906
                },
                "frame_id": "ra_base"
            },
            "child_frame_id": "ra_tool0_controller",
            "transform": {
                "translation": {
                    "x": -0.6728382253835695,
                    "y": -0.729391442593616,
                    "z": 0.629956923741765
                },
                "rotation": {
                    "x": -0.4907200617436561,
                    "y": -0.5021784873250275,
                    "z": 0.5050058369887007,
                    "w": 0.5019757887364602
                }
            }
        }
    ]
}