{
    "transforms": [
        {
            "header": {
                "seq": 0,
                "stamp": {
                    "secs": 1687318001,
                    "nsecs": 351579978
                },
                "frame_id": "ra_base"
            },
            "child_frame_id": "ra_tool0_controller",
            "transform": {
                "translation": {
                    "x": -0.6760723073709771,
                    "y": -0.09154183126207034,
                    "z": 0.6376333681992357
                },
                "rotation": {
                    "x": -0.5028076196061795,
                    "y": -0.5053264401937494,
                    "z": 0.4962384840732858,
                    "w": 0.49555731599051983
                }
            }
        }
    ]
}