{
    "transforms": [
        {
            "header": {
                "seq": 0,
                "stamp": {
                    "secs": 1687318022,
                    "nsecs": 7184906
                },
                "frame_id": "ra_base"
            },
            "child_frame_id": "ra_tool0_controller",
            "transform": {
                "translation": {
                    "x": -0.6728243048050033,
                    "y": -0.7293981465793267,
                    "z": 0.6299310495663804
                },
                "rotation": {
                    "x": -0.4907259521077868,
                    "y": -0.5021902908249664,
                    "z": 0.5049962607296191,
                    "w": 0.5019678559212177
                }
            }
        }
    ]
}