{
    "transforms": [
        {
            "header": {
                "seq": 0,
                "stamp": {
                    "secs": 1687318024,
                    "nsecs": 888789312
                },
                "frame_id": "polhemus_base_0"
            },
            "child_frame_id": "polhemus_station_0",
            "transform": {
                "translation": {
                    "x": 0.0452805794775486,
                    "y": -0.07006507366895676,
                    "z": 0.14158859848976135
                },
                "rotation": {
                    "x": -0.24548862874507904,
                    "y": -0.5864568948745728,
                    "z": -0.14801187813282013,
                    "w": 0.7575593590736389
                }
            }
        },
        {
            "header": {
                "seq": 0,
                "stamp": {
                    "secs": 1687318024,
                    "nsecs": 888789312
                },
                "frame_id": "polhemus_base_0"
            },
            "child_frame_id": "polhemus_station_1",
            "transform": {
                "translation": {
                    "x": 0.13558964431285858,
                    "y": -0.02398288995027542,
                    "z": 0.05084327980875969
                },
                "rotation": {
                    "x": 0.08835826814174652,
                    "y": -0.2857641875743866,
                    "z": 0.1032630130648613,
                    "w": 0.9486138820648193
                }
            }
        },
        {
            "header": {
                "seq": 0,
                "stamp": {
                    "secs": 1687318024,
                    "nsecs": 888789312
                },
                "frame_id": "polhemus_base_0"
            },
            "child_frame_id": "polhemus_station_2",
            "transform": {
                "translation": {
                    "x": 0.14406290650367737,
                    "y": -0.013252769596874714,
                    "z": 0.06148479878902435
                },
                "rotation": {
                    "x": 0.030319303274154663,
                    "y": -0.4128400385379791,
                    "z": -0.1385003626346588,
                    "w": 0.8997008204460144
                }
            }
        },
        {
            "header": {
                "seq": 0,
                "stamp": {
                    "secs": 1687318024,
                    "nsecs": 888789312
                },
                "frame_id": "polhemus_base_0"
            },
            "child_frame_id": "polhemus_station_3",
            "transform": {
                "translation": {
                    "x": 0.12340526282787323,
                    "y": 0.044515714049339294,
                    "z": 0.04037046059966087
                },
                "rotation": {
                    "x": -0.22215066850185394,
                    "y": -0.3451363444328308,
                    "z": -0.09702156484127045,
                    "w": 0.9067063927650452
                }
            }
        },
        {
            "header": {
                "seq": 0,
                "stamp": {
                    "secs": 1687318024,
                    "nsecs": 888789312
                },
                "frame_id": "polhemus_base_0"
            },
            "child_frame_id": "polhemus_station_4",
            "transform": {
                "translation": {
                    "x": 0.1382768750190735,
                    "y": 0.06149616092443466,
                    "z": 0.04536374285817146
                },
                "rotation": {
                    "x": 0.4225131571292877,
                    "y": 0.24553251266479492,
                    "z": 0.22025209665298462,
                    "w": -0.8442069888114929
                }
            }
        },
        {
            "header": {
                "seq": 0,
                "stamp": {
                    "secs": 1687318024,
                    "nsecs": 888789312
                },
                "frame_id": "polhemus_base_0"
            },
            "child_frame_id": "polhemus_station_5",
            "transform": {
                "translation": {
                    "x": 0.18831615149974823,
                    "y": 0.051900751888751984,
                    "z": 0.009232652373611927
                },
                "rotation": {
                    "x": 0.2835228443145752,
                    "y": -0.3059607446193695,
                    "z": 0.08694016933441162,
                    "w": -0.9046791195869446
                }
            }
        }
    ]
}