{
    "transforms": [
        {
            "header": {
                "seq": 0,
                "stamp": {
                    "secs": 1687318013,
                    "nsecs": 17184906
                },
                "frame_id": "ra_base"
            },
            "child_frame_id": "ra_tool0_controller",
            "transform": {
                "translation": {
                    "x": -0.6728218715324135,
                    "y": -0.7294114221571555,
                    "z": 0.6299379193411654
                },
                "rotation": {
                    "x": -0.490723446824477,
                    "y": -0.5021838500896134,
                    "z": 0.5050083143906363,
                    "w": 0.5019646221022013
                }
            }
        }
    ]
}