{
    "transforms": [
        {
            "header": {
                "seq": 0,
                "stamp": {
                    "secs": 1687318003,
                    "nsecs": 88833785
                },
                "frame_id": "polhemus_base_0"
            },
            "child_frame_id": "polhemus_station_0",
            "transform": {
                "translation": {
                    "x": 0.04711869731545448,
                    "y": -0.07179535925388336,
                    "z": 0.14052149653434753
                },
                "rotation": {
                    "x": -0.23685726523399353,
                    "y": -0.5792954564094543,
                    "z": -0.14962218701839447,
                    "w": 0.7654597163200378
                }
            }
        },
        {
            "header": {
                "seq": 0,
                "stamp": {
                    "secs": 1687318003,
                    "nsecs": 88833785
                },
                "frame_id": "polhemus_base_0"
            },
            "child_frame_id": "polhemus_station_1",
            "transform": {
                "translation": {
                    "x": 0.13551895320415497,
                    "y": -0.0240918155759573,
                    "z": 0.050864849239587784
                },
                "rotation": {
                    "x": 0.0869421735405922,
                    "y": -0.28669124841690063,
                    "z": 0.1023634523153305,
                    "w": 0.948562502861023
                }
            }
        },
        {
            "header": {
                "seq": 0,
                "stamp": {
                    "secs": 1687318003,
                    "nsecs": 88833785
                },
                "frame_id": "polhemus_base_0"
            },
            "child_frame_id": "polhemus_station_2",
            "transform": {
                "translation": {
                    "x": 0.14404018223285675,
                    "y": -0.013390365988016129,
                    "z": 0.061484772711992264
                },
                "rotation": {
                    "x": 0.03067348524928093,
                    "y": -0.4134182035923004,
                    "z": -0.1405588537454605,
                    "w": 0.8991038203239441
                }
            }
        },
        {
            "header": {
                "seq": 0,
                "stamp": {
                    "secs": 1687318003,
                    "nsecs": 88833785
                },
                "frame_id": "polhemus_base_0"
            },
            "child_frame_id": "polhemus_station_3",
            "transform": {
                "translation": {
                    "x": 0.12283691018819809,
                    "y": 0.04449416324496269,
                    "z": 0.04152647405862808
                },
                "rotation": {
                    "x": -0.2235080599784851,
                    "y": -0.35095763206481934,
                    "z": -0.09731495380401611,
                    "w": 0.9041031002998352
                }
            }
        },
        {
            "header": {
                "seq": 0,
                "stamp": {
                    "secs": 1687318003,
                    "nsecs": 88833785
                },
                "frame_id": "polhemus_base_0"
            },
            "child_frame_id": "polhemus_station_4",
            "transform": {
                "translation": {
                    "x": 0.13715142011642456,
                    "y": 0.06190658360719681,
                    "z": 0.04654704034328461
                },
                "rotation": {
                    "x": 0.4066936671733856,
                    "y": 0.2483861744403839,
                    "z": 0.21578450500965118,
                    "w": -0.8522568345069885
                }
            }
        },
        {
            "header": {
                "seq": 0,
                "stamp": {
                    "secs": 1687318003,
                    "nsecs": 88833785
                },
                "frame_id": "polhemus_base_0"
            },
            "child_frame_id": "polhemus_station_5",
            "transform": {
                "translation": {
                    "x": 0.1883905827999115,
                    "y": 0.05316345393657684,
                    "z": 0.0096084363758564
                },
                "rotation": {
                    "x": 0.27673789858818054,
                    "y": -0.3061262369155884,
                    "z": 0.07934217154979706,
                    "w": -0.9074181318283081
                }
            }
        }
    ]
}