{
    "transforms": [
        {
            "header": {
                "seq": 0,
                "stamp": {
                    "secs": 1687318016,
                    "nsecs": 981184906
                },
                "frame_id": "ra_base"
            },
            "child_frame_id": "ra_tool0_controller",
            "transform": {
                "translation": {
                    "x": -0.6728585238488102,
                    "y": -0.7293763918171988,
                    "z": 0.6299800685960223
                },
                "rotation": {
                    "x": -0.4907460084382832,
                    "y": -0.5021310764590265,
                    "z": 0.5050266496766437,
                    "w": 0.5019769121905673
                }
            }
        }
    ]
}