{
    "transforms": [
        {
            "header": {
                "seq": 0,
                "stamp": {
                    "secs": 1687318027,
                    "nsecs": 205502671
                },
                "frame_id": "polhemus_base_0"
            },
            "child_frame_id": "polhemus_station_0",
            "transform": {
                "translation": {
                    "x": 0.04524852707982063,
                    "y": -0.06996054202318192,
                    "z": 0.14165984094142914
                },
                "rotation": {
                    "x": -0.2461044192314148,
                    "y": -0.5865092277526855,
                    "z": -0.14796867966651917,
                    "w": 0.7573274970054626
                }
            }
        },
        {
            "header": {
                "seq": 0,
                "stamp": {
                    "secs": 1687318027,
                    "nsecs": 205502671
                },
                "frame_id": "polhemus_base_0"
            },
            "child_frame_id": "polhemus_station_1",
            "transform": {
                "translation": {
                    "x": 0.13559891283512115,
                    "y": -0.02400140091776848,
                    "z": 0.05083780363202095
                },
                "rotation": {
                    "x": 0.08849561959505081,
                    "y": -0.28563982248306274,
                    "z": 0.10314646363258362,
                    "w": 0.948651134967804
                }
            }
        },
        {
            "header": {
                "seq": 0,
                "stamp": {
                    "secs": 1687318027,
                    "nsecs": 205502671
                },
                "frame_id": "polhemus_base_0"
            },
            "child_frame_id": "polhemus_station_2",
            "transform": {
                "translation": {
                    "x": 0.14406423270702362,
                    "y": -0.013274649158120155,
                    "z": 0.061494119465351105
                },
                "rotation": {
                    "x": 0.03009827435016632,
                    "y": -0.41283732652664185,
                    "z": -0.13860785961151123,
                    "w": 0.8996928930282593
                }
            }
        },
        {
            "header": {
                "seq": 0,
                "stamp": {
                    "secs": 1687318027,
                    "nsecs": 205502671
                },
                "frame_id": "polhemus_base_0"
            },
            "child_frame_id": "polhemus_station_3",
            "transform": {
                "translation": {
                    "x": 0.12343651056289673,
                    "y": 0.044506222009658813,
                    "z": 0.040322668850421906
                },
                "rotation": {
                    "x": -0.22226576507091522,
                    "y": -0.34495893120765686,
                    "z": -0.09718567132949829,
                    "w": 0.906728208065033
                }
            }
        },
        {
            "header": {
                "seq": 0,
                "stamp": {
                    "secs": 1687318027,
                    "nsecs": 205502671
                },
                "frame_id": "polhemus_base_0"
            },
            "child_frame_id": "polhemus_station_4",
            "transform": {
                "translation": {
                    "x": 0.13832800090312958,
                    "y": 0.06144608557224274,
                    "z": 0.04530731216073036
                },
                "rotation": {
                    "x": 0.4233120381832123,
                    "y": 0.2455335408449173,
                    "z": 0.22043323516845703,
                    "w": -0.8437591195106506
                }
            }
        },
        {
            "header": {
                "seq": 0,
                "stamp": {
                    "secs": 1687318027,
                    "nsecs": 205502671
                },
                "frame_id": "polhemus_base_0"
            },
            "child_frame_id": "polhemus_station_5",
            "transform": {
                "translation": {
                    "x": 0.18831831216812134,
                    "y": 0.0518539659678936,
                    "z": 0.00921622384339571
                },
                "rotation": {
                    "x": 0.284073144197464,
                    "y": -0.30606672167778015,
                    "z": 0.08717598021030426,
                    "w": -0.9044478535652161
                }
            }
        }
    ]
}