{
    "transforms": [
        {
            "header": {
                "seq": 0,
                "stamp": {
                    "secs": 1687318026,
                    "nsecs": 180450498
                },
                "frame_id": "polhemus_base_0"
            },
            "child_frame_id": "polhemus_station_0",
            "transform": {
                "translation": {
                    "x": 0.04524562507867813,
                    "y": -0.07001660764217377,
                    "z": 0.14163151383399963
                },
                "rotation": {
                    "x": -0.2457783967256546,
                    "y": -0.5865482687950134,
                    "z": -0.14811208844184875,
                    "w": 0.7573749423027039
                }
            }
        },
        {
            "header": {
                "seq": 0,
                "stamp": {
                    "secs": 1687318026,
                    "nsecs": 180450498
                },
                "frame_id": "polhemus_base_0"
            },
            "child_frame_id": "polhemus_station_1",
            "transform": {
                "translation": {
                    "x": 0.13559216260910034,
                    "y": -0.023979350924491882,
                    "z": 0.05085194483399391
                },
                "rotation": {
                    "x": 0.08841247856616974,
                    "y": -0.2857007682323456,
                    "z": 0.10329525172710419,
                    "w": 0.9486244320869446
                }
            }
        },
        {
            "header": {
                "seq": 0,
                "stamp": {
                    "secs": 1687318026,
                    "nsecs": 180450498
                },
                "frame_id": "polhemus_base_0"
            },
            "child_frame_id": "polhemus_station_2",
            "transform": {
                "translation": {
                    "x": 0.14406262338161469,
                    "y": -0.01326048281043768,
                    "z": 0.061502423137426376
                },
                "rotation": {
                    "x": 0.030215762555599213,
                    "y": -0.41288310289382935,
                    "z": -0.13851997256278992,
                    "w": 0.8996815085411072
                }
            }
        },
        {
            "header": {
                "seq": 0,
                "stamp": {
                    "secs": 1687318026,
                    "nsecs": 180450498
                },
                "frame_id": "polhemus_base_0"
            },
            "child_frame_id": "polhemus_station_3",
            "transform": {
                "translation": {
                    "x": 0.12341856211423874,
                    "y": 0.044512197375297546,
                    "z": 0.040352243930101395
                },
                "rotation": {
                    "x": -0.22222869098186493,
                    "y": -0.34506314992904663,
                    "z": -0.09713497757911682,
                    "w": 0.9067030549049377
                }
            }
        },
        {
            "header": {
                "seq": 0,
                "stamp": {
                    "secs": 1687318026,
                    "nsecs": 180450498
                },
                "frame_id": "polhemus_base_0"
            },
            "child_frame_id": "polhemus_station_4",
            "transform": {
                "translation": {
                    "x": 0.13828535377979279,
                    "y": 0.06148787587881088,
                    "z": 0.04535786807537079
                },
                "rotation": {
                    "x": 0.42296096682548523,
                    "y": 0.2457135021686554,
                    "z": 0.22036291658878326,
                    "w": -0.8439010977745056
                }
            }
        },
        {
            "header": {
                "seq": 0,
                "stamp": {
                    "secs": 1687318026,
                    "nsecs": 180450498
                },
                "frame_id": "polhemus_base_0"
            },
            "child_frame_id": "polhemus_station_5",
            "transform": {
                "translation": {
                    "x": 0.18832555413246155,
                    "y": 0.05184624716639519,
                    "z": 0.00927075557410717
                },
                "rotation": {
                    "x": 0.2836054563522339,
                    "y": -0.3058842420578003,
                    "z": 0.08726294338703156,
                    "w": -0.904647946357727
                }
            }
        }
    ]
}