{
    "transforms": [
        {
            "header": {
                "seq": 0,
                "stamp": {
                    "secs": 1687318025,
                    "nsecs": 669141391
                },
                "frame_id": "polhemus_base_0"
            },
            "child_frame_id": "rh_user_forearm",
            "transform": {
                "translation": {
                    "x": -0.18833404779434204,
                    "y": 0.05184005945920944,
                    "z": 0.009327574633061886
                },
                "rotation": {
                    "x": -0.2835903515324905,
                    "y": -0.3055418485173497,
                    "z": 0.08752502654021545,
                    "w": 0.9047430911874453
                }
            }
        }
    ]
}