{
    "transforms": [
        {
            "header": {
                "seq": 0,
                "stamp": {
                    "secs": 1687318009,
                    "nsecs": 763814957
                },
                "frame_id": "polhemus_base_0"
            },
            "child_frame_id": "polhemus_station_0",
            "transform": {
                "translation": {
                    "x": 0.046626050025224686,
                    "y": -0.07128416001796722,
                    "z": 0.1408529132604599
                },
                "rotation": {
                    "x": -0.23951424658298492,
                    "y": -0.5812060832977295,
                    "z": -0.149121955037117,
                    "w": 0.763279139995575
                }
            }
        },
        {
            "header": {
                "seq": 0,
                "stamp": {
                    "secs": 1687318009,
                    "nsecs": 763814957
                },
                "frame_id": "polhemus_base_0"
            },
            "child_frame_id": "polhemus_station_1",
            "transform": {
                "translation": {
                    "x": 0.1355934590101242,
                    "y": -0.024164052680134773,
                    "z": 0.050750792026519775
                },
                "rotation": {
                    "x": 0.0878172367811203,
                    "y": -0.28598302602767944,
                    "z": 0.10219403356313705,
                    "w": 0.9487138986587524
                }
            }
        },
        {
            "header": {
                "seq": 0,
                "stamp": {
                    "secs": 1687318009,
                    "nsecs": 763814957
                },
                "frame_id": "polhemus_base_0"
            },
            "child_frame_id": "polhemus_station_2",
            "transform": {
                "translation": {
                    "x": 0.1441047489643097,
                    "y": -0.013471648097038269,
                    "z": 0.06139644235372543
                },
                "rotation": {
                    "x": 0.03125279024243355,
                    "y": -0.41290393471717834,
                    "z": -0.14072829484939575,
                    "w": 0.8992937207221985
                }
            }
        },
        {
            "header": {
                "seq": 0,
                "stamp": {
                    "secs": 1687318009,
                    "nsecs": 763814957
                },
                "frame_id": "polhemus_base_0"
            },
            "child_frame_id": "polhemus_station_3",
            "transform": {
                "translation": {
                    "x": 0.12300523370504379,
                    "y": 0.04449760913848877,
                    "z": 0.04095066711306572
                },
                "rotation": {
                    "x": -0.22086693346500397,
                    "y": -0.34838443994522095,
                    "z": -0.09510599076747894,
                    "w": 0.9059805274009705
                }
            }
        },
        {
            "header": {
                "seq": 0,
                "stamp": {
                    "secs": 1687318009,
                    "nsecs": 763814957
                },
                "frame_id": "polhemus_base_0"
            },
            "child_frame_id": "polhemus_station_4",
            "transform": {
                "translation": {
                    "x": 0.1377289593219757,
                    "y": 0.06163501739501953,
                    "z": 0.04602067917585373
                },
                "rotation": {
                    "x": 0.41197580099105835,
                    "y": 0.2450736165046692,
                    "z": 0.21847209334373474,
                    "w": -0.8499910831451416
                }
            }
        },
        {
            "header": {
                "seq": 0,
                "stamp": {
                    "secs": 1687318009,
                    "nsecs": 763814957
                },
                "frame_id": "polhemus_base_0"
            },
            "child_frame_id": "polhemus_station_5",
            "transform": {
                "translation": {
                    "x": 0.18835823237895966,
                    "y": 0.052625324577093124,
                    "z": 0.009472344070672989
                },
                "rotation": {
                    "x": 0.2789808511734009,
                    "y": -0.30621927976608276,
                    "z": 0.08252473175525665,
                    "w": -0.9064155220985413
                }
            }
        }
    ]
}