{
    "transforms": [
        {
            "header": {
                "seq": 0,
                "stamp": {
                    "secs": 1687318011,
                    "nsecs": 143184906
                },
                "frame_id": "ra_base"
            },
            "child_frame_id": "ra_tool0_controller",
            "transform": {
                "translation": {
                    "x": -0.7326409270666009,
                    "y": -0.596336664245386,
                    "z": 0.6480204377279117
                },
                "rotation": {
                    "x": -0.49154221796716907,
                    "y": -0.5033020774731187,
                    "z": 0.5029019230675529,
                    "w": 0.5021582644367371
                }
            }
        }
    ]
}