{
    "transforms": [
        {
            "header": {
                "seq": 0,
                "stamp": {
                    "secs": 1687318007,
                    "nsecs": 423184906
                },
                "frame_id": "ra_base"
            },
            "child_frame_id": "ra_tool0_controller",
            "transform": {
                "translation": {
                    "x": -0.6761857327597436,
                    "y": -0.09174499070545251,
                    "z": 0.6376699193822237
                },
                "rotation": {
                    "x": -0.5027892064752227,
                    "y": -0.5053215446597863,
                    "z": 0.4962662115745161,
                    "w": 0.49555322378543853
                }
            }
        }
    ]
}