{
    "transforms": [
        {
            "header": {
                "seq": 0,
                "stamp": {
                    "secs": 1687317998,
                    "nsecs": 480466695
                },
                "frame_id": "polhemus_base_0"
            },
            "child_frame_id": "polhemus_station_0",
            "transform": {
                "translation": {
                    "x": 0.04722852632403374,
                    "y": -0.07206737995147705,
                    "z": 0.1403658092021942
                },
                "rotation": {
                    "x": -0.2343640923500061,
                    "y": -0.579041600227356,
                    "z": -0.14941942691802979,
                    "w": 0.7664580941200256
                }
            }
        },
        {
            "header": {
                "seq": 0,
                "stamp": {
                    "secs": 1687317998,
                    "nsecs": 480466695
                },
                "frame_id": "polhemus_base_0"
            },
            "child_frame_id": "polhemus_station_1",
            "transform": {
                "translation": {
                    "x": 0.13539519906044006,
                    "y": -0.02387930452823639,
                    "z": 0.05099286511540413
                },
                "rotation": {
                    "x": 0.08582127839326859,
                    "y": -0.28752124309539795,
                    "z": 0.10338538885116577,
                    "w": 0.9483023285865784
                }
            }
        },
        {
            "header": {
                "seq": 0,
                "stamp": {
                    "secs": 1687317998,
                    "nsecs": 480466695
                },
                "frame_id": "polhemus_base_0"
            },
            "child_frame_id": "polhemus_station_2",
            "transform": {
                "translation": {
                    "x": 0.14387531578540802,
                    "y": -0.013107512146234512,
                    "z": 0.061591558158397675
                },
                "rotation": {
                    "x": 0.029193293303251266,
                    "y": -0.4146803915500641,
                    "z": -0.1393193155527115,
                    "w": 0.8987647891044617
                }
            }
        },
        {
            "header": {
                "seq": 0,
                "stamp": {
                    "secs": 1687317998,
                    "nsecs": 480466695
                },
                "frame_id": "polhemus_base_0"
            },
            "child_frame_id": "polhemus_station_3",
            "transform": {
                "translation": {
                    "x": 0.12253428250551224,
                    "y": 0.045082997530698776,
                    "z": 0.04210139065980911
                },
                "rotation": {
                    "x": -0.2225484400987625,
                    "y": -0.35347670316696167,
                    "z": -0.09325334429740906,
                    "w": 0.9037864208221436
                }
            }
        },
        {
            "header": {
                "seq": 0,
                "stamp": {
                    "secs": 1687317998,
                    "nsecs": 480466695
                },
                "frame_id": "polhemus_base_0"
            },
            "child_frame_id": "polhemus_station_4",
            "transform": {
                "translation": {
                    "x": 0.13662610948085785,
                    "y": 0.06262992322444916,
                    "z": 0.047073058784008026
                },
                "rotation": {
                    "x": 0.4023311138153076,
                    "y": 0.2510490417480469,
                    "z": 0.21168997883796692,
                    "w": -0.8545708656311035
                }
            }
        },
        {
            "header": {
                "seq": 0,
                "stamp": {
                    "secs": 1687317998,
                    "nsecs": 480466695
                },
                "frame_id": "polhemus_base_0"
            },
            "child_frame_id": "polhemus_station_5",
            "transform": {
                "translation": {
                    "x": 0.18844087421894073,
                    "y": 0.053640998899936676,
                    "z": 0.00967085175216198
                },
                "rotation": {
                    "x": 0.2757236063480377,
                    "y": -0.3052290081977844,
                    "z": 0.07780727744102478,
                    "w": -0.9081617593765259
                }
            }
        }
    ]
}