{
    "transforms": [
        {
            "header": {
                "seq": 0,
                "stamp": {
                    "secs": 1687318016,
                    "nsecs": 538761710
                },
                "frame_id": "polhemus_base_0"
            },
            "child_frame_id": "polhemus_station_0",
            "transform": {
                "translation": {
                    "x": 0.045956507325172424,
                    "y": -0.07062206417322159,
                    "z": 0.14126652479171753
                },
                "rotation": {
                    "x": -0.24263663589954376,
                    "y": -0.5838761329650879,
                    "z": -0.14845329523086548,
                    "w": 0.7603800296783447
                }
            }
        },
        {
            "header": {
                "seq": 0,
                "stamp": {
                    "secs": 1687318016,
                    "nsecs": 538761710
                },
                "frame_id": "polhemus_base_0"
            },
            "child_frame_id": "polhemus_station_1",
            "transform": {
                "translation": {
                    "x": 0.1355653554201126,
                    "y": -0.024090563878417015,
                    "z": 0.050799883902072906
                },
                "rotation": {
                    "x": 0.08800328522920609,
                    "y": -0.2859656512737274,
                    "z": 0.10271979123353958,
                    "w": 0.9486451745033264
                }
            }
        },
        {
            "header": {
                "seq": 0,
                "stamp": {
                    "secs": 1687318016,
                    "nsecs": 538761710
                },
                "frame_id": "polhemus_base_0"
            },
            "child_frame_id": "polhemus_station_2",
            "transform": {
                "translation": {
                    "x": 0.14406567811965942,
                    "y": -0.01337781548500061,
                    "z": 0.06142532080411911
                },
                "rotation": {
                    "x": 0.030336584895849228,
                    "y": -0.4128953218460083,
                    "z": -0.13973048329353333,
                    "w": 0.8994846343994141
                }
            }
        },
        {
            "header": {
                "seq": 0,
                "stamp": {
                    "secs": 1687318016,
                    "nsecs": 538761710
                },
                "frame_id": "polhemus_base_0"
            },
            "child_frame_id": "polhemus_station_3",
            "transform": {
                "translation": {
                    "x": 0.12322845309972763,
                    "y": 0.04445371404290199,
                    "z": 0.040605708956718445
                },
                "rotation": {
                    "x": -0.21996933221817017,
                    "y": -0.34646961092948914,
                    "z": -0.09620581567287445,
                    "w": 0.9068167805671692
                }
            }
        },
        {
            "header": {
                "seq": 0,
                "stamp": {
                    "secs": 1687318016,
                    "nsecs": 538761710
                },
                "frame_id": "polhemus_base_0"
            },
            "child_frame_id": "polhemus_station_4",
            "transform": {
                "translation": {
                    "x": 0.13802345097064972,
                    "y": 0.06150177866220474,
                    "z": 0.0456499382853508
                },
                "rotation": {
                    "x": 0.41712892055511475,
                    "y": 0.24538415670394897,
                    "z": 0.21925082802772522,
                    "w": -0.8471829891204834
                }
            }
        },
        {
            "header": {
                "seq": 0,
                "stamp": {
                    "secs": 1687318016,
                    "nsecs": 538761710
                },
                "frame_id": "polhemus_base_0"
            },
            "child_frame_id": "polhemus_station_5",
            "transform": {
                "translation": {
                    "x": 0.18835210800170898,
                    "y": 0.05222509801387787,
                    "z": 0.0093239089474082
                },
                "rotation": {
                    "x": 0.28160345554351807,
                    "y": -0.30614110827445984,
                    "z": 0.08485297858715057,
                    "w": -0.905415415763855
                }
            }
        }
    ]
}