{
    "transforms": [
        {
            "header": {
                "seq": 0,
                "stamp": {
                    "secs": 1687318001,
                    "nsecs": 523579978
                },
                "frame_id": "ra_base"
            },
            "child_frame_id": "ra_tool0_controller",
            "transform": {
                "translation": {
                    "x": -0.6760836735996,
                    "y": -0.0915442213016422,
                    "z": 0.637637106481009
                },
                "rotation": {
                    "x": -0.5027985869032604,
                    "y": -0.5053282117228592,
                    "z": 0.4962464949615803,
                    "w": 0.4955566523450249
                }
            }
        }
    ]
}