{
    "transforms": [
        {
            "header": {
                "seq": 0,
                "stamp": {
                    "secs": 1687318008,
                    "nsecs": 707184906
                },
                "frame_id": "ra_base"
            },
            "child_frame_id": "ra_tool0_controller",
            "transform": {
                "translation": {
                    "x": -0.730431323052717,
                    "y": -0.196322474523668,
                    "z": 0.654764449788941
                },
                "rotation": {
                    "x": -0.4988916685971809,
                    "y": -0.5055803132673421,
                    "z": 0.4972004778007173,
                    "w": 0.49828439140269604
                }
            }
        }
    ]
}