{
    "transforms": [
        {
            "header": {
                "seq": 0,
                "stamp": {
                    "secs": 1687318022,
                    "nsecs": 31184906
                },
                "frame_id": "ra_base"
            },
            "child_frame_id": "ra_tool0_controller",
            "transform": {
                "translation": {
                    "x": -0.672837294853323,
                    "y": -0.7293892368079868,
                    "z": 0.6299443544236036
                },
                "rotation": {
                    "x": -0.4907262375511809,
                    "y": -0.502179684470613,
                    "z": 0.5049989958024594,
                    "w": 0.5019754361742865
                }
            }
        }
    ]
}