{
    "transforms": [
        {
            "header": {
                "seq": 0,
                "stamp": {
                    "secs": 1687318020,
                    "nsecs": 280443369
                },
                "frame_id": "polhemus_base_0"
            },
            "child_frame_id": "polhemus_station_0",
            "transform": {
                "translation": {
                    "x": 0.045504167675971985,
                    "y": -0.07033766061067581,
                    "z": 0.14142686128616333
                },
                "rotation": {
                    "x": -0.24405181407928467,
                    "y": -0.5856921076774597,
                    "z": -0.14815813302993774,
                    "w": 0.7585858702659607
                }
            }
        },
        {
            "header": {
                "seq": 0,
                "stamp": {
                    "secs": 1687318020,
                    "nsecs": 280443369
                },
                "frame_id": "polhemus_base_0"
            },
            "child_frame_id": "polhemus_station_1",
            "transform": {
                "translation": {
                    "x": 0.13558736443519592,
                    "y": -0.02403927780687809,
                    "z": 0.05080413073301315
                },
                "rotation": {
                    "x": 0.08818216621875763,
                    "y": -0.28572261333465576,
                    "z": 0.10295137017965317,
                    "w": 0.9486766457557678
                }
            }
        },
        {
            "header": {
                "seq": 0,
                "stamp": {
                    "secs": 1687318020,
                    "nsecs": 280443369
                },
                "frame_id": "polhemus_base_0"
            },
            "child_frame_id": "polhemus_station_2",
            "transform": {
                "translation": {
                    "x": 0.14406025409698486,
                    "y": -0.013319503515958786,
                    "z": 0.06145987659692764
                },
                "rotation": {
                    "x": 0.03052852302789688,
                    "y": -0.412925124168396,
                    "z": -0.13910827040672302,
                    "w": 0.8995609283447266
                }
            }
        },
        {
            "header": {
                "seq": 0,
                "stamp": {
                    "secs": 1687318020,
                    "nsecs": 280443369
                },
                "frame_id": "polhemus_base_0"
            },
            "child_frame_id": "polhemus_station_3",
            "transform": {
                "translation": {
                    "x": 0.12331108748912811,
                    "y": 0.04447454586625099,
                    "z": 0.04046379029750824
                },
                "rotation": {
                    "x": -0.22074255347251892,
                    "y": -0.3457905650138855,
                    "z": -0.09639611095190048,
                    "w": 0.9068677425384521
                }
            }
        },
        {
            "header": {
                "seq": 0,
                "stamp": {
                    "secs": 1687318020,
                    "nsecs": 280443369
                },
                "frame_id": "polhemus_base_0"
            },
            "child_frame_id": "polhemus_station_4",
            "transform": {
                "translation": {
                    "x": 0.13813117146492004,
                    "y": 0.0614820159971714,
                    "z": 0.045493271201848984
                },
                "rotation": {
                    "x": 0.4195844829082489,
                    "y": 0.24562464654445648,
                    "z": 0.2195049375295639,
                    "w": -0.8458338975906372
                }
            }
        },
        {
            "header": {
                "seq": 0,
                "stamp": {
                    "secs": 1687318020,
                    "nsecs": 280443369
                },
                "frame_id": "polhemus_base_0"
            },
            "child_frame_id": "polhemus_station_5",
            "transform": {
                "translation": {
                    "x": 0.1883241832256317,
                    "y": 0.052055321633815765,
                    "z": 0.00933053158223629
                },
                "rotation": {
                    "x": 0.2825053632259369,
                    "y": -0.30585092306137085,
                    "z": 0.08614484965801239,
                    "w": -0.9051104784011841
                }
            }
        }
    ]
}