{
    "transforms": [
        {
            "header": {
                "seq": 0,
                "stamp": {
                    "secs": 1687318007,
                    "nsecs": 763815816
                },
                "frame_id": "polhemus_base_0"
            },
            "child_frame_id": "polhemus_station_0",
            "transform": {
                "translation": {
                    "x": 0.046614471822977066,
                    "y": -0.07139081507921219,
                    "z": 0.1407981961965561
                },
                "rotation": {
                    "x": -0.23867259919643402,
                    "y": -0.5813312530517578,
                    "z": -0.14910650253295898,
                    "w": 0.7634503841400146
                }
            }
        },
        {
            "header": {
                "seq": 0,
                "stamp": {
                    "secs": 1687318007,
                    "nsecs": 763815816
                },
                "frame_id": "polhemus_base_0"
            },
            "child_frame_id": "polhemus_station_1",
            "transform": {
                "translation": {
                    "x": 0.13557545840740204,
                    "y": -0.0241426769644022,
                    "z": 0.050761207938194275
                },
                "rotation": {
                    "x": 0.0877462849020958,
                    "y": -0.28600046038627625,
                    "z": 0.10232612490653992,
                    "w": 0.9487009644508362
                }
            }
        },
        {
            "header": {
                "seq": 0,
                "stamp": {
                    "secs": 1687318007,
                    "nsecs": 763815816
                },
                "frame_id": "polhemus_base_0"
            },
            "child_frame_id": "polhemus_station_2",
            "transform": {
                "translation": {
                    "x": 0.14407695829868317,
                    "y": -0.01344969030469656,
                    "z": 0.06141144409775734
                },
                "rotation": {
                    "x": 0.031409963965415955,
                    "y": -0.4130667448043823,
                    "z": -0.14066295325756073,
                    "w": 0.8992236256599426
                }
            }
        },
        {
            "header": {
                "seq": 0,
                "stamp": {
                    "secs": 1687318007,
                    "nsecs": 763815816
                },
                "frame_id": "polhemus_base_0"
            },
            "child_frame_id": "polhemus_station_3",
            "transform": {
                "translation": {
                    "x": 0.1229478046298027,
                    "y": 0.04447801783680916,
                    "z": 0.04108469933271408
                },
                "rotation": {
                    "x": -0.22215676307678223,
                    "y": -0.3493293523788452,
                    "z": -0.09598065912723541,
                    "w": 0.9052087068557739
                }
            }
        },
        {
            "header": {
                "seq": 0,
                "stamp": {
                    "secs": 1687318007,
                    "nsecs": 763815816
                },
                "frame_id": "polhemus_base_0"
            },
            "child_frame_id": "polhemus_station_4",
            "transform": {
                "translation": {
                    "x": 0.13757763803005219,
                    "y": 0.06171317771077156,
                    "z": 0.04618388041853905
                },
                "rotation": {
                    "x": 0.41111257672309875,
                    "y": 0.2462235540151596,
                    "z": 0.2180861532688141,
                    "w": -0.8501757383346558
                }
            }
        },
        {
            "header": {
                "seq": 0,
                "stamp": {
                    "secs": 1687318007,
                    "nsecs": 763815816
                },
                "frame_id": "polhemus_base_0"
            },
            "child_frame_id": "polhemus_station_5",
            "transform": {
                "translation": {
                    "x": 0.18835394084453583,
                    "y": 0.052758391946554184,
                    "z": 0.009519185870885849
                },
                "rotation": {
                    "x": 0.2787081003189087,
                    "y": -0.3060745894908905,
                    "z": 0.08197808265686035,
                    "w": -0.9065977931022644
                }
            }
        }
    ]
}