{
    "transforms": [
        {
            "header": {
                "seq": 0,
                "stamp": {
                    "secs": 1687318000,
                    "nsecs": 827484858
                },
                "frame_id": "polhemus_base_0"
            },
            "child_frame_id": "rh_user_forearm",
            "transform": {
                "translation": {
                    "x": -0.1884169578552246,
                    "y": 0.05363285169005394,
                    "z": 0.009597421623766422
                },
                "rotation": {
                    "x": -0.276170414276733,
                    "y": -0.3056706317520255,
                    "z": 0.07754379834101052,
                    "w": 0.9078999540155203
                }
            }
        }
    ]
}