{
    "transforms": [
        {
            "header": {
                "seq": 0,
                "stamp": {
                    "secs": 1687318018,
                    "nsecs": 530475529
                },
                "frame_id": "polhemus_base_0"
            },
            "child_frame_id": "polhemus_station_0",
            "transform": {
                "translation": {
                    "x": 0.04596535116434097,
                    "y": -0.07053176313638687,
                    "z": 0.14131911098957062
                },
                "rotation": {
                    "x": -0.24323788285255432,
                    "y": -0.5836673974990845,
                    "z": -0.1484380066394806,
                    "w": 0.7603511214256287
                }
            }
        },
        {
            "header": {
                "seq": 0,
                "stamp": {
                    "secs": 1687318018,
                    "nsecs": 530475529
                },
                "frame_id": "polhemus_base_0"
            },
            "child_frame_id": "polhemus_station_1",
            "transform": {
                "translation": {
                    "x": 0.1356014460325241,
                    "y": -0.02407744526863098,
                    "z": 0.0507570281624794
                },
                "rotation": {
                    "x": 0.08824922144412994,
                    "y": -0.2856578826904297,
                    "z": 0.10276784747838974,
                    "w": 0.9487097859382629
                }
            }
        },
        {
            "header": {
                "seq": 0,
                "stamp": {
                    "secs": 1687318018,
                    "nsecs": 530475529
                },
                "frame_id": "polhemus_base_0"
            },
            "child_frame_id": "polhemus_station_2",
            "transform": {
                "translation": {
                    "x": 0.14407528936862946,
                    "y": -0.013395276851952076,
                    "z": 0.06142166256904602
                },
                "rotation": {
                    "x": 0.030373744666576385,
                    "y": -0.41280677914619446,
                    "z": -0.1397944688796997,
                    "w": 0.8995140194892883
                }
            }
        },
        {
            "header": {
                "seq": 0,
                "stamp": {
                    "secs": 1687318018,
                    "nsecs": 530475529
                },
                "frame_id": "polhemus_base_0"
            },
            "child_frame_id": "polhemus_station_3",
            "transform": {
                "translation": {
                    "x": 0.12327677756547928,
                    "y": 0.04446359723806381,
                    "z": 0.04051588103175163
                },
                "rotation": {
                    "x": -0.22017747163772583,
                    "y": -0.34597402811050415,
                    "z": -0.09621183574199677,
                    "w": 0.9069547653198242
                }
            }
        },
        {
            "header": {
                "seq": 0,
                "stamp": {
                    "secs": 1687318018,
                    "nsecs": 530475529
                },
                "frame_id": "polhemus_base_0"
            },
            "child_frame_id": "polhemus_station_4",
            "transform": {
                "translation": {
                    "x": 0.13808555901050568,
                    "y": 0.06145862489938736,
                    "z": 0.045573145151138306
                },
                "rotation": {
                    "x": 0.41852834820747375,
                    "y": 0.24531137943267822,
                    "z": 0.21972453594207764,
                    "w": -0.8463907837867737
                }
            }
        },
        {
            "header": {
                "seq": 0,
                "stamp": {
                    "secs": 1687318018,
                    "nsecs": 530475529
                },
                "frame_id": "polhemus_base_0"
            },
            "child_frame_id": "polhemus_station_5",
            "transform": {
                "translation": {
                    "x": 0.1883150190114975,
                    "y": 0.052142102271318436,
                    "z": 0.009305419400334358
                },
                "rotation": {
                    "x": 0.2821670174598694,
                    "y": -0.3062109053134918,
                    "z": 0.08536498248577118,
                    "w": -0.9051682353019714
                }
            }
        }
    ]
}