{
    "transforms": [
        {
            "header": {
                "seq": 0,
                "stamp": {
                    "secs": 1687318012,
                    "nsecs": 722149967
                },
                "frame_id": "polhemus_base_0"
            },
            "child_frame_id": "polhemus_station_0",
            "transform": {
                "translation": {
                    "x": 0.04616781696677208,
                    "y": -0.07100462168455124,
                    "z": 0.14103427529335022
                },
                "rotation": {
                    "x": -0.24086467921733856,
                    "y": -0.5829600095748901,
                    "z": -0.1489366888999939,
                    "w": 0.7615508437156677
                }
            }
        },
        {
            "header": {
                "seq": 0,
                "stamp": {
                    "secs": 1687318012,
                    "nsecs": 722149967
                },
                "frame_id": "polhemus_base_0"
            },
            "child_frame_id": "polhemus_station_1",
            "transform": {
                "translation": {
                    "x": 0.13557974994182587,
                    "y": -0.0241444893181324,
                    "z": 0.0507531464099884
                },
                "rotation": {
                    "x": 0.08806226402521133,
                    "y": -0.2858917713165283,
                    "z": 0.10235139727592468,
                    "w": 0.9487017393112183
                }
            }
        },
        {
            "header": {
                "seq": 0,
                "stamp": {
                    "secs": 1687318012,
                    "nsecs": 722149967
                },
                "frame_id": "polhemus_base_0"
            },
            "child_frame_id": "polhemus_station_2",
            "transform": {
                "translation": {
                    "x": 0.14406724274158478,
                    "y": -0.013450879603624344,
                    "z": 0.06141665577888489
                },
                "rotation": {
                    "x": 0.030804691836237907,
                    "y": -0.41304218769073486,
                    "z": -0.14033499360084534,
                    "w": 0.899307131767273
                }
            }
        },
        {
            "header": {
                "seq": 0,
                "stamp": {
                    "secs": 1687318012,
                    "nsecs": 722149967
                },
                "frame_id": "polhemus_base_0"
            },
            "child_frame_id": "polhemus_station_3",
            "transform": {
                "translation": {
                    "x": 0.1231047585606575,
                    "y": 0.04448739439249039,
                    "z": 0.04077855125069618
                },
                "rotation": {
                    "x": -0.22036227583885193,
                    "y": -0.3474521338939667,
                    "z": -0.09549083560705185,
                    "w": 0.9064207673072815
                }
            }
        },
        {
            "header": {
                "seq": 0,
                "stamp": {
                    "secs": 1687318012,
                    "nsecs": 722149967
                },
                "frame_id": "polhemus_base_0"
            },
            "child_frame_id": "polhemus_station_4",
            "transform": {
                "translation": {
                    "x": 0.13784082233905792,
                    "y": 0.06161085143685341,
                    "z": 0.045856595039367676
                },
                "rotation": {
                    "x": 0.4147763252258301,
                    "y": 0.24558717012405396,
                    "z": 0.21863867342472076,
                    "w": -0.8484365940093994
                }
            }
        },
        {
            "header": {
                "seq": 0,
                "stamp": {
                    "secs": 1687318012,
                    "nsecs": 722149967
                },
                "frame_id": "polhemus_base_0"
            },
            "child_frame_id": "polhemus_station_5",
            "transform": {
                "translation": {
                    "x": 0.1883419007062912,
                    "y": 0.05245569720864296,
                    "z": 0.009420150890946388
                },
                "rotation": {
                    "x": 0.2801301181316376,
                    "y": -0.30602729320526123,
                    "z": 0.08361952006816864,
                    "w": -0.9060254693031311
                }
            }
        }
    ]
}