{
    "transforms": [
        {
            "header": {
                "seq": 0,
                "stamp": {
                    "secs": 1687318027,
                    "nsecs": 15184906
                },
                "frame_id": "ra_base"
            },
            "child_frame_id": "ra_tool0_controller",
            "transform": {
                "translation": {
                    "x": -0.6728415114418558,
                    "y": -0.7293845708234543,
                    "z": 0.6299505703856019
                },
                "rotation": {
                    "x": -0.4907471222398814,
                    "y": -0.5021464050662536,
                    "z": 0.5050149508852443,
                    "w": 0.5019722594672809
                }
            }
        }
    ]
}