{
    "transforms": [
        {
            "header": {
                "seq": 0,
                "stamp": {
                    "secs": 1687318008,
                    "nsecs": 238831019
                },
                "frame_id": "polhemus_base_0"
            },
            "child_frame_id": "polhemus_station_0",
            "transform": {
                "translation": {
                    "x": 0.04662919044494629,
                    "y": -0.07139284908771515,
                    "z": 0.140797421336174
                },
                "rotation": {
                    "x": -0.23882107436656952,
                    "y": -0.5812621116638184,
                    "z": -0.14916902780532837,
                    "w": 0.7634444236755371
                }
            }
        },
        {
            "header": {
                "seq": 0,
                "stamp": {
                    "secs": 1687318008,
                    "nsecs": 238831019
                },
                "frame_id": "polhemus_base_0"
            },
            "child_frame_id": "polhemus_station_1",
            "transform": {
                "translation": {
                    "x": 0.13558082282543182,
                    "y": -0.02415643259882927,
                    "z": 0.050757650285959244
                },
                "rotation": {
                    "x": 0.08778645843267441,
                    "y": -0.2860296368598938,
                    "z": 0.10223155468702316,
                    "w": 0.9486986398696899
                }
            }
        },
        {
            "header": {
                "seq": 0,
                "stamp": {
                    "secs": 1687318008,
                    "nsecs": 238831019
                },
                "frame_id": "polhemus_base_0"
            },
            "child_frame_id": "polhemus_station_2",
            "transform": {
                "translation": {
                    "x": 0.14408929646015167,
                    "y": -0.013475267216563225,
                    "z": 0.061402078717947006
                },
                "rotation": {
                    "x": 0.03141988441348076,
                    "y": -0.41298049688339233,
                    "z": -0.14081847667694092,
                    "w": 0.8992387056350708
                }
            }
        },
        {
            "header": {
                "seq": 0,
                "stamp": {
                    "secs": 1687318008,
                    "nsecs": 238831019
                },
                "frame_id": "polhemus_base_0"
            },
            "child_frame_id": "polhemus_station_3",
            "transform": {
                "translation": {
                    "x": 0.12297254055738449,
                    "y": 0.04446106031537056,
                    "z": 0.04103783145546913
                },
                "rotation": {
                    "x": -0.22210897505283356,
                    "y": -0.3490533232688904,
                    "z": -0.09619058668613434,
                    "w": 0.9053046107292175
                }
            }
        },
        {
            "header": {
                "seq": 0,
                "stamp": {
                    "secs": 1687318008,
                    "nsecs": 238831019
                },
                "frame_id": "polhemus_base_0"
            },
            "child_frame_id": "polhemus_station_4",
            "transform": {
                "translation": {
                    "x": 0.13762514293193817,
                    "y": 0.06168189272284508,
                    "z": 0.04612591117620468
                },
                "rotation": {
                    "x": 0.4117865562438965,
                    "y": 0.24593007564544678,
                    "z": 0.21828892827033997,
                    "w": -0.8498825430870056
                }
            }
        },
        {
            "header": {
                "seq": 0,
                "stamp": {
                    "secs": 1687318008,
                    "nsecs": 238831019
                },
                "frame_id": "polhemus_base_0"
            },
            "child_frame_id": "polhemus_station_5",
            "transform": {
                "translation": {
                    "x": 0.18835943937301636,
                    "y": 0.05270027369260788,
                    "z": 0.009520175866782665
                },
                "rotation": {
                    "x": 0.27874383330345154,
                    "y": -0.3061305284500122,
                    "z": 0.0822264552116394,
                    "w": -0.9065454602241516
                }
            }
        }
    ]
}