{
    "transforms": [
        {
            "header": {
                "seq": 0,
                "stamp": {
                    "secs": 1687318027,
                    "nsecs": 47177576
                },
                "frame_id": "polhemus_base_0"
            },
            "child_frame_id": "polhemus_station_0",
            "transform": {
                "translation": {
                    "x": 0.04523882642388344,
                    "y": -0.06996070593595505,
                    "z": 0.14166313409805298
                },
                "rotation": {
                    "x": -0.2461482733488083,
                    "y": -0.5865292549133301,
                    "z": -0.1479959487915039,
                    "w": 0.7572923302650452
                }
            }
        },
        {
            "header": {
                "seq": 0,
                "stamp": {
                    "secs": 1687318027,
                    "nsecs": 47177576
                },
                "frame_id": "polhemus_base_0"
            },
            "child_frame_id": "polhemus_station_1",
            "transform": {
                "translation": {
                    "x": 0.13559725880622864,
                    "y": -0.023998131975531578,
                    "z": 0.050844550132751465
                },
                "rotation": {
                    "x": 0.08850879222154617,
                    "y": -0.28565841913223267,
                    "z": 0.10316696763038635,
                    "w": 0.9486421346664429
                }
            }
        },
        {
            "header": {
                "seq": 0,
                "stamp": {
                    "secs": 1687318027,
                    "nsecs": 47177576
                },
                "frame_id": "polhemus_base_0"
            },
            "child_frame_id": "polhemus_station_2",
            "transform": {
                "translation": {
                    "x": 0.1440647393465042,
                    "y": -0.013277583755552769,
                    "z": 0.06149676442146301
                },
                "rotation": {
                    "x": 0.030118994414806366,
                    "y": -0.41285476088523865,
                    "z": -0.13860385119915009,
                    "w": 0.8996849060058594
                }
            }
        },
        {
            "header": {
                "seq": 0,
                "stamp": {
                    "secs": 1687318027,
                    "nsecs": 47177576
                },
                "frame_id": "polhemus_base_0"
            },
            "child_frame_id": "polhemus_station_3",
            "transform": {
                "translation": {
                    "x": 0.12343429028987885,
                    "y": 0.044502511620521545,
                    "z": 0.04033232480287552
                },
                "rotation": {
                    "x": -0.22227217257022858,
                    "y": -0.3450013995170593,
                    "z": -0.09722123295068741,
                    "w": 0.9067065715789795
                }
            }
        },
        {
            "header": {
                "seq": 0,
                "stamp": {
                    "secs": 1687318027,
                    "nsecs": 47177576
                },
                "frame_id": "polhemus_base_0"
            },
            "child_frame_id": "polhemus_station_4",
            "transform": {
                "translation": {
                    "x": 0.13831496238708496,
                    "y": 0.061468444764614105,
                    "z": 0.045324716717004776
                },
                "rotation": {
                    "x": 0.42327433824539185,
                    "y": 0.24561116099357605,
                    "z": 0.2203998863697052,
                    "w": -0.8437641263008118
                }
            }
        },
        {
            "header": {
                "seq": 0,
                "stamp": {
                    "secs": 1687318027,
                    "nsecs": 47177576
                },
                "frame_id": "polhemus_base_0"
            },
            "child_frame_id": "polhemus_station_5",
            "transform": {
                "translation": {
                    "x": 0.188327819108963,
                    "y": 0.05183504521846771,
                    "z": 0.00925455056130886
                },
                "rotation": {
                    "x": 0.2838281989097595,
                    "y": -0.30583441257476807,
                    "z": 0.08734017610549927,
                    "w": -0.9045875668525696
                }
            }
        }
    ]
}