{
    "transforms": [
        {
            "header": {
                "seq": 0,
                "stamp": {
                    "secs": 1687318016,
                    "nsecs": 338806426
                },
                "frame_id": "polhemus_base_0"
            },
            "child_frame_id": "polhemus_station_0",
            "transform": {
                "translation": {
                    "x": 0.04596194252371788,
                    "y": -0.07064318656921387,
                    "z": 0.14126022160053253
                },
                "rotation": {
                    "x": -0.24254846572875977,
                    "y": -0.5838064551353455,
                    "z": -0.14853377640247345,
                    "w": 0.7604458332061768
                }
            }
        },
        {
            "header": {
                "seq": 0,
                "stamp": {
                    "secs": 1687318016,
                    "nsecs": 338806426
                },
                "frame_id": "polhemus_base_0"
            },
            "child_frame_id": "polhemus_station_1",
            "transform": {
                "translation": {
                    "x": 0.13558749854564667,
                    "y": -0.024068675935268402,
                    "z": 0.05076061934232712
                },
                "rotation": {
                    "x": 0.0881502777338028,
                    "y": -0.28571873903274536,
                    "z": 0.10282715409994125,
                    "w": 0.9486941695213318
                }
            }
        },
        {
            "header": {
                "seq": 0,
                "stamp": {
                    "secs": 1687318016,
                    "nsecs": 338806426
                },
                "frame_id": "polhemus_base_0"
            },
            "child_frame_id": "polhemus_station_2",
            "transform": {
                "translation": {
                    "x": 0.1440686732530594,
                    "y": -0.013368822634220123,
                    "z": 0.06141902878880501
                },
                "rotation": {
                    "x": 0.030597850680351257,
                    "y": -0.4129325747489929,
                    "z": -0.13963691890239716,
                    "w": 0.8994731903076172
                }
            }
        },
        {
            "header": {
                "seq": 0,
                "stamp": {
                    "secs": 1687318016,
                    "nsecs": 338806426
                },
                "frame_id": "polhemus_base_0"
            },
            "child_frame_id": "polhemus_station_3",
            "transform": {
                "translation": {
                    "x": 0.12322641909122467,
                    "y": 0.044472090899944305,
                    "z": 0.04059140756726265
                },
                "rotation": {
                    "x": -0.2200431227684021,
                    "y": -0.3463842272758484,
                    "z": -0.09602615982294083,
                    "w": 0.9068503975868225
                }
            }
        },
        {
            "header": {
                "seq": 0,
                "stamp": {
                    "secs": 1687318016,
                    "nsecs": 338806426
                },
                "frame_id": "polhemus_base_0"
            },
            "child_frame_id": "polhemus_station_4",
            "transform": {
                "translation": {
                    "x": 0.13801716268062592,
                    "y": 0.061497632414102554,
                    "z": 0.04565716162323952
                },
                "rotation": {
                    "x": 0.41706329584121704,
                    "y": 0.24544382095336914,
                    "z": 0.2194077968597412,
                    "w": -0.8471574187278748
                }
            }
        },
        {
            "header": {
                "seq": 0,
                "stamp": {
                    "secs": 1687318016,
                    "nsecs": 338806426
                },
                "frame_id": "polhemus_base_0"
            },
            "child_frame_id": "polhemus_station_5",
            "transform": {
                "translation": {
                    "x": 0.18832962214946747,
                    "y": 0.05224107578396797,
                    "z": 0.009352397173643112
                },
                "rotation": {
                    "x": 0.2815594971179962,
                    "y": -0.30611637234687805,
                    "z": 0.08482301235198975,
                    "w": -0.9054402112960815
                }
            }
        }
    ]
}