{
    "transforms": [
        {
            "header": {
                "seq": 0,
                "stamp": {
                    "secs": 1687317998,
                    "nsecs": 763830620
                },
                "frame_id": "polhemus_base_0"
            },
            "child_frame_id": "polhemus_station_0",
            "transform": {
                "translation": {
                    "x": 0.04720735549926758,
                    "y": -0.07205957919359207,
                    "z": 0.14037592709064484
                },
                "rotation": {
                    "x": -0.2344437688589096,
                    "y": -0.5791280269622803,
                    "z": -0.14945165812969208,
                    "w": 0.766362190246582
                }
            }
        },
        {
            "header": {
                "seq": 0,
                "stamp": {
                    "secs": 1687317998,
                    "nsecs": 763830620
                },
                "frame_id": "polhemus_base_0"
            },
            "child_frame_id": "polhemus_station_1",
            "transform": {
                "translation": {
                    "x": 0.1353912502527237,
                    "y": -0.023887567222118378,
                    "z": 0.05100350081920624
                },
                "rotation": {
                    "x": 0.08581962436437607,
                    "y": -0.28755730390548706,
                    "z": 0.10335340350866318,
                    "w": 0.9482951164245605
                }
            }
        },
        {
            "header": {
                "seq": 0,
                "stamp": {
                    "secs": 1687317998,
                    "nsecs": 763830620
                },
                "frame_id": "polhemus_base_0"
            },
            "child_frame_id": "polhemus_station_2",
            "transform": {
                "translation": {
                    "x": 0.14386332035064697,
                    "y": -0.013123377226293087,
                    "z": 0.06161029636859894
                },
                "rotation": {
                    "x": 0.02934897691011429,
                    "y": -0.4147913455963135,
                    "z": -0.13943257927894592,
                    "w": 0.8986909985542297
                }
            }
        },
        {
            "header": {
                "seq": 0,
                "stamp": {
                    "secs": 1687317998,
                    "nsecs": 763830620
                },
                "frame_id": "polhemus_base_0"
            },
            "child_frame_id": "polhemus_station_3",
            "transform": {
                "translation": {
                    "x": 0.12254077196121216,
                    "y": 0.04507765546441078,
                    "z": 0.04208379611372948
                },
                "rotation": {
                    "x": -0.22256392240524292,
                    "y": -0.3533530831336975,
                    "z": -0.09330832213163376,
                    "w": 0.9038253426551819
                }
            }
        },
        {
            "header": {
                "seq": 0,
                "stamp": {
                    "secs": 1687317998,
                    "nsecs": 763830620
                },
                "frame_id": "polhemus_base_0"
            },
            "child_frame_id": "polhemus_station_4",
            "transform": {
                "translation": {
                    "x": 0.13663533329963684,
                    "y": 0.06261342018842697,
                    "z": 0.04706618934869766
                },
                "rotation": {
                    "x": 0.40242302417755127,
                    "y": 0.25100138783454895,
                    "z": 0.21176232397556305,
                    "w": -0.8545236587524414
                }
            }
        },
        {
            "header": {
                "seq": 0,
                "stamp": {
                    "secs": 1687317998,
                    "nsecs": 763830620
                },
                "frame_id": "polhemus_base_0"
            },
            "child_frame_id": "polhemus_station_5",
            "transform": {
                "translation": {
                    "x": 0.18843194842338562,
                    "y": 0.05363280698657036,
                    "z": 0.00968896970152855
                },
                "rotation": {
                    "x": 0.2758914530277252,
                    "y": -0.3051494359970093,
                    "z": 0.07776837050914764,
                    "w": -0.9081408381462097
                }
            }
        }
    ]
}