{
    "transforms": [
        {
            "header": {
                "seq": 0,
                "stamp": {
                    "secs": 1687318011,
                    "nsecs": 305476002
                },
                "frame_id": "polhemus_base_0"
            },
            "child_frame_id": "polhemus_station_0",
            "transform": {
                "translation": {
                    "x": 0.046590887010097504,
                    "y": -0.07115250825881958,
                    "z": 0.14093083143234253
                },
                "rotation": {
                    "x": -0.24036341905593872,
                    "y": -0.5812274813652039,
                    "z": -0.14914444088935852,
                    "w": 0.7629913687705994
                }
            }
        },
        {
            "header": {
                "seq": 0,
                "stamp": {
                    "secs": 1687318011,
                    "nsecs": 305476002
                },
                "frame_id": "polhemus_base_0"
            },
            "child_frame_id": "polhemus_station_1",
            "transform": {
                "translation": {
                    "x": 0.1356021612882614,
                    "y": -0.024205442517995834,
                    "z": 0.05074390769004822
                },
                "rotation": {
                    "x": 0.08803948014974594,
                    "y": -0.2858765423297882,
                    "z": 0.10194447636604309,
                    "w": 0.948752224445343
                }
            }
        },
        {
            "header": {
                "seq": 0,
                "stamp": {
                    "secs": 1687318011,
                    "nsecs": 305476002
                },
                "frame_id": "polhemus_base_0"
            },
            "child_frame_id": "polhemus_station_2",
            "transform": {
                "translation": {
                    "x": 0.14411601424217224,
                    "y": -0.013523963280022144,
                    "z": 0.06138954311609268
                },
                "rotation": {
                    "x": 0.030953094363212585,
                    "y": -0.412747859954834,
                    "z": -0.1408487856388092,
                    "w": 0.8993569612503052
                }
            }
        },
        {
            "header": {
                "seq": 0,
                "stamp": {
                    "secs": 1687318011,
                    "nsecs": 305476002
                },
                "frame_id": "polhemus_base_0"
            },
            "child_frame_id": "polhemus_station_3",
            "transform": {
                "translation": {
                    "x": 0.1230594664812088,
                    "y": 0.04448353871703148,
                    "z": 0.040861889719963074
                },
                "rotation": {
                    "x": -0.22042180597782135,
                    "y": -0.3478538393974304,
                    "z": -0.09536212682723999,
                    "w": 0.9062658548355103
                }
            }
        },
        {
            "header": {
                "seq": 0,
                "stamp": {
                    "secs": 1687318011,
                    "nsecs": 305476002
                },
                "frame_id": "polhemus_base_0"
            },
            "child_frame_id": "polhemus_station_4",
            "transform": {
                "translation": {
                    "x": 0.13779321312904358,
                    "y": 0.06158485263586044,
                    "z": 0.04596094787120819
                },
                "rotation": {
                    "x": 0.41363003849983215,
                    "y": 0.24532116949558258,
                    "z": 0.21884259581565857,
                    "w": -0.8490203619003296
                }
            }
        },
        {
            "header": {
                "seq": 0,
                "stamp": {
                    "secs": 1687318011,
                    "nsecs": 305476002
                },
                "frame_id": "polhemus_base_0"
            },
            "child_frame_id": "polhemus_station_5",
            "transform": {
                "translation": {
                    "x": 0.18834707140922546,
                    "y": 0.05255572870373726,
                    "z": 0.009427132084965706
                },
                "rotation": {
                    "x": 0.2796768546104431,
                    "y": -0.3063208758831024,
                    "z": 0.08284401893615723,
                    "w": -0.9061375856399536
                }
            }
        }
    ]
}