{
    "transforms": [
        {
            "header": {
                "seq": 0,
                "stamp": {
                    "secs": 1687318021,
                    "nsecs": 871184906
                },
                "frame_id": "ra_base"
            },
            "child_frame_id": "ra_tool0_controller",
            "transform": {
                "translation": {
                    "x": -0.6728321261884895,
                    "y": -0.7293974945131318,
                    "z": 0.6299476765037885
                },
                "rotation": {
                    "x": -0.49072470886138364,
                    "y": -0.5021713500869116,
                    "z": 0.5050192121685001,
                    "w": 0.5019649296569496
                }
            }
        }
    ]
}