{
    "transforms": [
        {
            "header": {
                "seq": 0,
                "stamp": {
                    "secs": 1687318018,
                    "nsecs": 401184906
                },
                "frame_id": "ra_base"
            },
            "child_frame_id": "ra_tool0_controller",
            "transform": {
                "translation": {
                    "x": -0.6728396175892115,
                    "y": -0.7293842269924117,
                    "z": 0.6299324172345981
                },
                "rotation": {
                    "x": -0.4907539076900896,
                    "y": -0.5021572159916631,
                    "z": 0.5050103023161726,
                    "w": 0.5019594874777616
                }
            }
        }
    ]
}