{
    "transforms": [
        {
            "header": {
                "seq": 0,
                "stamp": {
                    "secs": 1687318017,
                    "nsecs": 427184906
                },
                "frame_id": "ra_base"
            },
            "child_frame_id": "ra_tool0_controller",
            "transform": {
                "translation": {
                    "x": -0.672842755066144,
                    "y": -0.729387071487866,
                    "z": 0.629940527698967
                },
                "rotation": {
                    "x": -0.4907394224606437,
                    "y": -0.5021566439228468,
                    "z": 0.5050105745958592,
                    "w": 0.5019739472856108
                }
            }
        }
    ]
}