{
    "transforms": [
        {
            "header": {
                "seq": 0,
                "stamp": {
                    "secs": 1687318008,
                    "nsecs": 715184906
                },
                "frame_id": "ra_base"
            },
            "child_frame_id": "ra_tool0_controller",
            "transform": {
                "translation": {
                    "x": -0.7308505634160383,
                    "y": -0.19740162544068096,
                    "z": 0.6548396313970783
                },
                "rotation": {
                    "x": -0.49888632575880726,
                    "y": -0.5055906350406476,
                    "z": 0.4971666529315658,
                    "w": 0.4983130170313595
                }
            }
        }
    ]
}