{
    "transforms": [
        {
            "header": {
                "seq": 0,
                "stamp": {
                    "secs": 1687318004,
                    "nsecs": 627579978
                },
                "frame_id": "ra_base"
            },
            "child_frame_id": "ra_tool0_controller",
            "transform": {
                "translation": {
                    "x": -0.6760762074114548,
                    "y": -0.09155042394157026,
                    "z": 0.6376504139862356
                },
                "rotation": {
                    "x": -0.502799913440271,
                    "y": -0.505315564650519,
                    "z": 0.49625295825454036,
                    "w": 0.49556173035253714
                }
            }
        }
    ]
}