{
    "transforms": [
        {
            "header": {
                "seq": 0,
                "stamp": {
                    "secs": 1687318026,
                    "nsecs": 288792320
                },
                "frame_id": "polhemus_base_0"
            },
            "child_frame_id": "polhemus_station_0",
            "transform": {
                "translation": {
                    "x": 0.045242756605148315,
                    "y": -0.07000655680894852,
                    "z": 0.1416378915309906
                },
                "rotation": {
                    "x": -0.24583373963832855,
                    "y": -0.5865633487701416,
                    "z": -0.1481133997440338,
                    "w": 0.7573451399803162
                }
            }
        },
        {
            "header": {
                "seq": 0,
                "stamp": {
                    "secs": 1687318026,
                    "nsecs": 288792320
                },
                "frame_id": "polhemus_base_0"
            },
            "child_frame_id": "polhemus_station_1",
            "transform": {
                "translation": {
                    "x": 0.13558943569660187,
                    "y": -0.023986544460058212,
                    "z": 0.05085466429591179
                },
                "rotation": {
                    "x": 0.08840767294168472,
                    "y": -0.2857247591018677,
                    "z": 0.10323309898376465,
                    "w": 0.9486244916915894
                }
            }
        },
        {
            "header": {
                "seq": 0,
                "stamp": {
                    "secs": 1687318026,
                    "nsecs": 288792320
                },
                "frame_id": "polhemus_base_0"
            },
            "child_frame_id": "polhemus_station_2",
            "transform": {
                "translation": {
                    "x": 0.14406181871891022,
                    "y": -0.013264192268252373,
                    "z": 0.06150317192077637
                },
                "rotation": {
                    "x": 0.030200999230146408,
                    "y": -0.4129055142402649,
                    "z": -0.13854898512363434,
                    "w": 0.8996673226356506
                }
            }
        },
        {
            "header": {
                "seq": 0,
                "stamp": {
                    "secs": 1687318026,
                    "nsecs": 288792320
                },
                "frame_id": "polhemus_base_0"
            },
            "child_frame_id": "polhemus_station_3",
            "transform": {
                "translation": {
                    "x": 0.12342555075883865,
                    "y": 0.04449830204248428,
                    "z": 0.04034196212887764
                },
                "rotation": {
                    "x": -0.22224590182304382,
                    "y": -0.3449782729148865,
                    "z": -0.0972360372543335,
                    "w": 0.9067202806472778
                }
            }
        },
        {
            "header": {
                "seq": 0,
                "stamp": {
                    "secs": 1687318026,
                    "nsecs": 288792320
                },
                "frame_id": "polhemus_base_0"
            },
            "child_frame_id": "polhemus_station_4",
            "transform": {
                "translation": {
                    "x": 0.13829202950000763,
                    "y": 0.061483096331357956,
                    "z": 0.0453512966632843
                },
                "rotation": {
                    "x": 0.42300331592559814,
                    "y": 0.24564306437969208,
                    "z": 0.22035913169384003,
                    "w": -0.8439013957977295
                }
            }
        },
        {
            "header": {
                "seq": 0,
                "stamp": {
                    "secs": 1687318026,
                    "nsecs": 288792320
                },
                "frame_id": "polhemus_base_0"
            },
            "child_frame_id": "polhemus_station_5",
            "transform": {
                "translation": {
                    "x": 0.18833144009113312,
                    "y": 0.05185023322701454,
                    "z": 0.009254074655473232
                },
                "rotation": {
                    "x": 0.2836546003818512,
                    "y": -0.3060537874698639,
                    "z": 0.08712805807590485,
                    "w": -0.9045881032943726
                }
            }
        }
    ]
}