{
    "transforms": [
        {
            "header": {
                "seq": 0,
                "stamp": {
                    "secs": 1687318010,
                    "nsecs": 317184906
                },
                "frame_id": "ra_base"
            },
            "child_frame_id": "ra_tool0_controller",
            "transform": {
                "translation": {
                    "x": -0.7630685950205479,
                    "y": -0.4500536893440833,
                    "z": 0.6592971505636697
                },
                "rotation": {
                    "x": -0.49332849414937074,
                    "y": -0.5044233954008217,
                    "z": 0.500580271891693,
                    "w": 0.5016008636609982
                }
            }
        }
    ]
}