{
    "transforms": [
        {
            "header": {
                "seq": 0,
                "stamp": {
                    "secs": 1687318008,
                    "nsecs": 444137097
                },
                "frame_id": "polhemus_base_0"
            },
            "child_frame_id": "rh_user_forearm",
            "transform": {
                "translation": {
                    "x": -0.18837495148181915,
                    "y": 0.05267969146370888,
                    "z": 0.009579099714756012
                },
                "rotation": {
                    "x": -0.2785957497608571,
                    "y": -0.3058433578793494,
                    "z": 0.08246569459704257,
                    "w": 0.9066662328943861
                }
            }
        }
    ]
}