{
    "transforms": [
        {
            "header": {
                "seq": 0,
                "stamp": {
                    "secs": 1687318020,
                    "nsecs": 357184906
                },
                "frame_id": "ra_base"
            },
            "child_frame_id": "ra_tool0_controller",
            "transform": {
                "translation": {
                    "x": -0.6728461551122259,
                    "y": -0.7293876954774767,
                    "z": 0.6299552964284132
                },
                "rotation": {
                    "x": -0.49073086284327627,
                    "y": -0.5021576535298763,
                    "z": 0.5050174204380878,
                    "w": 0.5019744179821536
                }
            }
        }
    ]
}