{
    "transforms": [
        {
            "header": {
                "seq": 0,
                "stamp": {
                    "secs": 1687318019,
                    "nsecs": 255184906
                },
                "frame_id": "ra_base"
            },
            "child_frame_id": "ra_tool0_controller",
            "transform": {
                "translation": {
                    "x": -0.6728306031990016,
                    "y": -0.7294004326181444,
                    "z": 0.6299606519480868
                },
                "rotation": {
                    "x": -0.4907279251161054,
                    "y": -0.5021604089573,
                    "z": 0.5050300186565169,
                    "w": 0.5019618585538922
                }
            }
        }
    ]
}