{
    "transforms": [
        {
            "header": {
                "seq": 0,
                "stamp": {
                    "secs": 1687318005,
                    "nsecs": 315184906
                },
                "frame_id": "ra_base"
            },
            "child_frame_id": "ra_tool0_controller",
            "transform": {
                "translation": {
                    "x": -0.6760727121676233,
                    "y": -0.09154363828273822,
                    "z": 0.6376774692435928
                },
                "rotation": {
                    "x": -0.5027802826210518,
                    "y": -0.5053232246068822,
                    "z": 0.49624999845807766,
                    "w": 0.4955768004161976
                }
            }
        }
    ]
}