{
    "transforms": [
        {
            "header": {
                "seq": 0,
                "stamp": {
                    "secs": 1687318008,
                    "nsecs": 502469089
                },
                "frame_id": "polhemus_base_0"
            },
            "child_frame_id": "rh_user_forearm",
            "transform": {
                "translation": {
                    "x": -0.18836709856987,
                    "y": 0.052660614252090454,
                    "z": 0.00958176702260971
                },
                "rotation": {
                    "x": -0.2785873297582344,
                    "y": -0.30580003781844434,
                    "z": 0.08261786058734359,
                    "w": 0.9066695791082796
                }
            }
        }
    ]
}