{
    "transforms": [
        {
            "header": {
                "seq": 0,
                "stamp": {
                    "secs": 1687318022,
                    "nsecs": 739184906
                },
                "frame_id": "ra_base"
            },
            "child_frame_id": "ra_tool0_controller",
            "transform": {
                "translation": {
                    "x": -0.672844038758247,
                    "y": -0.7293905468100886,
                    "z": 0.6299656511077156
                },
                "rotation": {
                    "x": -0.4907453143280894,
                    "y": -0.5021387700238323,
                    "z": 0.5050383592095818,
                    "w": 0.5019581136219148
                }
            }
        }
    ]
}