{
    "transforms": [
        {
            "header": {
                "seq": 0,
                "stamp": {
                    "secs": 1687318008,
                    "nsecs": 341184906
                },
                "frame_id": "ra_base"
            },
            "child_frame_id": "ra_tool0_controller",
            "transform": {
                "translation": {
                    "x": -0.7088635834835425,
                    "y": -0.1470065696349218,
                    "z": 0.6483900694824698
                },
                "rotation": {
                    "x": -0.5005742955682703,
                    "y": -0.5056145364667929,
                    "z": 0.4966647692565418,
                    "w": 0.49709498298529053
                }
            }
        }
    ]
}