{
    "transforms": [
        {
            "header": {
                "seq": 0,
                "stamp": {
                    "secs": 1687318005,
                    "nsecs": 197309290
                },
                "frame_id": "polhemus_base_0"
            },
            "child_frame_id": "polhemus_station_0",
            "transform": {
                "translation": {
                    "x": 0.04666295647621155,
                    "y": -0.07154522091150284,
                    "z": 0.1407138854265213
                },
                "rotation": {
                    "x": -0.23795314133167267,
                    "y": -0.5811463594436646,
                    "z": -0.149265319108963,
                    "w": 0.763784646987915
                }
            }
        },
        {
            "header": {
                "seq": 0,
                "stamp": {
                    "secs": 1687318005,
                    "nsecs": 197309290
                },
                "frame_id": "polhemus_base_0"
            },
            "child_frame_id": "polhemus_station_1",
            "transform": {
                "translation": {
                    "x": 0.1355585753917694,
                    "y": -0.024145228788256645,
                    "z": 0.050773344933986664
                },
                "rotation": {
                    "x": 0.08771004527807236,
                    "y": -0.2861909568309784,
                    "z": 0.10224094986915588,
                    "w": 0.9486560225486755
                }
            }
        },
        {
            "header": {
                "seq": 0,
                "stamp": {
                    "secs": 1687318005,
                    "nsecs": 197309290
                },
                "frame_id": "polhemus_base_0"
            },
            "child_frame_id": "polhemus_station_2",
            "transform": {
                "translation": {
                    "x": 0.14406141638755798,
                    "y": -0.01343457493931055,
                    "z": 0.06142151728272438
                },
                "rotation": {
                    "x": 0.031572457402944565,
                    "y": -0.4131607115268707,
                    "z": -0.14054752886295319,
                    "w": 0.8991929292678833
                }
            }
        },
        {
            "header": {
                "seq": 0,
                "stamp": {
                    "secs": 1687318005,
                    "nsecs": 197309290
                },
                "frame_id": "polhemus_base_0"
            },
            "child_frame_id": "polhemus_station_3",
            "transform": {
                "translation": {
                    "x": 0.12291813641786575,
                    "y": 0.04449654370546341,
                    "z": 0.0411481149494648
                },
                "rotation": {
                    "x": -0.22220470011234283,
                    "y": -0.3495855927467346,
                    "z": -0.09577113389968872,
                    "w": 0.9051201939582825
                }
            }
        },
        {
            "header": {
                "seq": 0,
                "stamp": {
                    "secs": 1687318005,
                    "nsecs": 197309290
                },
                "frame_id": "polhemus_base_0"
            },
            "child_frame_id": "polhemus_station_4",
            "transform": {
                "translation": {
                    "x": 0.13750848174095154,
                    "y": 0.061783596873283386,
                    "z": 0.04627077281475067
                },
                "rotation": {
                    "x": 0.4100441634654999,
                    "y": 0.2463701069355011,
                    "z": 0.21754193305969238,
                    "w": -0.850788414478302
                }
            }
        },
        {
            "header": {
                "seq": 0,
                "stamp": {
                    "secs": 1687318005,
                    "nsecs": 197309290
                },
                "frame_id": "polhemus_base_0"
            },
            "child_frame_id": "polhemus_station_5",
            "transform": {
                "translation": {
                    "x": 0.18836793303489685,
                    "y": 0.0528356172144413,
                    "z": 0.009527452290058136
                },
                "rotation": {
                    "x": 0.27811911702156067,
                    "y": -0.30620908737182617,
                    "z": 0.08137506246566772,
                    "w": -0.9067876935005188
                }
            }
        }
    ]
}