{
    "transforms": [
        {
            "header": {
                "seq": 0,
                "stamp": {
                    "secs": 1687317998,
                    "nsecs": 649579978
                },
                "frame_id": "ra_base"
            },
            "child_frame_id": "ra_tool0_controller",
            "transform": {
                "translation": {
                    "x": -0.6760726786620782,
                    "y": -0.09154184942948385,
                    "z": 0.6376336903287465
                },
                "rotation": {
                    "x": -0.5028103375338807,
                    "y": -0.5053235173018898,
                    "z": 0.49624952107871634,
                    "w": 0.4955464863762593
                }
            }
        }
    ]
}