{
    "transforms": [
        {
            "header": {
                "seq": 0,
                "stamp": {
                    "secs": 1687318019,
                    "nsecs": 181184906
                },
                "frame_id": "ra_base"
            },
            "child_frame_id": "ra_tool0_controller",
            "transform": {
                "translation": {
                    "x": -0.6728525712346728,
                    "y": -0.7293782105524124,
                    "z": 0.6299436212428983
                },
                "rotation": {
                    "x": -0.49075723489184836,
                    "y": -0.5021391871550884,
                    "z": 0.505014530015817,
                    "w": 0.5019700166319078
                }
            }
        }
    ]
}