{
    "transforms": [
        {
            "header": {
                "seq": 0,
                "stamp": {
                    "secs": 1687318025,
                    "nsecs": 287184906
                },
                "frame_id": "ra_base"
            },
            "child_frame_id": "ra_tool0_controller",
            "transform": {
                "translation": {
                    "x": -0.6728430333872562,
                    "y": -0.7293719635316612,
                    "z": 0.6299734762427256
                },
                "rotation": {
                    "x": -0.49074436946433486,
                    "y": -0.5021489398840082,
                    "z": 0.5050140678557331,
                    "w": 0.5019733033540968
                }
            }
        }
    ]
}