{
    "transforms": [
        {
            "header": {
                "seq": 0,
                "stamp": {
                    "secs": 1687318016,
                    "nsecs": 5486198
                },
                "frame_id": "polhemus_base_0"
            },
            "child_frame_id": "polhemus_station_0",
            "transform": {
                "translation": {
                    "x": 0.045981477946043015,
                    "y": -0.07067003101110458,
                    "z": 0.14123685657978058
                },
                "rotation": {
                    "x": -0.24241815507411957,
                    "y": -0.5836689472198486,
                    "z": -0.14852343499660492,
                    "w": 0.7605950236320496
                }
            }
        },
        {
            "header": {
                "seq": 0,
                "stamp": {
                    "secs": 1687318016,
                    "nsecs": 5486198
                },
                "frame_id": "polhemus_base_0"
            },
            "child_frame_id": "polhemus_station_1",
            "transform": {
                "translation": {
                    "x": 0.1355811208486557,
                    "y": -0.02407543919980526,
                    "z": 0.050770923495292664
                },
                "rotation": {
                    "x": 0.0881141647696495,
                    "y": -0.2858094573020935,
                    "z": 0.10279430449008942,
                    "w": 0.9486739039421082
                }
            }
        },
        {
            "header": {
                "seq": 0,
                "stamp": {
                    "secs": 1687318016,
                    "nsecs": 5486198
                },
                "frame_id": "polhemus_base_0"
            },
            "child_frame_id": "polhemus_station_2",
            "transform": {
                "translation": {
                    "x": 0.14406102895736694,
                    "y": -0.013378576375544071,
                    "z": 0.06142488494515419
                },
                "rotation": {
                    "x": 0.030659817159175873,
                    "y": -0.41300415992736816,
                    "z": -0.13971886038780212,
                    "w": 0.8994255661964417
                }
            }
        },
        {
            "header": {
                "seq": 0,
                "stamp": {
                    "secs": 1687318016,
                    "nsecs": 5486198
                },
                "frame_id": "polhemus_base_0"
            },
            "child_frame_id": "polhemus_station_3",
            "transform": {
                "translation": {
                    "x": 0.12322209030389786,
                    "y": 0.04446783289313316,
                    "z": 0.04059629142284393
                },
                "rotation": {
                    "x": -0.22002053260803223,
                    "y": -0.3463856279850006,
                    "z": -0.09604626148939133,
                    "w": 0.9068532586097717
                }
            }
        },
        {
            "header": {
                "seq": 0,
                "stamp": {
                    "secs": 1687318016,
                    "nsecs": 5486198
                },
                "frame_id": "polhemus_base_0"
            },
            "child_frame_id": "polhemus_station_4",
            "transform": {
                "translation": {
                    "x": 0.1380133330821991,
                    "y": 0.06151096522808075,
                    "z": 0.045649852603673935
                },
                "rotation": {
                    "x": 0.416908323764801,
                    "y": 0.24530911445617676,
                    "z": 0.21928739547729492,
                    "w": -0.8473039865493774
                }
            }
        },
        {
            "header": {
                "seq": 0,
                "stamp": {
                    "secs": 1687318016,
                    "nsecs": 5486198
                },
                "frame_id": "polhemus_base_0"
            },
            "child_frame_id": "polhemus_station_5",
            "transform": {
                "translation": {
                    "x": 0.18833984434604645,
                    "y": 0.05223187804222107,
                    "z": 0.009377537295222282
                },
                "rotation": {
                    "x": 0.2813895642757416,
                    "y": -0.30601248145103455,
                    "z": 0.08486129343509674,
                    "w": -0.9055246114730835
                }
            }
        }
    ]
}