{
    "transforms": [
        {
            "header": {
                "seq": 0,
                "stamp": {
                    "secs": 1687317999,
                    "nsecs": 307579978
                },
                "frame_id": "ra_base"
            },
            "child_frame_id": "ra_tool0_controller",
            "transform": {
                "translation": {
                    "x": -0.6760742871402866,
                    "y": -0.09154422737592029,
                    "z": 0.6376416613585608
                },
                "rotation": {
                    "x": -0.5028012680917708,
                    "y": -0.5053349352143058,
                    "z": 0.4962416206907943,
                    "w": 0.4955519568636919
                }
            }
        }
    ]
}