{
    "transforms": [
        {
            "header": {
                "seq": 0,
                "stamp": {
                    "secs": 1687318022,
                    "nsecs": 349184906
                },
                "frame_id": "ra_base"
            },
            "child_frame_id": "ra_tool0_controller",
            "transform": {
                "translation": {
                    "x": -0.6728556709732709,
                    "y": -0.729380411791428,
                    "z": 0.6299584480741327
                },
                "rotation": {
                    "x": -0.49074234614398005,
                    "y": -0.5021423002147716,
                    "z": 0.5050270160925958,
                    "w": 0.5019688964993042
                }
            }
        }
    ]
}