{
    "transforms": [
        {
            "header": {
                "seq": 0,
                "stamp": {
                    "secs": 1687318010,
                    "nsecs": 517184906
                },
                "frame_id": "ra_base"
            },
            "child_frame_id": "ra_tool0_controller",
            "transform": {
                "translation": {
                    "x": -0.7589839935463343,
                    "y": -0.4849126520778793,
                    "z": 0.6573484388853433
                },
                "rotation": {
                    "x": -0.49283720132528336,
                    "y": -0.5041958576958808,
                    "z": 0.5010647992056149,
                    "w": 0.501828752732657
                }
            }
        }
    ]
}