{
    "transforms": [
        {
            "header": {
                "seq": 0,
                "stamp": {
                    "secs": 1687318024,
                    "nsecs": 975184906
                },
                "frame_id": "ra_base"
            },
            "child_frame_id": "ra_tool0_controller",
            "transform": {
                "translation": {
                    "x": -0.6728435180441927,
                    "y": -0.7293859182728843,
                    "z": 0.6299502456201215
                },
                "rotation": {
                    "x": -0.4907422431062645,
                    "y": -0.5021483828899705,
                    "z": 0.5050109354709286,
                    "w": 0.5019790906470083
                }
            }
        }
    ]
}