{
    "transforms": [
        {
            "header": {
                "seq": 0,
                "stamp": {
                    "secs": 1687318010,
                    "nsecs": 697184906
                },
                "frame_id": "ra_base"
            },
            "child_frame_id": "ra_tool0_controller",
            "transform": {
                "translation": {
                    "x": -0.7535168808564545,
                    "y": -0.5166876200002896,
                    "z": 0.655244188721676
                },
                "rotation": {
                    "x": -0.4923837393352348,
                    "y": -0.5039543324722986,
                    "z": 0.5016271780909305,
                    "w": 0.5019546376129832
                }
            }
        }
    ]
}