{
    "transforms": [
        {
            "header": {
                "seq": 0,
                "stamp": {
                    "secs": 1687318020,
                    "nsecs": 488786419
                },
                "frame_id": "polhemus_base_0"
            },
            "child_frame_id": "polhemus_station_0",
            "transform": {
                "translation": {
                    "x": 0.04551491141319275,
                    "y": -0.07031779736280441,
                    "z": 0.14142780005931854
                },
                "rotation": {
                    "x": -0.24411684274673462,
                    "y": -0.5856464505195618,
                    "z": -0.14807166159152985,
                    "w": 0.758617103099823
                }
            }
        },
        {
            "header": {
                "seq": 0,
                "stamp": {
                    "secs": 1687318020,
                    "nsecs": 488786419
                },
                "frame_id": "polhemus_base_0"
            },
            "child_frame_id": "polhemus_station_1",
            "transform": {
                "translation": {
                    "x": 0.1355830430984497,
                    "y": -0.024035073816776276,
                    "z": 0.050809334963560104
                },
                "rotation": {
                    "x": 0.08816634863615036,
                    "y": -0.285755455493927,
                    "z": 0.10296530276536942,
                    "w": 0.9486667513847351
                }
            }
        },
        {
            "header": {
                "seq": 0,
                "stamp": {
                    "secs": 1687318020,
                    "nsecs": 488786419
                },
                "frame_id": "polhemus_base_0"
            },
            "child_frame_id": "polhemus_station_2",
            "transform": {
                "translation": {
                    "x": 0.1440574675798416,
                    "y": -0.013306005857884884,
                    "z": 0.061466604471206665
                },
                "rotation": {
                    "x": 0.030527494847774506,
                    "y": -0.4129694998264313,
                    "z": -0.13897690176963806,
                    "w": 0.8995608687400818
                }
            }
        },
        {
            "header": {
                "seq": 0,
                "stamp": {
                    "secs": 1687318020,
                    "nsecs": 488786419
                },
                "frame_id": "polhemus_base_0"
            },
            "child_frame_id": "polhemus_station_3",
            "transform": {
                "translation": {
                    "x": 0.1233130618929863,
                    "y": 0.04447445645928383,
                    "z": 0.04046221449971199
                },
                "rotation": {
                    "x": -0.2207677662372589,
                    "y": -0.3458015024662018,
                    "z": -0.09641002118587494,
                    "w": 0.9068559408187866
                }
            }
        },
        {
            "header": {
                "seq": 0,
                "stamp": {
                    "secs": 1687318020,
                    "nsecs": 488786419
                },
                "frame_id": "polhemus_base_0"
            },
            "child_frame_id": "polhemus_station_4",
            "transform": {
                "translation": {
                    "x": 0.13813357055187225,
                    "y": 0.06148555502295494,
                    "z": 0.04549111798405647
                },
                "rotation": {
                    "x": 0.41974344849586487,
                    "y": 0.2456943690776825,
                    "z": 0.21950538456439972,
                    "w": -0.8457347750663757
                }
            }
        },
        {
            "header": {
                "seq": 0,
                "stamp": {
                    "secs": 1687318020,
                    "nsecs": 488786419
                },
                "frame_id": "polhemus_base_0"
            },
            "child_frame_id": "polhemus_station_5",
            "transform": {
                "translation": {
                    "x": 0.18834051489830017,
                    "y": 0.052019961178302765,
                    "z": 0.009328663349151611
                },
                "rotation": {
                    "x": 0.28262895345687866,
                    "y": -0.3058689832687378,
                    "z": 0.08630171418190002,
                    "w": -0.9050508737564087
                }
            }
        }
    ]
}