{
    "transforms": [
        {
            "header": {
                "seq": 0,
                "stamp": {
                    "secs": 1687318000,
                    "nsecs": 535579978
                },
                "frame_id": "ra_base"
            },
            "child_frame_id": "ra_tool0_controller",
            "transform": {
                "translation": {
                    "x": -0.6760719551641653,
                    "y": -0.09153790743845307,
                    "z": 0.6376309435980743
                },
                "rotation": {
                    "x": -0.5028147839832002,
                    "y": -0.5053116624512581,
                    "z": 0.49624392016622343,
                    "w": 0.4955596719838412
                }
            }
        }
    ]
}