{
    "transforms": [
        {
            "header": {
                "seq": 0,
                "stamp": {
                    "secs": 1687318004,
                    "nsecs": 895579978
                },
                "frame_id": "ra_base"
            },
            "child_frame_id": "ra_tool0_controller",
            "transform": {
                "translation": {
                    "x": -0.6760742873991347,
                    "y": -0.09154645607748642,
                    "z": 0.6376355096639239
                },
                "rotation": {
                    "x": -0.5028024945228485,
                    "y": -0.5053222295889309,
                    "z": 0.496256029885239,
                    "w": 0.4955492393167541
                }
            }
        }
    ]
}