{
    "transforms": [
        {
            "header": {
                "seq": 0,
                "stamp": {
                    "secs": 1687318013,
                    "nsecs": 305184906
                },
                "frame_id": "ra_base"
            },
            "child_frame_id": "ra_tool0_controller",
            "transform": {
                "translation": {
                    "x": -0.6728378247861966,
                    "y": -0.7293988684753222,
                    "z": 0.6299424424150316
                },
                "rotation": {
                    "x": -0.49073562469076204,
                    "y": -0.502162046929032,
                    "z": 0.5050128555844322,
                    "w": 0.5019699602345441
                }
            }
        }
    ]
}