{
    "transforms": [
        {
            "header": {
                "seq": 0,
                "stamp": {
                    "secs": 1687318026,
                    "nsecs": 759184906
                },
                "frame_id": "ra_base"
            },
            "child_frame_id": "ra_tool0_controller",
            "transform": {
                "translation": {
                    "x": -0.6728371855637486,
                    "y": -0.7293890283428144,
                    "z": 0.6299346334972201
                },
                "rotation": {
                    "x": -0.4907303858740625,
                    "y": -0.5021788652753553,
                    "z": 0.504999812084373,
                    "w": 0.5019713791098039
                }
            }
        }
    ]
}