{
    "transforms": [
        {
            "header": {
                "seq": 0,
                "stamp": {
                    "secs": 1687318021,
                    "nsecs": 491184906
                },
                "frame_id": "ra_base"
            },
            "child_frame_id": "ra_tool0_controller",
            "transform": {
                "translation": {
                    "x": -0.6728379614991508,
                    "y": -0.7293799218764758,
                    "z": 0.6299434124956219
                },
                "rotation": {
                    "x": -0.49073750240888325,
                    "y": -0.5021647630316547,
                    "z": 0.5050086637814788,
                    "w": 0.5019696245834987
                }
            }
        }
    ]
}