{
    "transforms": [
        {
            "header": {
                "seq": 0,
                "stamp": {
                    "secs": 1687318021,
                    "nsecs": 609184906
                },
                "frame_id": "ra_base"
            },
            "child_frame_id": "ra_tool0_controller",
            "transform": {
                "translation": {
                    "x": -0.6728309467718081,
                    "y": -0.7294079645346546,
                    "z": 0.6299295137648182
                },
                "rotation": {
                    "x": -0.4907345073542336,
                    "y": -0.5021627453097597,
                    "z": 0.5050219979842641,
                    "w": 0.5019611559341473
                }
            }
        }
    ]
}