{
    "transforms": [
        {
            "header": {
                "seq": 0,
                "stamp": {
                    "secs": 1687317998,
                    "nsecs": 559579978
                },
                "frame_id": "ra_base"
            },
            "child_frame_id": "ra_tool0_controller",
            "transform": {
                "translation": {
                    "x": -0.67607538471024,
                    "y": -0.0915432266974365,
                    "z": 0.6376023103402949
                },
                "rotation": {
                    "x": -0.5028166935233274,
                    "y": -0.5053385243811445,
                    "z": 0.4962342983969494,
                    "w": 0.495539977786902
                }
            }
        }
    ]
}