{
    "transforms": [
        {
            "header": {
                "seq": 0,
                "stamp": {
                    "secs": 1687318015,
                    "nsecs": 943184906
                },
                "frame_id": "ra_base"
            },
            "child_frame_id": "ra_tool0_controller",
            "transform": {
                "translation": {
                    "x": -0.6728573472626959,
                    "y": -0.7293789019476935,
                    "z": 0.6299531155042248
                },
                "rotation": {
                    "x": -0.49074466918665166,
                    "y": -0.5021442045484661,
                    "z": 0.5050293030583138,
                    "w": 0.5019624194655471
                }
            }
        }
    ]
}