{
    "transforms": [
        {
            "header": {
                "seq": 0,
                "stamp": {
                    "secs": 1687318017,
                    "nsecs": 67184906
                },
                "frame_id": "ra_base"
            },
            "child_frame_id": "ra_tool0_controller",
            "transform": {
                "translation": {
                    "x": -0.6728397666837546,
                    "y": -0.7293829973027433,
                    "z": 0.6299418130035332
                },
                "rotation": {
                    "x": -0.49075488363221736,
                    "y": -0.5021532554115088,
                    "z": 0.5050083683973927,
                    "w": 0.5019644410905577
                }
            }
        }
    ]
}