{
    "transforms": [
        {
            "header": {
                "seq": 0,
                "stamp": {
                    "secs": 1687318006,
                    "nsecs": 825184906
                },
                "frame_id": "ra_base"
            },
            "child_frame_id": "ra_tool0_controller",
            "transform": {
                "translation": {
                    "x": -0.6760752983028732,
                    "y": -0.09154003698324802,
                    "z": 0.6376503094551599
                },
                "rotation": {
                    "x": -0.5028037553239965,
                    "y": -0.5053117390635958,
                    "z": 0.49624739273266527,
                    "w": 0.4955673064303607
                }
            }
        }
    ]
}