{
    "transforms": [
        {
            "header": {
                "seq": 0,
                "stamp": {
                    "secs": 1687318021,
                    "nsecs": 537184906
                },
                "frame_id": "ra_base"
            },
            "child_frame_id": "ra_tool0_controller",
            "transform": {
                "translation": {
                    "x": -0.6728413182151617,
                    "y": -0.7293881033352639,
                    "z": 0.6299553549813744
                },
                "rotation": {
                    "x": -0.4907356631805206,
                    "y": -0.5021618521807009,
                    "z": 0.5050151619468928,
                    "w": 0.5019677970756454
                }
            }
        }
    ]
}