{
    "transforms": [
        {
            "header": {
                "seq": 0,
                "stamp": {
                    "secs": 1687318007,
                    "nsecs": 739184906
                },
                "frame_id": "ra_base"
            },
            "child_frame_id": "ra_tool0_controller",
            "transform": {
                "translation": {
                    "x": -0.6816062622471915,
                    "y": -0.09978452737973725,
                    "z": 0.6396042621717091
                },
                "rotation": {
                    "x": -0.5024390023355455,
                    "y": -0.5053666719591006,
                    "z": 0.4963129304975403,
                    "w": 0.49581554112995335
                }
            }
        }
    ]
}