{
    "transforms": [
        {
            "header": {
                "seq": 0,
                "stamp": {
                    "secs": 1687318024,
                    "nsecs": 943184906
                },
                "frame_id": "ra_base"
            },
            "child_frame_id": "ra_tool0_controller",
            "transform": {
                "translation": {
                    "x": -0.6728529514859536,
                    "y": -0.7293779767961369,
                    "z": 0.6299531119133229
                },
                "rotation": {
                    "x": -0.4907312867820666,
                    "y": -0.5021603149108679,
                    "z": 0.5050088094775723,
                    "w": 0.5019800042351092
                }
            }
        }
    ]
}