{
    "transforms": [
        {
            "header": {
                "seq": 0,
                "stamp": {
                    "secs": 1687318025,
                    "nsecs": 188869156
                },
                "frame_id": "polhemus_base_0"
            },
            "child_frame_id": "polhemus_station_0",
            "transform": {
                "translation": {
                    "x": 0.04527226462960243,
                    "y": -0.07005451619625092,
                    "z": 0.14159896969795227
                },
                "rotation": {
                    "x": -0.24553890526294708,
                    "y": -0.5864801406860352,
                    "z": -0.14798450469970703,
                    "w": 0.7575303912162781
                }
            }
        },
        {
            "header": {
                "seq": 0,
                "stamp": {
                    "secs": 1687318025,
                    "nsecs": 188869156
                },
                "frame_id": "polhemus_base_0"
            },
            "child_frame_id": "polhemus_station_1",
            "transform": {
                "translation": {
                    "x": 0.13559159636497498,
                    "y": -0.023989932611584663,
                    "z": 0.05083523690700531
                },
                "rotation": {
                    "x": 0.08839397877454758,
                    "y": -0.28569740056991577,
                    "z": 0.1032165065407753,
                    "w": 0.9486356973648071
                }
            }
        },
        {
            "header": {
                "seq": 0,
                "stamp": {
                    "secs": 1687318025,
                    "nsecs": 188869156
                },
                "frame_id": "polhemus_base_0"
            },
            "child_frame_id": "polhemus_station_2",
            "transform": {
                "translation": {
                    "x": 0.14406397938728333,
                    "y": -0.013250432908535004,
                    "z": 0.061485130339860916
                },
                "rotation": {
                    "x": 0.030247889459133148,
                    "y": -0.4128349721431732,
                    "z": -0.1384955495595932,
                    "w": 0.899706244468689
                }
            }
        },
        {
            "header": {
                "seq": 0,
                "stamp": {
                    "secs": 1687318025,
                    "nsecs": 188869156
                },
                "frame_id": "polhemus_base_0"
            },
            "child_frame_id": "polhemus_station_3",
            "transform": {
                "translation": {
                    "x": 0.12340793013572693,
                    "y": 0.044507235288619995,
                    "z": 0.040375079959630966
                },
                "rotation": {
                    "x": -0.22211535274982452,
                    "y": -0.34515899419784546,
                    "z": -0.09707881510257721,
                    "w": 0.9067003130912781
                }
            }
        },
        {
            "header": {
                "seq": 0,
                "stamp": {
                    "secs": 1687318025,
                    "nsecs": 188869156
                },
                "frame_id": "polhemus_base_0"
            },
            "child_frame_id": "polhemus_station_4",
            "transform": {
                "translation": {
                    "x": 0.13827452063560486,
                    "y": 0.06150370091199875,
                    "z": 0.045364998281002045
                },
                "rotation": {
                    "x": 0.4227069318294525,
                    "y": 0.24563802778720856,
                    "z": 0.22017687559127808,
                    "w": -0.8440989255905151
                }
            }
        },
        {
            "header": {
                "seq": 0,
                "stamp": {
                    "secs": 1687318025,
                    "nsecs": 188869156
                },
                "frame_id": "polhemus_base_0"
            },
            "child_frame_id": "polhemus_station_5",
            "transform": {
                "translation": {
                    "x": 0.18833141028881073,
                    "y": 0.05185096338391304,
                    "z": 0.009260415099561214
                },
                "rotation": {
                    "x": 0.2834622859954834,
                    "y": -0.30595651268959045,
                    "z": 0.0872284471988678,
                    "w": -0.9046717882156372
                }
            }
        }
    ]
}