{
    "transforms": [
        {
            "header": {
                "seq": 0,
                "stamp": {
                    "secs": 1687318002,
                    "nsecs": 455579978
                },
                "frame_id": "ra_base"
            },
            "child_frame_id": "ra_tool0_controller",
            "transform": {
                "translation": {
                    "x": -0.6760723433417317,
                    "y": -0.09155017400308882,
                    "z": 0.6376293073628366
                },
                "rotation": {
                    "x": -0.5028102340252804,
                    "y": -0.5053253429412125,
                    "z": 0.49623955526422253,
                    "w": 0.4955547095245445
                }
            }
        }
    ]
}