{
    "transforms": [
        {
            "header": {
                "seq": 0,
                "stamp": {
                    "secs": 1687318004,
                    "nsecs": 413579978
                },
                "frame_id": "ra_base"
            },
            "child_frame_id": "ra_tool0_controller",
            "transform": {
                "translation": {
                    "x": -0.6760745339035601,
                    "y": -0.0915508697557731,
                    "z": 0.6376385316666581
                },
                "rotation": {
                    "x": -0.5028017728118667,
                    "y": -0.505319267243214,
                    "z": 0.49625794063578726,
                    "w": 0.4955510788667025
                }
            }
        }
    ]
}