{
    "transforms": [
        {
            "header": {
                "seq": 0,
                "stamp": {
                    "secs": 1687318007,
                    "nsecs": 360805711
                },
                "frame_id": "polhemus_base_0"
            },
            "child_frame_id": "rh_user_forearm",
            "transform": {
                "translation": {
                    "x": -0.18833917379379272,
                    "y": 0.05282898619771004,
                    "z": 0.009461804293096066
                },
                "rotation": {
                    "x": -0.27867012708243155,
                    "y": -0.3063759151899595,
                    "z": 0.08133494705769856,
                    "w": 0.9065657092844939
                }
            }
        }
    ]
}