{
    "transforms": [
        {
            "header": {
                "seq": 0,
                "stamp": {
                    "secs": 1687318019,
                    "nsecs": 69184906
                },
                "frame_id": "ra_base"
            },
            "child_frame_id": "ra_tool0_controller",
            "transform": {
                "translation": {
                    "x": -0.6728444416922083,
                    "y": -0.7293885253362041,
                    "z": 0.6299240614184672
                },
                "rotation": {
                    "x": -0.4907418981148399,
                    "y": -0.5021743188421499,
                    "z": 0.5049929757946824,
                    "w": 0.5019715503174438
                }
            }
        }
    ]
}