{
    "transforms": [
        {
            "header": {
                "seq": 0,
                "stamp": {
                    "secs": 1687318004,
                    "nsecs": 67579978
                },
                "frame_id": "ra_base"
            },
            "child_frame_id": "ra_tool0_controller",
            "transform": {
                "translation": {
                    "x": -0.6760825338361107,
                    "y": -0.09154335516490895,
                    "z": 0.6376339806227169
                },
                "rotation": {
                    "x": -0.5028110335767836,
                    "y": -0.5053199593152914,
                    "z": 0.4962501341313377,
                    "w": 0.49554879437414445
                }
            }
        }
    ]
}