{
    "transforms": [
        {
            "header": {
                "seq": 0,
                "stamp": {
                    "secs": 1687318009,
                    "nsecs": 807184906
                },
                "frame_id": "ra_base"
            },
            "child_frame_id": "ra_tool0_controller",
            "transform": {
                "translation": {
                    "x": -0.7647469313386308,
                    "y": -0.3636213152241928,
                    "z": 0.6616885050805694
                },
                "rotation": {
                    "x": -0.4947680978335278,
                    "y": -0.5050088708576411,
                    "z": 0.49933836555679234,
                    "w": 0.5008310757175061
                }
            }
        }
    ]
}