{
    "transforms": [
        {
            "header": {
                "seq": 0,
                "stamp": {
                    "secs": 1687318014,
                    "nsecs": 641184906
                },
                "frame_id": "ra_base"
            },
            "child_frame_id": "ra_tool0_controller",
            "transform": {
                "translation": {
                    "x": -0.6728652891632335,
                    "y": -0.7293860715431009,
                    "z": 0.6299104004221985
                },
                "rotation": {
                    "x": -0.49073583731722803,
                    "y": -0.50217212366117,
                    "z": 0.505001572098849,
                    "w": 0.5019710234345012
                }
            }
        }
    ]
}