{
    "transforms": [
        {
            "header": {
                "seq": 0,
                "stamp": {
                    "secs": 1687318015,
                    "nsecs": 21184906
                },
                "frame_id": "ra_base"
            },
            "child_frame_id": "ra_tool0_controller",
            "transform": {
                "translation": {
                    "x": -0.6728529257827427,
                    "y": -0.7293762900905865,
                    "z": 0.6299412908694485
                },
                "rotation": {
                    "x": -0.490745260587756,
                    "y": -0.5021495993242693,
                    "z": 0.5050118497417412,
                    "w": 0.5019740040376158
                }
            }
        }
    ]
}