{
    "transforms": [
        {
            "header": {
                "seq": 0,
                "stamp": {
                    "secs": 1687318011,
                    "nsecs": 799184906
                },
                "frame_id": "ra_base"
            },
            "child_frame_id": "ra_tool0_controller",
            "transform": {
                "translation": {
                    "x": -0.6922475176960889,
                    "y": -0.6936190437505527,
                    "z": 0.635597242440704
                },
                "rotation": {
                    "x": -0.49091360576364373,
                    "y": -0.5024203660644413,
                    "z": 0.5044439594855625,
                    "w": 0.5021094494015609
                }
            }
        }
    ]
}