{
    "transforms": [
        {
            "header": {
                "seq": 0,
                "stamp": {
                    "secs": 1687318009,
                    "nsecs": 411184906
                },
                "frame_id": "ra_base"
            },
            "child_frame_id": "ra_tool0_controller",
            "transform": {
                "translation": {
                    "x": -0.7579052400199389,
                    "y": -0.2998865181007291,
                    "z": 0.6610508872902713
                },
                "rotation": {
                    "x": -0.49614476531382096,
                    "y": -0.5053889086461268,
                    "z": 0.4984211532905478,
                    "w": 0.4999987768201944
                }
            }
        }
    ]
}