{
    "transforms": [
        {
            "header": {
                "seq": 0,
                "stamp": {
                    "secs": 1687318004,
                    "nsecs": 119139153
                },
                "frame_id": "polhemus_base_0"
            },
            "child_frame_id": "rh_user_forearm",
            "transform": {
                "translation": {
                    "x": -0.18835242092609406,
                    "y": 0.05291151627898216,
                    "z": 0.009557372890412807
                },
                "rotation": {
                    "x": -0.27779935285782187,
                    "y": -0.30609787832738317,
                    "z": 0.08096909084445866,
                    "w": 0.9069595441711122
                }
            }
        }
    ]
}