{
    "transforms": [
        {
            "header": {
                "seq": 0,
                "stamp": {
                    "secs": 1687318006,
                    "nsecs": 257184906
                },
                "frame_id": "ra_base"
            },
            "child_frame_id": "ra_tool0_controller",
            "transform": {
                "translation": {
                    "x": -0.6760789471211235,
                    "y": -0.0915435562049406,
                    "z": 0.6376460194473875
                },
                "rotation": {
                    "x": -0.5027969216437178,
                    "y": -0.505320313655767,
                    "z": 0.4962563603168289,
                    "w": 0.4955565164918446
                }
            }
        }
    ]
}