{
    "transforms": [
        {
            "header": {
                "seq": 0,
                "stamp": {
                    "secs": 1687318026,
                    "nsecs": 305184906
                },
                "frame_id": "ra_base"
            },
            "child_frame_id": "ra_tool0_controller",
            "transform": {
                "translation": {
                    "x": -0.6728517162420967,
                    "y": -0.7293699579283118,
                    "z": 0.6299286692076264
                },
                "rotation": {
                    "x": -0.49074434336808687,
                    "y": -0.5021693683379149,
                    "z": 0.5049885716634955,
                    "w": 0.501978542812925
                }
            }
        }
    ]
}