{
    "transforms": [
        {
            "header": {
                "seq": 0,
                "stamp": {
                    "secs": 1687318020,
                    "nsecs": 967184906
                },
                "frame_id": "ra_base"
            },
            "child_frame_id": "ra_tool0_controller",
            "transform": {
                "translation": {
                    "x": -0.6728592089886485,
                    "y": -0.729376501665172,
                    "z": 0.6299741211934197
                },
                "rotation": {
                    "x": -0.49073919864646454,
                    "y": -0.5021376435755038,
                    "z": 0.5050196551205498,
                    "w": 0.5019840373539651
                }
            }
        }
    ]
}