{
    "transforms": [
        {
            "header": {
                "seq": 0,
                "stamp": {
                    "secs": 1687318009,
                    "nsecs": 235184906
                },
                "frame_id": "ra_base"
            },
            "child_frame_id": "ra_tool0_controller",
            "transform": {
                "translation": {
                    "x": -0.7527796410813709,
                    "y": -0.2727492330941534,
                    "z": 0.6601276188914457
                },
                "rotation": {
                    "x": -0.4967688429312192,
                    "y": -0.5054802404557303,
                    "z": 0.4980967829452657,
                    "w": 0.49960988583210786
                }
            }
        }
    ]
}