{
    "transforms": [
        {
            "header": {
                "seq": 0,
                "stamp": {
                    "secs": 1687318025,
                    "nsecs": 817184906
                },
                "frame_id": "ra_base"
            },
            "child_frame_id": "ra_tool0_controller",
            "transform": {
                "translation": {
                    "x": -0.6728414292855088,
                    "y": -0.7293858578566373,
                    "z": 0.6299655288428686
                },
                "rotation": {
                    "x": -0.49074454948777096,
                    "y": -0.5021552908940186,
                    "z": 0.5050118320156984,
                    "w": 0.5019690234460052
                }
            }
        }
    ]
}