{
    "transforms": [
        {
            "header": {
                "seq": 0,
                "stamp": {
                    "secs": 1687318010,
                    "nsecs": 555184906
                },
                "frame_id": "ra_base"
            },
            "child_frame_id": "ra_tool0_controller",
            "transform": {
                "translation": {
                    "x": -0.7579162768816755,
                    "y": -0.49163334409828263,
                    "z": 0.6570199764832071
                },
                "rotation": {
                    "x": -0.49270074930027086,
                    "y": -0.5041363868762699,
                    "z": 0.5012502302509135,
                    "w": 0.5018373060461903
                }
            }
        }
    ]
}