{
    "transforms": [
        {
            "header": {
                "seq": 0,
                "stamp": {
                    "secs": 1687318015,
                    "nsecs": 339184906
                },
                "frame_id": "ra_base"
            },
            "child_frame_id": "ra_tool0_controller",
            "transform": {
                "translation": {
                    "x": -0.6728400830968129,
                    "y": -0.7293865481006733,
                    "z": 0.6299517731816962
                },
                "rotation": {
                    "x": -0.49073095697586316,
                    "y": -0.5021723934834246,
                    "z": 0.5050026402286427,
                    "w": 0.5019744499979876
                }
            }
        }
    ]
}