{
    "transforms": [
        {
            "header": {
                "seq": 0,
                "stamp": {
                    "secs": 1687318002,
                    "nsecs": 473579978
                },
                "frame_id": "ra_base"
            },
            "child_frame_id": "ra_tool0_controller",
            "transform": {
                "translation": {
                    "x": -0.6760713143737842,
                    "y": -0.0915507329952396,
                    "z": 0.6376419776999331
                },
                "rotation": {
                    "x": -0.502813846720041,
                    "y": -0.505320644346516,
                    "z": 0.4962459258308497,
                    "w": 0.4955494556954934
                }
            }
        }
    ]
}