{
    "transforms": [
        {
            "header": {
                "seq": 0,
                "stamp": {
                    "secs": 1687318013,
                    "nsecs": 247146487
                },
                "frame_id": "polhemus_base_0"
            },
            "child_frame_id": "polhemus_station_0",
            "transform": {
                "translation": {
                    "x": 0.04608899727463722,
                    "y": -0.07093018293380737,
                    "z": 0.14108708500862122
                },
                "rotation": {
                    "x": -0.24108193814754486,
                    "y": -0.5833287835121155,
                    "z": -0.14876660704612732,
                    "w": 0.761232852935791
                }
            }
        },
        {
            "header": {
                "seq": 0,
                "stamp": {
                    "secs": 1687318013,
                    "nsecs": 247146487
                },
                "frame_id": "polhemus_base_0"
            },
            "child_frame_id": "polhemus_station_1",
            "transform": {
                "translation": {
                    "x": 0.13558103144168854,
                    "y": -0.024107448756694794,
                    "z": 0.050760410726070404
                },
                "rotation": {
                    "x": 0.08797523379325867,
                    "y": -0.28592270612716675,
                    "z": 0.10259471088647842,
                    "w": 0.9486742615699768
                }
            }
        },
        {
            "header": {
                "seq": 0,
                "stamp": {
                    "secs": 1687318013,
                    "nsecs": 247146487
                },
                "frame_id": "polhemus_base_0"
            },
            "child_frame_id": "polhemus_station_2",
            "transform": {
                "translation": {
                    "x": 0.14407631754875183,
                    "y": -0.013415643014013767,
                    "z": 0.06141240894794464
                },
                "rotation": {
                    "x": 0.030771728605031967,
                    "y": -0.41301918029785156,
                    "z": -0.140105202794075,
                    "w": 0.8993547558784485
                }
            }
        },
        {
            "header": {
                "seq": 0,
                "stamp": {
                    "secs": 1687318013,
                    "nsecs": 247146487
                },
                "frame_id": "polhemus_base_0"
            },
            "child_frame_id": "polhemus_station_3",
            "transform": {
                "translation": {
                    "x": 0.12312724441289902,
                    "y": 0.04450606182217598,
                    "z": 0.04073235020041466
                },
                "rotation": {
                    "x": -0.22018474340438843,
                    "y": -0.3472301959991455,
                    "z": -0.09541910141706467,
                    "w": 0.9065564870834351
                }
            }
        },
        {
            "header": {
                "seq": 0,
                "stamp": {
                    "secs": 1687318013,
                    "nsecs": 247146487
                },
                "frame_id": "polhemus_base_0"
            },
            "child_frame_id": "polhemus_station_4",
            "transform": {
                "translation": {
                    "x": 0.13788866996765137,
                    "y": 0.0615653358399868,
                    "z": 0.045816365629434586
                },
                "rotation": {
                    "x": 0.4148328900337219,
                    "y": 0.24540622532367706,
                    "z": 0.21883639693260193,
                    "w": -0.8484103083610535
                }
            }
        },
        {
            "header": {
                "seq": 0,
                "stamp": {
                    "secs": 1687318013,
                    "nsecs": 247146487
                },
                "frame_id": "polhemus_base_0"
            },
            "child_frame_id": "polhemus_station_5",
            "transform": {
                "translation": {
                    "x": 0.1883564442396164,
                    "y": 0.052401818335056305,
                    "z": 0.009381135925650597
                },
                "rotation": {
                    "x": 0.28017571568489075,
                    "y": -0.3062838017940521,
                    "z": 0.08381518721580505,
                    "w": -0.905906617641449
                }
            }
        }
    ]
}