{
    "transforms": [
        {
            "header": {
                "seq": 0,
                "stamp": {
                    "secs": 1687318016,
                    "nsecs": 53184906
                },
                "frame_id": "ra_base"
            },
            "child_frame_id": "ra_tool0_controller",
            "transform": {
                "translation": {
                    "x": -0.6728591416759292,
                    "y": -0.729387798724235,
                    "z": 0.6299588914643988
                },
                "rotation": {
                    "x": -0.49073482991355577,
                    "y": -0.5021476634645011,
                    "z": 0.5050213419989297,
                    "w": 0.5019765880122855
                }
            }
        }
    ]
}