{
    "transforms": [
        {
            "header": {
                "seq": 0,
                "stamp": {
                    "secs": 1687318026,
                    "nsecs": 843184906
                },
                "frame_id": "ra_base"
            },
            "child_frame_id": "ra_tool0_controller",
            "transform": {
                "translation": {
                    "x": -0.6728454841918181,
                    "y": -0.7293917790961473,
                    "z": 0.6299344465452524
                },
                "rotation": {
                    "x": -0.4907351970065404,
                    "y": -0.5021736926866104,
                    "z": 0.5050033133311179,
                    "w": 0.5019683280019154
                }
            }
        }
    ]
}