{
    "transforms": [
        {
            "header": {
                "seq": 0,
                "stamp": {
                    "secs": 1687318023,
                    "nsecs": 961184906
                },
                "frame_id": "ra_base"
            },
            "child_frame_id": "ra_tool0_controller",
            "transform": {
                "translation": {
                    "x": -0.6728331501149389,
                    "y": -0.7293840706148581,
                    "z": 0.629956264506346
                },
                "rotation": {
                    "x": -0.4907319408542332,
                    "y": -0.5021652038712727,
                    "z": 0.5050071860157224,
                    "w": 0.5019761073187071
                }
            }
        }
    ]
}