{
    "transforms": [
        {
            "header": {
                "seq": 0,
                "stamp": {
                    "secs": 1687318010,
                    "nsecs": 119184906
                },
                "frame_id": "ra_base"
            },
            "child_frame_id": "ra_tool0_controller",
            "transform": {
                "translation": {
                    "x": -0.765145232848436,
                    "y": -0.41606252288325635,
                    "z": 0.660633109162401
                },
                "rotation": {
                    "x": -0.4938259034969569,
                    "y": -0.504717228446573,
                    "z": 0.5000800376953154,
                    "w": 0.501314723744751
                }
            }
        }
    ]
}