{
    "transforms": [
        {
            "header": {
                "seq": 0,
                "stamp": {
                    "secs": 1687318019,
                    "nsecs": 388805872
                },
                "frame_id": "polhemus_base_0"
            },
            "child_frame_id": "polhemus_station_0",
            "transform": {
                "translation": {
                    "x": 0.0456230565905571,
                    "y": -0.07043003290891647,
                    "z": 0.14138057827949524
                },
                "rotation": {
                    "x": -0.24370425939559937,
                    "y": -0.5851232409477234,
                    "z": -0.14847058057785034,
                    "w": 0.7590753436088562
                }
            }
        },
        {
            "header": {
                "seq": 0,
                "stamp": {
                    "secs": 1687318019,
                    "nsecs": 388805872
                },
                "frame_id": "polhemus_base_0"
            },
            "child_frame_id": "polhemus_station_1",
            "transform": {
                "translation": {
                    "x": 0.13559433817863464,
                    "y": -0.02406393550336361,
                    "z": 0.05079817771911621
                },
                "rotation": {
                    "x": 0.08810988813638687,
                    "y": -0.28570955991744995,
                    "z": 0.10278119146823883,
                    "w": 0.9487056732177734
                }
            }
        },
        {
            "header": {
                "seq": 0,
                "stamp": {
                    "secs": 1687318019,
                    "nsecs": 388805872
                },
                "frame_id": "polhemus_base_0"
            },
            "child_frame_id": "polhemus_station_2",
            "transform": {
                "translation": {
                    "x": 0.1440744549036026,
                    "y": -0.013363776728510857,
                    "z": 0.061453331261873245
                },
                "rotation": {
                    "x": 0.030217403545975685,
                    "y": -0.4128729999065399,
                    "z": -0.1395094245672226,
                    "w": 0.8995331525802612
                }
            }
        },
        {
            "header": {
                "seq": 0,
                "stamp": {
                    "secs": 1687318019,
                    "nsecs": 388805872
                },
                "frame_id": "polhemus_base_0"
            },
            "child_frame_id": "polhemus_station_3",
            "transform": {
                "translation": {
                    "x": 0.12329212576150894,
                    "y": 0.044455330818891525,
                    "z": 0.04050268977880478
                },
                "rotation": {
                    "x": -0.22036944329738617,
                    "y": -0.34595704078674316,
                    "z": -0.09637393057346344,
                    "w": 0.9068973660469055
                }
            }
        },
        {
            "header": {
                "seq": 0,
                "stamp": {
                    "secs": 1687318019,
                    "nsecs": 388805872
                },
                "frame_id": "polhemus_base_0"
            },
            "child_frame_id": "polhemus_station_4",
            "transform": {
                "translation": {
                    "x": 0.13811275362968445,
                    "y": 0.061473287642002106,
                    "z": 0.045509591698646545
                },
                "rotation": {
                    "x": 0.41903337836265564,
                    "y": 0.24544210731983185,
                    "z": 0.21958568692207336,
                    "w": -0.8461390733718872
                }
            }
        },
        {
            "header": {
                "seq": 0,
                "stamp": {
                    "secs": 1687318019,
                    "nsecs": 388805872
                },
                "frame_id": "polhemus_base_0"
            },
            "child_frame_id": "polhemus_station_5",
            "transform": {
                "translation": {
                    "x": 0.18833327293395996,
                    "y": 0.052048247307538986,
                    "z": 0.009379035793244839
                },
                "rotation": {
                    "x": 0.28215664625167847,
                    "y": -0.30573371052742004,
                    "z": 0.08627787232398987,
                    "w": -0.9052461385726929
                }
            }
        }
    ]
}