{
    "transforms": [
        {
            "header": {
                "seq": 0,
                "stamp": {
                    "secs": 1687318026,
                    "nsecs": 189184906
                },
                "frame_id": "ra_base"
            },
            "child_frame_id": "ra_tool0_controller",
            "transform": {
                "translation": {
                    "x": -0.6728498212323883,
                    "y": -0.7293733492409531,
                    "z": 0.6299453003105686
                },
                "rotation": {
                    "x": -0.4907469185456904,
                    "y": -0.5021596519854921,
                    "z": 0.5050018072157983,
                    "w": 0.50197243008406
                }
            }
        }
    ]
}