{
    "transforms": [
        {
            "header": {
                "seq": 0,
                "stamp": {
                    "secs": 1687318024,
                    "nsecs": 319184906
                },
                "frame_id": "ra_base"
            },
            "child_frame_id": "ra_tool0_controller",
            "transform": {
                "translation": {
                    "x": -0.672848217882331,
                    "y": -0.7293737550111695,
                    "z": 0.6299641374050193
                },
                "rotation": {
                    "x": -0.4907379244140582,
                    "y": -0.502152479885564,
                    "z": 0.5050167515065528,
                    "w": 0.5019733630227098
                }
            }
        }
    ]
}