{
    "transforms": [
        {
            "header": {
                "seq": 0,
                "stamp": {
                    "secs": 1687318015,
                    "nsecs": 72143111
                },
                "frame_id": "polhemus_base_0"
            },
            "child_frame_id": "polhemus_station_0",
            "transform": {
                "translation": {
                    "x": 0.045973192900419235,
                    "y": -0.07074124366044998,
                    "z": 0.14119967818260193
                },
                "rotation": {
                    "x": -0.2419528365135193,
                    "y": -0.5837396383285522,
                    "z": -0.14859646558761597,
                    "w": 0.7606746554374695
                }
            }
        },
        {
            "header": {
                "seq": 0,
                "stamp": {
                    "secs": 1687318015,
                    "nsecs": 72143111
                },
                "frame_id": "polhemus_base_0"
            },
            "child_frame_id": "polhemus_station_1",
            "transform": {
                "translation": {
                    "x": 0.1355777084827423,
                    "y": -0.024078937247395515,
                    "z": 0.05077080428600311
                },
                "rotation": {
                    "x": 0.08814004808664322,
                    "y": -0.285828173160553,
                    "z": 0.1027849093079567,
                    "w": 0.9486668705940247
                }
            }
        },
        {
            "header": {
                "seq": 0,
                "stamp": {
                    "secs": 1687318015,
                    "nsecs": 72143111
                },
                "frame_id": "polhemus_base_0"
            },
            "child_frame_id": "polhemus_station_2",
            "transform": {
                "translation": {
                    "x": 0.14405931532382965,
                    "y": -0.013373865745961666,
                    "z": 0.061430223286151886
                },
                "rotation": {
                    "x": 0.030854374170303345,
                    "y": -0.4130033850669861,
                    "z": -0.13969704508781433,
                    "w": 0.8994225859642029
                }
            }
        },
        {
            "header": {
                "seq": 0,
                "stamp": {
                    "secs": 1687318015,
                    "nsecs": 72143111
                },
                "frame_id": "polhemus_base_0"
            },
            "child_frame_id": "polhemus_station_3",
            "transform": {
                "translation": {
                    "x": 0.12318994849920273,
                    "y": 0.04448374733328819,
                    "z": 0.04064328223466873
                },
                "rotation": {
                    "x": -0.21996039152145386,
                    "y": -0.3466559648513794,
                    "z": -0.09574086964130402,
                    "w": 0.9067968726158142
                }
            }
        },
        {
            "header": {
                "seq": 0,
                "stamp": {
                    "secs": 1687318015,
                    "nsecs": 72143111
                },
                "frame_id": "polhemus_base_0"
            },
            "child_frame_id": "polhemus_station_4",
            "transform": {
                "translation": {
                    "x": 0.13797086477279663,
                    "y": 0.06154864653944969,
                    "z": 0.04569019377231598
                },
                "rotation": {
                    "x": 0.4165051281452179,
                    "y": 0.2453940361738205,
                    "z": 0.21894317865371704,
                    "w": -0.8475666046142578
                }
            }
        },
        {
            "header": {
                "seq": 0,
                "stamp": {
                    "secs": 1687318015,
                    "nsecs": 72143111
                },
                "frame_id": "polhemus_base_0"
            },
            "child_frame_id": "polhemus_station_5",
            "transform": {
                "translation": {
                    "x": 0.18834175169467926,
                    "y": 0.0522652231156826,
                    "z": 0.009372294880449772
                },
                "rotation": {
                    "x": 0.2810421288013458,
                    "y": -0.3061864674091339,
                    "z": 0.08474795520305634,
                    "w": -0.9055843353271484
                }
            }
        }
    ]
}