{
    "transforms": [
        {
            "header": {
                "seq": 0,
                "stamp": {
                    "secs": 1687318022,
                    "nsecs": 937184906
                },
                "frame_id": "ra_base"
            },
            "child_frame_id": "ra_tool0_controller",
            "transform": {
                "translation": {
                    "x": -0.6728418142671431,
                    "y": -0.7293951079300256,
                    "z": 0.6299582553882371
                },
                "rotation": {
                    "x": -0.49073176168508725,
                    "y": -0.5021523118032656,
                    "z": 0.5050341213214231,
                    "w": 0.5019620803658229
                }
            }
        }
    ]
}