{
    "transforms": [
        {
            "header": {
                "seq": 0,
                "stamp": {
                    "secs": 1687318011,
                    "nsecs": 299184906
                },
                "frame_id": "ra_base"
            },
            "child_frame_id": "ra_tool0_controller",
            "transform": {
                "translation": {
                    "x": -0.722099683617067,
                    "y": -0.6260828828188383,
                    "z": 0.6445559757398016
                },
                "rotation": {
                    "x": -0.491324119464165,
                    "y": -0.5030900236913746,
                    "z": 0.5033265118460598,
                    "w": 0.5021587997514864
                }
            }
        }
    ]
}