{
    "transforms": [
        {
            "header": {
                "seq": 0,
                "stamp": {
                    "secs": 1687318007,
                    "nsecs": 59184906
                },
                "frame_id": "ra_base"
            },
            "child_frame_id": "ra_tool0_controller",
            "transform": {
                "translation": {
                    "x": -0.6760700518242378,
                    "y": -0.09153996140765756,
                    "z": 0.6376232793316448
                },
                "rotation": {
                    "x": -0.5028204476824782,
                    "y": -0.5053208896665573,
                    "z": 0.49623440971773153,
                    "w": 0.49555403990996383
                }
            }
        }
    ]
}