{
    "transforms": [
        {
            "header": {
                "seq": 0,
                "stamp": {
                    "secs": 1687318017,
                    "nsecs": 317184906
                },
                "frame_id": "ra_base"
            },
            "child_frame_id": "ra_tool0_controller",
            "transform": {
                "translation": {
                    "x": -0.6728527975168634,
                    "y": -0.7293716585453096,
                    "z": 0.6299339786162838
                },
                "rotation": {
                    "x": -0.49073934068326946,
                    "y": -0.5021728728762888,
                    "z": 0.50498683964603,
                    "w": 0.5019816700211669
                }
            }
        }
    ]
}