{
    "transforms": [
        {
            "header": {
                "seq": 0,
                "stamp": {
                    "secs": 1687318022,
                    "nsecs": 669151140
                },
                "frame_id": "polhemus_base_0"
            },
            "child_frame_id": "rh_user_forearm",
            "transform": {
                "translation": {
                    "x": -0.18831866979599,
                    "y": 0.05198220536112785,
                    "z": 0.009237293154001236
                },
                "rotation": {
                    "x": -0.28294336632607964,
                    "y": -0.3062554878213327,
                    "z": 0.08627563665218146,
                    "w": 0.9048243708873253
                }
            }
        }
    ]
}