{
    "transforms": [
        {
            "header": {
                "seq": 0,
                "stamp": {
                    "secs": 1687318014,
                    "nsecs": 263826944
                },
                "frame_id": "polhemus_base_0"
            },
            "child_frame_id": "polhemus_station_0",
            "transform": {
                "translation": {
                    "x": 0.04605906084179878,
                    "y": -0.07081428915262222,
                    "z": 0.14112798869609833
                },
                "rotation": {
                    "x": -0.24163943529129028,
                    "y": -0.5834837555885315,
                    "z": -0.14842231571674347,
                    "w": 0.7610045075416565
                }
            }
        },
        {
            "header": {
                "seq": 0,
                "stamp": {
                    "secs": 1687318014,
                    "nsecs": 263826944
                },
                "frame_id": "polhemus_base_0"
            },
            "child_frame_id": "polhemus_station_1",
            "transform": {
                "translation": {
                    "x": 0.1355699747800827,
                    "y": -0.02410859242081642,
                    "z": 0.05077449604868889
                },
                "rotation": {
                    "x": 0.088069848716259,
                    "y": -0.2859836220741272,
                    "z": 0.10259261727333069,
                    "w": 0.9486473202705383
                }
            }
        },
        {
            "header": {
                "seq": 0,
                "stamp": {
                    "secs": 1687318014,
                    "nsecs": 263826944
                },
                "frame_id": "polhemus_base_0"
            },
            "child_frame_id": "polhemus_station_2",
            "transform": {
                "translation": {
                    "x": 0.14406219124794006,
                    "y": -0.013401818461716175,
                    "z": 0.06142202019691467
                },
                "rotation": {
                    "x": 0.030898507684469223,
                    "y": -0.41298261284828186,
                    "z": -0.13997548818588257,
                    "w": 0.8993873000144958
                }
            }
        },
        {
            "header": {
                "seq": 0,
                "stamp": {
                    "secs": 1687318014,
                    "nsecs": 263826944
                },
                "frame_id": "polhemus_base_0"
            },
            "child_frame_id": "polhemus_station_3",
            "transform": {
                "translation": {
                    "x": 0.12315946072340012,
                    "y": 0.044491082429885864,
                    "z": 0.04068469628691673
                },
                "rotation": {
                    "x": -0.22004525363445282,
                    "y": -0.34691524505615234,
                    "z": -0.09560829401016235,
                    "w": 0.9066911935806274
                }
            }
        },
        {
            "header": {
                "seq": 0,
                "stamp": {
                    "secs": 1687318014,
                    "nsecs": 263826944
                },
                "frame_id": "polhemus_base_0"
            },
            "child_frame_id": "polhemus_station_4",
            "transform": {
                "translation": {
                    "x": 0.13792827725410461,
                    "y": 0.06155475229024887,
                    "z": 0.04576126113533974
                },
                "rotation": {
                    "x": 0.41587984561920166,
                    "y": 0.2454289048910141,
                    "z": 0.21891547739505768,
                    "w": -0.8478705286979675
                }
            }
        },
        {
            "header": {
                "seq": 0,
                "stamp": {
                    "secs": 1687318014,
                    "nsecs": 263826944
                },
                "frame_id": "polhemus_base_0"
            },
            "child_frame_id": "polhemus_station_5",
            "transform": {
                "translation": {
                    "x": 0.18833450973033905,
                    "y": 0.05235924571752548,
                    "z": 0.009364215657114983
                },
                "rotation": {
                    "x": 0.2811976373195648,
                    "y": -0.30610084533691406,
                    "z": 0.08430337905883789,
                    "w": -0.9056064486503601
                }
            }
        }
    ]
}