{
    "transforms": [
        {
            "header": {
                "seq": 0,
                "stamp": {
                    "secs": 1687318025,
                    "nsecs": 365184906
                },
                "frame_id": "ra_base"
            },
            "child_frame_id": "ra_tool0_controller",
            "transform": {
                "translation": {
                    "x": -0.6728328798668698,
                    "y": -0.7294006479410765,
                    "z": 0.6299391203049033
                },
                "rotation": {
                    "x": -0.490731087365117,
                    "y": -0.5021592921693552,
                    "z": 0.5050235207863427,
                    "w": 0.5019664218192177
                }
            }
        }
    ]
}