{
    "transforms": [
        {
            "header": {
                "seq": 0,
                "stamp": {
                    "secs": 1687318010,
                    "nsecs": 713184906
                },
                "frame_id": "ra_base"
            },
            "child_frame_id": "ra_tool0_controller",
            "transform": {
                "translation": {
                    "x": -0.7529444434860209,
                    "y": -0.5195161987119058,
                    "z": 0.655041365853807
                },
                "rotation": {
                    "x": -0.492346143086289,
                    "y": -0.5039219088369423,
                    "z": 0.5016855889168113,
                    "w": 0.5019656911138252
                }
            }
        }
    ]
}