{
    "transforms": [
        {
            "header": {
                "seq": 0,
                "stamp": {
                    "secs": 1687318017,
                    "nsecs": 175184906
                },
                "frame_id": "ra_base"
            },
            "child_frame_id": "ra_tool0_controller",
            "transform": {
                "translation": {
                    "x": -0.6728449642313954,
                    "y": -0.7293841553262589,
                    "z": 0.6299445940168005
                },
                "rotation": {
                    "x": -0.49074413431660346,
                    "y": -0.5021520522469212,
                    "z": 0.5050118737957414,
                    "w": 0.5019726271255904
                }
            }
        }
    ]
}