{
    "transforms": [
        {
            "header": {
                "seq": 0,
                "stamp": {
                    "secs": 1687318003,
                    "nsecs": 319154674
                },
                "frame_id": "polhemus_base_0"
            },
            "child_frame_id": "rh_user_forearm",
            "transform": {
                "translation": {
                    "x": -0.18835441768169403,
                    "y": 0.05299600586295128,
                    "z": 0.009632901288568974
                },
                "rotation": {
                    "x": -0.27705994452346033,
                    "y": -0.3060003839607465,
                    "z": 0.08027219831430708,
                    "w": 0.9072805113824067
                }
            }
        }
    ]
}