{
    "transforms": [
        {
            "header": {
                "seq": 0,
                "stamp": {
                    "secs": 1687318025,
                    "nsecs": 813184906
                },
                "frame_id": "ra_base"
            },
            "child_frame_id": "ra_tool0_controller",
            "transform": {
                "translation": {
                    "x": -0.6728399741759201,
                    "y": -0.7293896655836366,
                    "z": 0.6299493039015441
                },
                "rotation": {
                    "x": -0.4907414341735774,
                    "y": -0.5021531359678176,
                    "z": 0.5050176454024907,
                    "w": 0.5019683761504016
                }
            }
        }
    ]
}