{
    "transforms": [
        {
            "header": {
                "seq": 0,
                "stamp": {
                    "secs": 1687318008,
                    "nsecs": 555184906
                },
                "frame_id": "ra_base"
            },
            "child_frame_id": "ra_tool0_controller",
            "transform": {
                "translation": {
                    "x": -0.7219513245588614,
                    "y": -0.1750945150500526,
                    "z": 0.6522592580037214
                },
                "rotation": {
                    "x": -0.49961022961314455,
                    "y": -0.5056373985445706,
                    "z": 0.4969099990868681,
                    "w": 0.4977960350047688
                }
            }
        }
    ]
}