{
    "transforms": [
        {
            "header": {
                "seq": 0,
                "stamp": {
                    "secs": 1687318018,
                    "nsecs": 395184906
                },
                "frame_id": "ra_base"
            },
            "child_frame_id": "ra_tool0_controller",
            "transform": {
                "translation": {
                    "x": -0.6728297197268744,
                    "y": -0.7293944917329875,
                    "z": 0.6299807569821871
                },
                "rotation": {
                    "x": -0.49073814432963736,
                    "y": -0.5021491595104488,
                    "z": 0.5050195946499972,
                    "w": 0.5019736091891747
                }
            }
        }
    ]
}