{
    "transforms": [
        {
            "header": {
                "seq": 0,
                "stamp": {
                    "secs": 1687318010,
                    "nsecs": 887184906
                },
                "frame_id": "ra_base"
            },
            "child_frame_id": "ra_tool0_controller",
            "transform": {
                "translation": {
                    "x": -0.7459991697864342,
                    "y": -0.5503505458973916,
                    "z": 0.652420472908091
                },
                "rotation": {
                    "x": -0.49201867868595395,
                    "y": -0.5037049534574446,
                    "z": 0.5021156057089414,
                    "w": 0.5020745544140875
                }
            }
        }
    ]
}