{
    "transforms": [
        {
            "header": {
                "seq": 0,
                "stamp": {
                    "secs": 1687318008,
                    "nsecs": 869184906
                },
                "frame_id": "ra_base"
            },
            "child_frame_id": "ra_tool0_controller",
            "transform": {
                "translation": {
                    "x": -0.7383392931963013,
                    "y": -0.2189452361317535,
                    "z": 0.6567919279878185
                },
                "rotation": {
                    "x": -0.4982462302526907,
                    "y": -0.5055812893334767,
                    "z": 0.4974012331577826,
                    "w": 0.49872865083931084
                }
            }
        }
    ]
}