{
    "transforms": [
        {
            "header": {
                "seq": 0,
                "stamp": {
                    "secs": 1687318013,
                    "nsecs": 947203821
                },
                "frame_id": "polhemus_base_0"
            },
            "child_frame_id": "polhemus_station_0",
            "transform": {
                "translation": {
                    "x": 0.046048060059547424,
                    "y": -0.07087891548871994,
                    "z": 0.1411169022321701
                },
                "rotation": {
                    "x": -0.241306334733963,
                    "y": -0.5834792256355286,
                    "z": -0.14867183566093445,
                    "w": 0.761064887046814
                }
            }
        },
        {
            "header": {
                "seq": 0,
                "stamp": {
                    "secs": 1687318013,
                    "nsecs": 947203821
                },
                "frame_id": "polhemus_base_0"
            },
            "child_frame_id": "polhemus_station_1",
            "transform": {
                "translation": {
                    "x": 0.13557814061641693,
                    "y": -0.024106089025735855,
                    "z": 0.050772447139024734
                },
                "rotation": {
                    "x": 0.08801240473985672,
                    "y": -0.2859567701816559,
                    "z": 0.1026182770729065,
                    "w": 0.9486579298973083
                }
            }
        },
        {
            "header": {
                "seq": 0,
                "stamp": {
                    "secs": 1687318013,
                    "nsecs": 947203821
                },
                "frame_id": "polhemus_base_0"
            },
            "child_frame_id": "polhemus_station_2",
            "transform": {
                "translation": {
                    "x": 0.14407458901405334,
                    "y": -0.013385959900915623,
                    "z": 0.06141481548547745
                },
                "rotation": {
                    "x": 0.03080146200954914,
                    "y": -0.41288259625434875,
                    "z": -0.13988056778907776,
                    "w": 0.8994514346122742
                }
            }
        },
        {
            "header": {
                "seq": 0,
                "stamp": {
                    "secs": 1687318013,
                    "nsecs": 947203821
                },
                "frame_id": "polhemus_base_0"
            },
            "child_frame_id": "polhemus_station_3",
            "transform": {
                "translation": {
                    "x": 0.1231517344713211,
                    "y": 0.04448601230978966,
                    "z": 0.04070509225130081
                },
                "rotation": {
                    "x": -0.2200908064842224,
                    "y": -0.34700605273246765,
                    "z": -0.09558435529470444,
                    "w": 0.9066477417945862
                }
            }
        },
        {
            "header": {
                "seq": 0,
                "stamp": {
                    "secs": 1687318013,
                    "nsecs": 947203821
                },
                "frame_id": "polhemus_base_0"
            },
            "child_frame_id": "polhemus_station_4",
            "transform": {
                "translation": {
                    "x": 0.137908935546875,
                    "y": 0.061550553888082504,
                    "z": 0.04579390212893486
                },
                "rotation": {
                    "x": 0.41532427072525024,
                    "y": 0.24542541801929474,
                    "z": 0.21901088953018188,
                    "w": -0.8481191992759705
                }
            }
        },
        {
            "header": {
                "seq": 0,
                "stamp": {
                    "secs": 1687318013,
                    "nsecs": 947203821
                },
                "frame_id": "polhemus_base_0"
            },
            "child_frame_id": "polhemus_station_5",
            "transform": {
                "translation": {
                    "x": 0.18833786249160767,
                    "y": 0.05238012596964836,
                    "z": 0.009394850581884384
                },
                "rotation": {
                    "x": 0.2804766893386841,
                    "y": -0.3060201406478882,
                    "z": 0.08406716585159302,
                    "w": -0.9058791995048523
                }
            }
        }
    ]
}