{
    "transforms": [
        {
            "header": {
                "seq": 0,
                "stamp": {
                    "secs": 1687318021,
                    "nsecs": 467184906
                },
                "frame_id": "ra_base"
            },
            "child_frame_id": "ra_tool0_controller",
            "transform": {
                "translation": {
                    "x": -0.6728583976662392,
                    "y": -0.7293791151583633,
                    "z": 0.6299383151313718
                },
                "rotation": {
                    "x": -0.49074583549150924,
                    "y": -0.5021561498831859,
                    "z": 0.5049974692969877,
                    "w": 0.5019813563130349
                }
            }
        }
    ]
}