{
    "transforms": [
        {
            "header": {
                "seq": 0,
                "stamp": {
                    "secs": 1687318027,
                    "nsecs": 433184906
                },
                "frame_id": "ra_base"
            },
            "child_frame_id": "ra_tool0_controller",
            "transform": {
                "translation": {
                    "x": -0.6728331988632578,
                    "y": -0.7293947365410944,
                    "z": 0.6299512270369618
                },
                "rotation": {
                    "x": -0.4907349833280395,
                    "y": -0.5021666010466428,
                    "z": 0.5050082743083346,
                    "w": 0.5019706403878702
                }
            }
        }
    ]
}