{
    "transforms": [
        {
            "header": {
                "seq": 0,
                "stamp": {
                    "secs": 1687318002,
                    "nsecs": 323579978
                },
                "frame_id": "ra_base"
            },
            "child_frame_id": "ra_tool0_controller",
            "transform": {
                "translation": {
                    "x": -0.6760652412975711,
                    "y": -0.09154737247133604,
                    "z": 0.6376476043935267
                },
                "rotation": {
                    "x": -0.5028039285957322,
                    "y": -0.5053132216514692,
                    "z": 0.4962631550411424,
                    "w": 0.4955498343875438
                }
            }
        }
    ]
}