{
    "transforms": [
        {
            "header": {
                "seq": 0,
                "stamp": {
                    "secs": 1687318017,
                    "nsecs": 667184906
                },
                "frame_id": "ra_base"
            },
            "child_frame_id": "ra_tool0_controller",
            "transform": {
                "translation": {
                    "x": -0.672843842755421,
                    "y": -0.7293917063507507,
                    "z": 0.6299556271920355
                },
                "rotation": {
                    "x": -0.4907278390256019,
                    "y": -0.5021592150693716,
                    "z": 0.5050233243107423,
                    "w": 0.5019698722316934
                }
            }
        }
    ]
}