{
    "transforms": [
        {
            "header": {
                "seq": 0,
                "stamp": {
                    "secs": 1687318022,
                    "nsecs": 719184906
                },
                "frame_id": "ra_base"
            },
            "child_frame_id": "ra_tool0_controller",
            "transform": {
                "translation": {
                    "x": -0.6728443541999142,
                    "y": -0.7293908298145878,
                    "z": 0.6299659710916189
                },
                "rotation": {
                    "x": -0.49074523157587685,
                    "y": -0.5021375038723656,
                    "z": 0.5050396164442535,
                    "w": 0.5019581961799314
                }
            }
        }
    ]
}