{
    "transforms": [
        {
            "header": {
                "seq": 0,
                "stamp": {
                    "secs": 1687317999,
                    "nsecs": 644158479
                },
                "frame_id": "polhemus_base_0"
            },
            "child_frame_id": "rh_user_forearm",
            "transform": {
                "translation": {
                    "x": -0.1884140819311142,
                    "y": 0.053687456995248795,
                    "z": 0.009529382921755314
                },
                "rotation": {
                    "x": -0.27619070915216204,
                    "y": -0.30592737499982003,
                    "z": 0.07719633947941167,
                    "w": 0.9078369118816028
                }
            }
        }
    ]
}