{
    "transforms": [
        {
            "header": {
                "seq": 0,
                "stamp": {
                    "secs": 1687317998,
                    "nsecs": 788810431
                },
                "frame_id": "polhemus_base_0"
            },
            "child_frame_id": "polhemus_station_0",
            "transform": {
                "translation": {
                    "x": 0.04721132293343544,
                    "y": -0.07205763459205627,
                    "z": 0.14037610590457916
                },
                "rotation": {
                    "x": -0.23444485664367676,
                    "y": -0.5791069269180298,
                    "z": -0.14943328499794006,
                    "w": 0.7663813829421997
                }
            }
        },
        {
            "header": {
                "seq": 0,
                "stamp": {
                    "secs": 1687317998,
                    "nsecs": 788810431
                },
                "frame_id": "polhemus_base_0"
            },
            "child_frame_id": "polhemus_station_1",
            "transform": {
                "translation": {
                    "x": 0.1353902667760849,
                    "y": -0.023889105767011642,
                    "z": 0.051003556698560715
                },
                "rotation": {
                    "x": 0.08580747246742249,
                    "y": -0.2875622510910034,
                    "z": 0.10334338992834091,
                    "w": 0.9482958316802979
                }
            }
        },
        {
            "header": {
                "seq": 0,
                "stamp": {
                    "secs": 1687317998,
                    "nsecs": 788810431
                },
                "frame_id": "polhemus_base_0"
            },
            "child_frame_id": "polhemus_station_2",
            "transform": {
                "translation": {
                    "x": 0.14386434853076935,
                    "y": -0.013122430071234703,
                    "z": 0.06160843372344971
                },
                "rotation": {
                    "x": 0.029345080256462097,
                    "y": -0.4147661328315735,
                    "z": -0.13944169878959656,
                    "w": 0.8987012505531311
                }
            }
        },
        {
            "header": {
                "seq": 0,
                "stamp": {
                    "secs": 1687317998,
                    "nsecs": 788810431
                },
                "frame_id": "polhemus_base_0"
            },
            "child_frame_id": "polhemus_station_3",
            "transform": {
                "translation": {
                    "x": 0.12254136055707932,
                    "y": 0.04507577419281006,
                    "z": 0.0420849472284317
                },
                "rotation": {
                    "x": -0.22257056832313538,
                    "y": -0.3533659279346466,
                    "z": -0.09332018345594406,
                    "w": 0.9038174152374268
                }
            }
        },
        {
            "header": {
                "seq": 0,
                "stamp": {
                    "secs": 1687317998,
                    "nsecs": 788810431
                },
                "frame_id": "polhemus_base_0"
            },
            "child_frame_id": "polhemus_station_4",
            "transform": {
                "translation": {
                    "x": 0.13663585484027863,
                    "y": 0.06260902434587479,
                    "z": 0.047068919986486435
                },
                "rotation": {
                    "x": 0.40243810415267944,
                    "y": 0.25100481510162354,
                    "z": 0.21179313957691193,
                    "w": -0.8545078635215759
                }
            }
        },
        {
            "header": {
                "seq": 0,
                "stamp": {
                    "secs": 1687317998,
                    "nsecs": 788810431
                },
                "frame_id": "polhemus_base_0"
            },
            "child_frame_id": "polhemus_station_5",
            "transform": {
                "translation": {
                    "x": 0.18843336403369904,
                    "y": 0.05363796651363373,
                    "z": 0.009692683815956116
                },
                "rotation": {
                    "x": 0.2759370803833008,
                    "y": -0.3051181435585022,
                    "z": 0.07774929702281952,
                    "w": -0.9081391096115112
                }
            }
        }
    ]
}