{
    "transforms": [
        {
            "header": {
                "seq": 0,
                "stamp": {
                    "secs": 1687318003,
                    "nsecs": 927579978
                },
                "frame_id": "ra_base"
            },
            "child_frame_id": "ra_tool0_controller",
            "transform": {
                "translation": {
                    "x": -0.6760758896818443,
                    "y": -0.09155355662018523,
                    "z": 0.6376571343311627
                },
                "rotation": {
                    "x": -0.5027968176495381,
                    "y": -0.5053201650928667,
                    "z": 0.49625268212780654,
                    "w": 0.49556045684958894
                }
            }
        }
    ]
}