{
    "transforms": [
        {
            "header": {
                "seq": 0,
                "stamp": {
                    "secs": 1687318022,
                    "nsecs": 313802162
                },
                "frame_id": "polhemus_base_0"
            },
            "child_frame_id": "polhemus_station_0",
            "transform": {
                "translation": {
                    "x": 0.045428648591041565,
                    "y": -0.07016392052173615,
                    "z": 0.14151330292224884
                },
                "rotation": {
                    "x": -0.24491821229457855,
                    "y": -0.5859259963035583,
                    "z": -0.14795462787151337,
                    "w": 0.758165717124939
                }
            }
        },
        {
            "header": {
                "seq": 0,
                "stamp": {
                    "secs": 1687318022,
                    "nsecs": 313802162
                },
                "frame_id": "polhemus_base_0"
            },
            "child_frame_id": "polhemus_station_1",
            "transform": {
                "translation": {
                    "x": 0.13558083772659302,
                    "y": -0.02397354133427143,
                    "z": 0.05083002895116806
                },
                "rotation": {
                    "x": 0.08827633410692215,
                    "y": -0.2857297658920288,
                    "z": 0.10335605591535568,
                    "w": 0.9486216902732849
                }
            }
        },
        {
            "header": {
                "seq": 0,
                "stamp": {
                    "secs": 1687318022,
                    "nsecs": 313802162
                },
                "frame_id": "polhemus_base_0"
            },
            "child_frame_id": "polhemus_station_2",
            "transform": {
                "translation": {
                    "x": 0.14405135810375214,
                    "y": -0.013263323344290257,
                    "z": 0.06147629767656326
                },
                "rotation": {
                    "x": 0.030624840408563614,
                    "y": -0.4129096269607544,
                    "z": -0.13856440782546997,
                    "w": 0.8996487259864807
                }
            }
        },
        {
            "header": {
                "seq": 0,
                "stamp": {
                    "secs": 1687318022,
                    "nsecs": 313802162
                },
                "frame_id": "polhemus_base_0"
            },
            "child_frame_id": "polhemus_station_3",
            "transform": {
                "translation": {
                    "x": 0.12335486710071564,
                    "y": 0.04450389742851257,
                    "z": 0.04044210538268089
                },
                "rotation": {
                    "x": -0.2217598557472229,
                    "y": -0.34556615352630615,
                    "z": -0.09683776646852493,
                    "w": 0.9066580533981323
                }
            }
        },
        {
            "header": {
                "seq": 0,
                "stamp": {
                    "secs": 1687318022,
                    "nsecs": 313802162
                },
                "frame_id": "polhemus_base_0"
            },
            "child_frame_id": "polhemus_station_4",
            "transform": {
                "translation": {
                    "x": 0.13821786642074585,
                    "y": 0.061494044959545135,
                    "z": 0.045425694435834885
                },
                "rotation": {
                    "x": 0.4213082790374756,
                    "y": 0.24530449509620667,
                    "z": 0.2201673537492752,
                    "w": -0.8448972105979919
                }
            }
        },
        {
            "header": {
                "seq": 0,
                "stamp": {
                    "secs": 1687318022,
                    "nsecs": 313802162
                },
                "frame_id": "polhemus_base_0"
            },
            "child_frame_id": "polhemus_station_5",
            "transform": {
                "translation": {
                    "x": 0.1883205771446228,
                    "y": 0.05201006308197975,
                    "z": 0.009236874990165234
                },
                "rotation": {
                    "x": 0.28307077288627625,
                    "y": -0.3062731623649597,
                    "z": 0.08618614077568054,
                    "w": -0.9047870635986328
                }
            }
        }
    ]
}