{
    "transforms": [
        {
            "header": {
                "seq": 0,
                "stamp": {
                    "secs": 1687317999,
                    "nsecs": 683579978
                },
                "frame_id": "ra_base"
            },
            "child_frame_id": "ra_tool0_controller",
            "transform": {
                "translation": {
                    "x": -0.676073672384711,
                    "y": -0.09154085506351008,
                    "z": 0.6376484819236157
                },
                "rotation": {
                    "x": -0.5028069121909329,
                    "y": -0.5053177246012479,
                    "z": 0.4962595319349266,
                    "w": 0.4955458437123294
                }
            }
        }
    ]
}