{
    "transforms": [
        {
            "header": {
                "seq": 0,
                "stamp": {
                    "secs": 1687318023,
                    "nsecs": 372169449
                },
                "frame_id": "polhemus_base_0"
            },
            "child_frame_id": "polhemus_station_0",
            "transform": {
                "translation": {
                    "x": 0.04530740901827812,
                    "y": -0.07013271749019623,
                    "z": 0.14153778553009033
                },
                "rotation": {
                    "x": -0.24512965977191925,
                    "y": -0.5863845348358154,
                    "z": -0.14807015657424927,
                    "w": 0.7577201128005981
                }
            }
        },
        {
            "header": {
                "seq": 0,
                "stamp": {
                    "secs": 1687318023,
                    "nsecs": 372169449
                },
                "frame_id": "polhemus_base_0"
            },
            "child_frame_id": "polhemus_station_1",
            "transform": {
                "translation": {
                    "x": 0.13559012115001678,
                    "y": -0.023985784500837326,
                    "z": 0.05082395300269127
                },
                "rotation": {
                    "x": 0.08836372196674347,
                    "y": -0.2856874465942383,
                    "z": 0.10322735458612442,
                    "w": 0.9486404061317444
                }
            }
        },
        {
            "header": {
                "seq": 0,
                "stamp": {
                    "secs": 1687318023,
                    "nsecs": 372169449
                },
                "frame_id": "polhemus_base_0"
            },
            "child_frame_id": "polhemus_station_2",
            "transform": {
                "translation": {
                    "x": 0.14404743909835815,
                    "y": -0.013245359063148499,
                    "z": 0.061492789536714554
                },
                "rotation": {
                    "x": 0.03049466386437416,
                    "y": -0.4129803478717804,
                    "z": -0.1384504735469818,
                    "w": 0.8996381163597107
                }
            }
        },
        {
            "header": {
                "seq": 0,
                "stamp": {
                    "secs": 1687318023,
                    "nsecs": 372169449
                },
                "frame_id": "polhemus_base_0"
            },
            "child_frame_id": "polhemus_station_3",
            "transform": {
                "translation": {
                    "x": 0.12338070571422577,
                    "y": 0.04451543837785721,
                    "z": 0.04041055962443352
                },
                "rotation": {
                    "x": -0.22198829054832458,
                    "y": -0.34538495540618896,
                    "z": -0.09695105999708176,
                    "w": 0.9066590070724487
                }
            }
        },
        {
            "header": {
                "seq": 0,
                "stamp": {
                    "secs": 1687318023,
                    "nsecs": 372169449
                },
                "frame_id": "polhemus_base_0"
            },
            "child_frame_id": "polhemus_station_4",
            "transform": {
                "translation": {
                    "x": 0.13825108110904694,
                    "y": 0.06149176508188248,
                    "z": 0.04540261998772621
                },
                "rotation": {
                    "x": 0.4219670295715332,
                    "y": 0.24540437757968903,
                    "z": 0.22020921111106873,
                    "w": -0.8445284962654114
                }
            }
        },
        {
            "header": {
                "seq": 0,
                "stamp": {
                    "secs": 1687318023,
                    "nsecs": 372169449
                },
                "frame_id": "polhemus_base_0"
            },
            "child_frame_id": "polhemus_station_5",
            "transform": {
                "translation": {
                    "x": 0.18830931186676025,
                    "y": 0.0519571378827095,
                    "z": 0.00921674631536007
                },
                "rotation": {
                    "x": 0.28325727581977844,
                    "y": -0.30627530813217163,
                    "z": 0.08647207915782928,
                    "w": -0.9047006964683533
                }
            }
        }
    ]
}