{
    "transforms": [
        {
            "header": {
                "seq": 0,
                "stamp": {
                    "secs": 1687318026,
                    "nsecs": 122132785
                },
                "frame_id": "polhemus_base_0"
            },
            "child_frame_id": "polhemus_station_0",
            "transform": {
                "translation": {
                    "x": 0.04524467885494232,
                    "y": -0.07002779841423035,
                    "z": 0.14162658154964447
                },
                "rotation": {
                    "x": -0.24573072791099548,
                    "y": -0.5865269899368286,
                    "z": -0.14816266298294067,
                    "w": 0.757396936416626
                }
            }
        },
        {
            "header": {
                "seq": 0,
                "stamp": {
                    "secs": 1687318026,
                    "nsecs": 122132785
                },
                "frame_id": "polhemus_base_0"
            },
            "child_frame_id": "polhemus_station_1",
            "transform": {
                "translation": {
                    "x": 0.1355932652950287,
                    "y": -0.023977113887667656,
                    "z": 0.050850171595811844
                },
                "rotation": {
                    "x": 0.08839605003595352,
                    "y": -0.28566864132881165,
                    "z": 0.10329657793045044,
                    "w": 0.9486353993415833
                }
            }
        },
        {
            "header": {
                "seq": 0,
                "stamp": {
                    "secs": 1687318026,
                    "nsecs": 122132785
                },
                "frame_id": "polhemus_base_0"
            },
            "child_frame_id": "polhemus_station_2",
            "transform": {
                "translation": {
                    "x": 0.14406158030033112,
                    "y": -0.013260003179311752,
                    "z": 0.06150336563587189
                },
                "rotation": {
                    "x": 0.030204255133867264,
                    "y": -0.41289350390434265,
                    "z": -0.1385251134634018,
                    "w": 0.8996762633323669
                }
            }
        },
        {
            "header": {
                "seq": 0,
                "stamp": {
                    "secs": 1687318026,
                    "nsecs": 122132785
                },
                "frame_id": "polhemus_base_0"
            },
            "child_frame_id": "polhemus_station_3",
            "transform": {
                "translation": {
                    "x": 0.12341740727424622,
                    "y": 0.04451470449566841,
                    "z": 0.040353406220674515
                },
                "rotation": {
                    "x": -0.22222134470939636,
                    "y": -0.34507834911346436,
                    "z": -0.09711167216300964,
                    "w": 0.9067015647888184
                }
            }
        },
        {
            "header": {
                "seq": 0,
                "stamp": {
                    "secs": 1687318026,
                    "nsecs": 122132785
                },
                "frame_id": "polhemus_base_0"
            },
            "child_frame_id": "polhemus_station_4",
            "transform": {
                "translation": {
                    "x": 0.13828563690185547,
                    "y": 0.06148190423846245,
                    "z": 0.045358914881944656
                },
                "rotation": {
                    "x": 0.4229646623134613,
                    "y": 0.24567346274852753,
                    "z": 0.2203935831785202,
                    "w": -0.8439028263092041
                }
            }
        },
        {
            "header": {
                "seq": 0,
                "stamp": {
                    "secs": 1687318026,
                    "nsecs": 122132785
                },
                "frame_id": "polhemus_base_0"
            },
            "child_frame_id": "polhemus_station_5",
            "transform": {
                "translation": {
                    "x": 0.18832042813301086,
                    "y": 0.05186315253376961,
                    "z": 0.009287343360483646
                },
                "rotation": {
                    "x": 0.28363874554634094,
                    "y": -0.3057785928249359,
                    "z": 0.08723357319831848,
                    "w": -0.904676079750061
                }
            }
        }
    ]
}