{
    "transforms": [
        {
            "header": {
                "seq": 0,
                "stamp": {
                    "secs": 1687318013,
                    "nsecs": 299184906
                },
                "frame_id": "ra_base"
            },
            "child_frame_id": "ra_tool0_controller",
            "transform": {
                "translation": {
                    "x": -0.672832627276094,
                    "y": -0.7293956880711256,
                    "z": 0.6299576990345067
                },
                "rotation": {
                    "x": -0.490731204163693,
                    "y": -0.502160500426919,
                    "z": 0.5050204517295702,
                    "w": 0.501968186647221
                }
            }
        }
    ]
}