{
    "transforms": [
        {
            "header": {
                "seq": 0,
                "stamp": {
                    "secs": 1687318018,
                    "nsecs": 689184906
                },
                "frame_id": "ra_base"
            },
            "child_frame_id": "ra_tool0_controller",
            "transform": {
                "translation": {
                    "x": -0.6728410605698123,
                    "y": -0.7294032039486185,
                    "z": 0.6299268542774165
                },
                "rotation": {
                    "x": -0.49072854618945017,
                    "y": -0.502170307645706,
                    "z": 0.5050107247801872,
                    "w": 0.5019707600356776
                }
            }
        }
    ]
}