{
    "transforms": [
        {
            "header": {
                "seq": 0,
                "stamp": {
                    "secs": 1687318017,
                    "nsecs": 237184906
                },
                "frame_id": "ra_base"
            },
            "child_frame_id": "ra_tool0_controller",
            "transform": {
                "translation": {
                    "x": -0.6728428562896209,
                    "y": -0.7293853847990144,
                    "z": 0.6299620398125427
                },
                "rotation": {
                    "x": -0.4907390574201125,
                    "y": -0.5021509542143147,
                    "z": 0.505008481219455,
                    "w": 0.5019821018726586
                }
            }
        }
    ]
}