{
    "transforms": [
        {
            "header": {
                "seq": 0,
                "stamp": {
                    "secs": 1687318014,
                    "nsecs": 485805648
                },
                "frame_id": "polhemus_base_0"
            },
            "child_frame_id": "rh_user_forearm",
            "transform": {
                "translation": {
                    "x": -0.18833057582378387,
                    "y": 0.05235176905989647,
                    "z": 0.009354966692626476
                },
                "rotation": {
                    "x": -0.2814740212287768,
                    "y": -0.3061499564876221,
                    "z": 0.08434855853193528,
                    "w": 0.905499806841235
                }
            }
        }
    ]
}