{
    "transforms": [
        {
            "header": {
                "seq": 0,
                "stamp": {
                    "secs": 1687318000,
                    "nsecs": 103579978
                },
                "frame_id": "ra_base"
            },
            "child_frame_id": "ra_tool0_controller",
            "transform": {
                "translation": {
                    "x": -0.6760750607625283,
                    "y": -0.091539220196097,
                    "z": 0.6376377158695905
                },
                "rotation": {
                    "x": -0.5028117318233106,
                    "y": -0.5053129044601974,
                    "z": 0.49625032573216904,
                    "w": 0.495555087893928
                }
            }
        }
    ]
}