{
    "transforms": [
        {
            "header": {
                "seq": 0,
                "stamp": {
                    "secs": 1687318009,
                    "nsecs": 681184906
                },
                "frame_id": "ra_base"
            },
            "child_frame_id": "ra_tool0_controller",
            "transform": {
                "translation": {
                    "x": -0.7632717366704607,
                    "y": -0.3429952030107797,
                    "z": 0.6617228952785544
                },
                "rotation": {
                    "x": -0.4951999206040574,
                    "y": -0.5051708428590757,
                    "z": 0.4990229080124124,
                    "w": 0.5005552870938654
                }
            }
        }
    ]
}