{
    "transforms": [
        {
            "header": {
                "seq": 0,
                "stamp": {
                    "secs": 1687318001,
                    "nsecs": 479579978
                },
                "frame_id": "ra_base"
            },
            "child_frame_id": "ra_tool0_controller",
            "transform": {
                "translation": {
                    "x": -0.676071068440264,
                    "y": -0.09155077400117095,
                    "z": 0.6376355723753163
                },
                "rotation": {
                    "x": -0.5028057005206873,
                    "y": -0.5053282246762796,
                    "z": 0.49623849022237787,
                    "w": 0.49555743732814217
                }
            }
        }
    ]
}