{
    "transforms": [
        {
            "header": {
                "seq": 0,
                "stamp": {
                    "secs": 1687318007,
                    "nsecs": 715184906
                },
                "frame_id": "ra_base"
            },
            "child_frame_id": "ra_tool0_controller",
            "transform": {
                "translation": {
                    "x": -0.6808585819395376,
                    "y": -0.09860608734037313,
                    "z": 0.6393050245380953
                },
                "rotation": {
                    "x": -0.5024905760275871,
                    "y": -0.5053612917692544,
                    "z": 0.49630387317073504,
                    "w": 0.4957778244945019
                }
            }
        }
    ]
}