{
    "transforms": [
        {
            "header": {
                "seq": 0,
                "stamp": {
                    "secs": 1687318003,
                    "nsecs": 197158549
                },
                "frame_id": "polhemus_base_0"
            },
            "child_frame_id": "polhemus_station_0",
            "transform": {
                "translation": {
                    "x": 0.04705378785729408,
                    "y": -0.07181348651647568,
                    "z": 0.14053964614868164
                },
                "rotation": {
                    "x": -0.2370172142982483,
                    "y": -0.5794832706451416,
                    "z": -0.14996588230133057,
                    "w": 0.7652008533477783
                }
            }
        },
        {
            "header": {
                "seq": 0,
                "stamp": {
                    "secs": 1687318003,
                    "nsecs": 197158549
                },
                "frame_id": "polhemus_base_0"
            },
            "child_frame_id": "polhemus_station_1",
            "transform": {
                "translation": {
                    "x": 0.13554996252059937,
                    "y": -0.02414597198367119,
                    "z": 0.0508296899497509
                },
                "rotation": {
                    "x": 0.0872320607304573,
                    "y": -0.2864959239959717,
                    "z": 0.10221999138593674,
                    "w": 0.9486103057861328
                }
            }
        },
        {
            "header": {
                "seq": 0,
                "stamp": {
                    "secs": 1687318003,
                    "nsecs": 197158549
                },
                "frame_id": "polhemus_base_0"
            },
            "child_frame_id": "polhemus_station_2",
            "transform": {
                "translation": {
                    "x": 0.14405575394630432,
                    "y": -0.013436740264296532,
                    "z": 0.061477623879909515
                },
                "rotation": {
                    "x": 0.030907411128282547,
                    "y": -0.4133610725402832,
                    "z": -0.14068584144115448,
                    "w": 0.8991023898124695
                }
            }
        },
        {
            "header": {
                "seq": 0,
                "stamp": {
                    "secs": 1687318003,
                    "nsecs": 197158549
                },
                "frame_id": "polhemus_base_0"
            },
            "child_frame_id": "polhemus_station_3",
            "transform": {
                "translation": {
                    "x": 0.1228812113404274,
                    "y": 0.044429220259189606,
                    "z": 0.04149044305086136
                },
                "rotation": {
                    "x": -0.22381484508514404,
                    "y": -0.3506802022457123,
                    "z": -0.09794804453849792,
                    "w": 0.9040665626525879
                }
            }
        },
        {
            "header": {
                "seq": 0,
                "stamp": {
                    "secs": 1687318003,
                    "nsecs": 197158549
                },
                "frame_id": "polhemus_base_0"
            },
            "child_frame_id": "polhemus_station_4",
            "transform": {
                "translation": {
                    "x": 0.1371980905532837,
                    "y": 0.06181254982948303,
                    "z": 0.04655494913458824
                },
                "rotation": {
                    "x": 0.4073030352592468,
                    "y": 0.24847500026226044,
                    "z": 0.21638046205043793,
                    "w": -0.8517885804176331
                }
            }
        },
        {
            "header": {
                "seq": 0,
                "stamp": {
                    "secs": 1687318003,
                    "nsecs": 197158549
                },
                "frame_id": "polhemus_base_0"
            },
            "child_frame_id": "polhemus_station_5",
            "transform": {
                "translation": {
                    "x": 0.18837280571460724,
                    "y": 0.05304036661982536,
                    "z": 0.009610520675778389
                },
                "rotation": {
                    "x": 0.2767176926136017,
                    "y": -0.306159645318985,
                    "z": 0.07986940443515778,
                    "w": -0.9073667526245117
                }
            }
        }
    ]
}