{
    "transforms": [
        {
            "header": {
                "seq": 0,
                "stamp": {
                    "secs": 1687318024,
                    "nsecs": 409184906
                },
                "frame_id": "ra_base"
            },
            "child_frame_id": "ra_tool0_controller",
            "transform": {
                "translation": {
                    "x": -0.672826845559461,
                    "y": -0.7293980848185998,
                    "z": 0.629938501065155
                },
                "rotation": {
                    "x": -0.4907364156632464,
                    "y": -0.5021681138921217,
                    "z": 0.505008536535194,
                    "w": 0.50196746284854
                }
            }
        }
    ]
}