{
    "transforms": [
        {
            "header": {
                "seq": 0,
                "stamp": {
                    "secs": 1687318018,
                    "nsecs": 699184906
                },
                "frame_id": "ra_base"
            },
            "child_frame_id": "ra_tool0_controller",
            "transform": {
                "translation": {
                    "x": -0.6728425622910742,
                    "y": -0.7293779353108277,
                    "z": 0.6299715012344986
                },
                "rotation": {
                    "x": -0.4907400786842059,
                    "y": -0.502151764146504,
                    "z": 0.5050135677212928,
                    "w": 0.5019751760346168
                }
            }
        }
    ]
}