{
    "transforms": [
        {
            "header": {
                "seq": 0,
                "stamp": {
                    "secs": 1687318002,
                    "nsecs": 41579978
                },
                "frame_id": "ra_base"
            },
            "child_frame_id": "ra_tool0_controller",
            "transform": {
                "translation": {
                    "x": -0.6760863946080649,
                    "y": -0.09154851822815589,
                    "z": 0.6376370699238398
                },
                "rotation": {
                    "x": -0.5027980175038214,
                    "y": -0.5053210624107115,
                    "z": 0.49624582551500346,
                    "w": 0.49556519060288085
                }
            }
        }
    ]
}