{
    "transforms": [
        {
            "header": {
                "seq": 0,
                "stamp": {
                    "secs": 1687318020,
                    "nsecs": 465184906
                },
                "frame_id": "ra_base"
            },
            "child_frame_id": "ra_tool0_controller",
            "transform": {
                "translation": {
                    "x": -0.6728336961019741,
                    "y": -0.7293911017196513,
                    "z": 0.6299733761580278
                },
                "rotation": {
                    "x": -0.4907240693638852,
                    "y": -0.5021556785716589,
                    "z": 0.5050261757359039,
                    "w": 0.5019742264765729
                }
            }
        }
    ]
}