{
    "transforms": [
        {
            "header": {
                "seq": 0,
                "stamp": {
                    "secs": 1687318000,
                    "nsecs": 249579978
                },
                "frame_id": "ra_base"
            },
            "child_frame_id": "ra_tool0_controller",
            "transform": {
                "translation": {
                    "x": -0.676063640936429,
                    "y": -0.09153079789020307,
                    "z": 0.6376380512200847
                },
                "rotation": {
                    "x": -0.5028083645390548,
                    "y": -0.5053219677166654,
                    "z": 0.4962337142831564,
                    "w": 0.4955658970321315
                }
            }
        }
    ]
}