{
    "transforms": [
        {
            "header": {
                "seq": 0,
                "stamp": {
                    "secs": 1687318014,
                    "nsecs": 65184906
                },
                "frame_id": "ra_base"
            },
            "child_frame_id": "ra_tool0_controller",
            "transform": {
                "translation": {
                    "x": -0.6728474071947171,
                    "y": -0.7293980260260244,
                    "z": 0.629957782976263
                },
                "rotation": {
                    "x": -0.49073259505693817,
                    "y": -0.5021472513484532,
                    "z": 0.5050311852382937,
                    "w": 0.5019692819771753
                }
            }
        }
    ]
}