{
    "transforms": [
        {
            "header": {
                "seq": 0,
                "stamp": {
                    "secs": 1687318022,
                    "nsecs": 65184906
                },
                "frame_id": "ra_base"
            },
            "child_frame_id": "ra_tool0_controller",
            "transform": {
                "translation": {
                    "x": -0.6728447968823429,
                    "y": -0.7293912012240793,
                    "z": 0.6299482741819805
                },
                "rotation": {
                    "x": -0.4907308339753024,
                    "y": -0.5021718702977674,
                    "z": 0.5050050777968245,
                    "w": 0.501972641353062
                }
            }
        }
    ]
}