{
    "transforms": [
        {
            "header": {
                "seq": 0,
                "stamp": {
                    "secs": 1687318004,
                    "nsecs": 419579978
                },
                "frame_id": "ra_base"
            },
            "child_frame_id": "ra_tool0_controller",
            "transform": {
                "translation": {
                    "x": -0.6760855871874191,
                    "y": -0.09154437241050048,
                    "z": 0.637636575420883
                },
                "rotation": {
                    "x": -0.5027901356526794,
                    "y": -0.5053183758485008,
                    "z": 0.49625829475614675,
                    "w": 0.4955634403443368
                }
            }
        }
    ]
}