{
    "transforms": [
        {
            "header": {
                "seq": 0,
                "stamp": {
                    "secs": 1687318011,
                    "nsecs": 431184906
                },
                "frame_id": "ra_base"
            },
            "child_frame_id": "ra_tool0_controller",
            "transform": {
                "translation": {
                    "x": -0.7130473235139086,
                    "y": -0.6487119794146969,
                    "z": 0.641839699627094
                },
                "rotation": {
                    "x": -0.4911675161854943,
                    "y": -0.5028151488644121,
                    "z": 0.5037189818897178,
                    "w": 0.5021937717660558
                }
            }
        }
    ]
}