{
    "transforms": [
        {
            "header": {
                "seq": 0,
                "stamp": {
                    "secs": 1687318026,
                    "nsecs": 471184906
                },
                "frame_id": "ra_base"
            },
            "child_frame_id": "ra_tool0_controller",
            "transform": {
                "translation": {
                    "x": -0.6728439880340343,
                    "y": -0.7293839302024144,
                    "z": 0.6299435339788066
                },
                "rotation": {
                    "x": -0.49073571905688906,
                    "y": -0.5021647379652947,
                    "z": 0.5050024343485038,
                    "w": 0.5019776601483876
                }
            }
        }
    ]
}