{
    "transforms": [
        {
            "header": {
                "seq": 0,
                "stamp": {
                    "secs": 1687318011,
                    "nsecs": 813184906
                },
                "frame_id": "ra_base"
            },
            "child_frame_id": "ra_tool0_controller",
            "transform": {
                "translation": {
                    "x": -0.6914847574314043,
                    "y": -0.6951035453906362,
                    "z": 0.635359442498952
                },
                "rotation": {
                    "x": -0.4908753496133705,
                    "y": -0.5024389059562592,
                    "z": 0.5044747641401248,
                    "w": 0.5020973503905334
                }
            }
        }
    ]
}