{
    "transforms": [
        {
            "header": {
                "seq": 0,
                "stamp": {
                    "secs": 1687318007,
                    "nsecs": 637184906
                },
                "frame_id": "ra_base"
            },
            "child_frame_id": "ra_tool0_controller",
            "transform": {
                "translation": {
                    "x": -0.6787232684040687,
                    "y": -0.09550391233123799,
                    "z": 0.6386652916153325
                },
                "rotation": {
                    "x": -0.5025753568140814,
                    "y": -0.5053579128162353,
                    "z": 0.49631012327581314,
                    "w": 0.49568906807712043
                }
            }
        }
    ]
}