{
    "transforms": [
        {
            "header": {
                "seq": 0,
                "stamp": {
                    "secs": 1687318009,
                    "nsecs": 991184906
                },
                "frame_id": "ra_base"
            },
            "child_frame_id": "ra_tool0_controller",
            "transform": {
                "translation": {
                    "x": -0.7655469119155848,
                    "y": -0.39433924597226233,
                    "z": 0.6612619802273518
                },
                "rotation": {
                    "x": -0.4941943670354941,
                    "y": -0.5048189082061584,
                    "z": 0.49979922579900293,
                    "w": 0.5011292561791286
                }
            }
        }
    ]
}