{
    "transforms": [
        {
            "header": {
                "seq": 0,
                "stamp": {
                    "secs": 1687318017,
                    "nsecs": 437184906
                },
                "frame_id": "ra_base"
            },
            "child_frame_id": "ra_tool0_controller",
            "transform": {
                "translation": {
                    "x": -0.6728393253548699,
                    "y": -0.7293844252962063,
                    "z": 0.6299557197766503
                },
                "rotation": {
                    "x": -0.4907514345725283,
                    "y": -0.5021492884596035,
                    "z": 0.5050199526188599,
                    "w": 0.5019601269238065
                }
            }
        }
    ]
}