{
    "transforms": [
        {
            "header": {
                "seq": 0,
                "stamp": {
                    "secs": 1687318016,
                    "nsecs": 205515258
                },
                "frame_id": "polhemus_base_0"
            },
            "child_frame_id": "polhemus_station_0",
            "transform": {
                "translation": {
                    "x": 0.04596397280693054,
                    "y": -0.07063475996255875,
                    "z": 0.14125849306583405
                },
                "rotation": {
                    "x": -0.2425326257944107,
                    "y": -0.5837913155555725,
                    "z": -0.14845608174800873,
                    "w": 0.7604776620864868
                }
            }
        },
        {
            "header": {
                "seq": 0,
                "stamp": {
                    "secs": 1687318016,
                    "nsecs": 205515258
                },
                "frame_id": "polhemus_base_0"
            },
            "child_frame_id": "polhemus_station_1",
            "transform": {
                "translation": {
                    "x": 0.1355888694524765,
                    "y": -0.024068107828497887,
                    "z": 0.05076184868812561
                },
                "rotation": {
                    "x": 0.08812646567821503,
                    "y": -0.28570324182510376,
                    "z": 0.10283098369836807,
                    "w": 0.9487007260322571
                }
            }
        },
        {
            "header": {
                "seq": 0,
                "stamp": {
                    "secs": 1687318016,
                    "nsecs": 205515258
                },
                "frame_id": "polhemus_base_0"
            },
            "child_frame_id": "polhemus_station_2",
            "transform": {
                "translation": {
                    "x": 0.14406728744506836,
                    "y": -0.013371259905397892,
                    "z": 0.06141871586441994
                },
                "rotation": {
                    "x": 0.030604436993598938,
                    "y": -0.41296613216400146,
                    "z": -0.1396474540233612,
                    "w": 0.8994559049606323
                }
            }
        },
        {
            "header": {
                "seq": 0,
                "stamp": {
                    "secs": 1687318016,
                    "nsecs": 205515258
                },
                "frame_id": "polhemus_base_0"
            },
            "child_frame_id": "polhemus_station_3",
            "transform": {
                "translation": {
                    "x": 0.12322385609149933,
                    "y": 0.04447181150317192,
                    "z": 0.04059428721666336
                },
                "rotation": {
                    "x": -0.2200169563293457,
                    "y": -0.34638768434524536,
                    "z": -0.09601764380931854,
                    "w": 0.9068563580513
                }
            }
        },
        {
            "header": {
                "seq": 0,
                "stamp": {
                    "secs": 1687318016,
                    "nsecs": 205515258
                },
                "frame_id": "polhemus_base_0"
            },
            "child_frame_id": "polhemus_station_4",
            "transform": {
                "translation": {
                    "x": 0.1380174309015274,
                    "y": 0.06150231510400772,
                    "z": 0.045651692897081375
                },
                "rotation": {
                    "x": 0.4170067012310028,
                    "y": 0.24537406861782074,
                    "z": 0.21934278309345245,
                    "w": -0.8472222685813904
                }
            }
        },
        {
            "header": {
                "seq": 0,
                "stamp": {
                    "secs": 1687318016,
                    "nsecs": 205515258
                },
                "frame_id": "polhemus_base_0"
            },
            "child_frame_id": "polhemus_station_5",
            "transform": {
                "translation": {
                    "x": 0.18833810091018677,
                    "y": 0.05223327875137329,
                    "z": 0.00934501364827156
                },
                "rotation": {
                    "x": 0.2814176678657532,
                    "y": -0.30617502331733704,
                    "z": 0.08478981256484985,
                    "w": -0.9054675698280334
                }
            }
        }
    ]
}