{
    "transforms": [
        {
            "header": {
                "seq": 0,
                "stamp": {
                    "secs": 1687318013,
                    "nsecs": 151184906
                },
                "frame_id": "ra_base"
            },
            "child_frame_id": "ra_tool0_controller",
            "transform": {
                "translation": {
                    "x": -0.6728439968664294,
                    "y": -0.7294016891625789,
                    "z": 0.629953724193237
                },
                "rotation": {
                    "x": -0.4907313122932773,
                    "y": -0.5021484604905614,
                    "z": 0.5050325071322361,
                    "w": 0.501967996491415
                }
            }
        }
    ]
}