{
    "transforms": [
        {
            "header": {
                "seq": 0,
                "stamp": {
                    "secs": 1687318026,
                    "nsecs": 499184906
                },
                "frame_id": "ra_base"
            },
            "child_frame_id": "ra_tool0_controller",
            "transform": {
                "translation": {
                    "x": -0.6728393998226703,
                    "y": -0.7294035311705559,
                    "z": 0.6299370159360481
                },
                "rotation": {
                    "x": -0.490737754137733,
                    "y": -0.5021651291155929,
                    "z": 0.5050238632180745,
                    "w": 0.5019537203213714
                }
            }
        }
    ]
}