{
    "transforms": [
        {
            "header": {
                "seq": 0,
                "stamp": {
                    "secs": 1687318010,
                    "nsecs": 873184906
                },
                "frame_id": "ra_base"
            },
            "child_frame_id": "ra_tool0_controller",
            "transform": {
                "translation": {
                    "x": -0.7466397994622302,
                    "y": -0.5478837712288569,
                    "z": 0.6526237011031757
                },
                "rotation": {
                    "x": -0.49203334033115076,
                    "y": -0.5037295925120963,
                    "z": 0.5020908713276148,
                    "w": 0.5020602021268407
                }
            }
        }
    ]
}