{
    "transforms": [
        {
            "header": {
                "seq": 0,
                "stamp": {
                    "secs": 1687318003,
                    "nsecs": 501579978
                },
                "frame_id": "ra_base"
            },
            "child_frame_id": "ra_tool0_controller",
            "transform": {
                "translation": {
                    "x": -0.6760829843554481,
                    "y": -0.09153930044407438,
                    "z": 0.6376361720305851
                },
                "rotation": {
                    "x": -0.5028156689721972,
                    "y": -0.5053152774119617,
                    "z": 0.4962454651904163,
                    "w": 0.4955535407280036
                }
            }
        }
    ]
}