{
    "transforms": [
        {
            "header": {
                "seq": 0,
                "stamp": {
                    "secs": 1687318005,
                    "nsecs": 323184906
                },
                "frame_id": "ra_base"
            },
            "child_frame_id": "ra_tool0_controller",
            "transform": {
                "translation": {
                    "x": -0.6760640447559672,
                    "y": -0.09154429760593487,
                    "z": 0.6376112597717646
                },
                "rotation": {
                    "x": -0.502831462377442,
                    "y": -0.5053314482195181,
                    "z": 0.49623068815052557,
                    "w": 0.4955358231464031
                }
            }
        }
    ]
}