{
    "transforms": [
        {
            "header": {
                "seq": 0,
                "stamp": {
                    "secs": 1687318019,
                    "nsecs": 889184906
                },
                "frame_id": "ra_base"
            },
            "child_frame_id": "ra_tool0_controller",
            "transform": {
                "translation": {
                    "x": -0.6728494961640681,
                    "y": -0.7293906572569541,
                    "z": 0.6299286242072707
                },
                "rotation": {
                    "x": -0.49074744551795246,
                    "y": -0.5021576817424285,
                    "z": 0.5050179294799295,
                    "w": 0.5019576658329657
                }
            }
        }
    ]
}