{
    "transforms": [
        {
            "header": {
                "seq": 0,
                "stamp": {
                    "secs": 1687318013,
                    "nsecs": 410825952
                },
                "frame_id": "polhemus_base_0"
            },
            "child_frame_id": "rh_user_forearm",
            "transform": {
                "translation": {
                    "x": -0.18834546208381653,
                    "y": 0.05237066373229027,
                    "z": 0.009391442872583866
                },
                "rotation": {
                    "x": -0.28019647963342975,
                    "y": -0.30620779683405885,
                    "z": 0.08396060516974883,
                    "w": 0.9059124321580946
                }
            }
        }
    ]
}