{
    "transforms": [
        {
            "header": {
                "seq": 0,
                "stamp": {
                    "secs": 1687318020,
                    "nsecs": 388785338
                },
                "frame_id": "polhemus_base_0"
            },
            "child_frame_id": "polhemus_station_0",
            "transform": {
                "translation": {
                    "x": 0.04549659416079521,
                    "y": -0.07031509280204773,
                    "z": 0.14143438637256622
                },
                "rotation": {
                    "x": -0.24410122632980347,
                    "y": -0.5857414603233337,
                    "z": -0.1480564922094345,
                    "w": 0.7585515975952148
                }
            }
        },
        {
            "header": {
                "seq": 0,
                "stamp": {
                    "secs": 1687318020,
                    "nsecs": 388785338
                },
                "frame_id": "polhemus_base_0"
            },
            "child_frame_id": "polhemus_station_1",
            "transform": {
                "translation": {
                    "x": 0.13558325171470642,
                    "y": -0.02403450571000576,
                    "z": 0.0508107990026474
                },
                "rotation": {
                    "x": 0.08817017078399658,
                    "y": -0.285752534866333,
                    "z": 0.1029726192355156,
                    "w": 0.9486664533615112
                }
            }
        },
        {
            "header": {
                "seq": 0,
                "stamp": {
                    "secs": 1687318020,
                    "nsecs": 388785338
                },
                "frame_id": "polhemus_base_0"
            },
            "child_frame_id": "polhemus_station_2",
            "transform": {
                "translation": {
                    "x": 0.14406098425388336,
                    "y": -0.013314635492861271,
                    "z": 0.061458297073841095
                },
                "rotation": {
                    "x": 0.030513770878314972,
                    "y": -0.4128674268722534,
                    "z": -0.13905203342437744,
                    "w": 0.899596631526947
                }
            }
        },
        {
            "header": {
                "seq": 0,
                "stamp": {
                    "secs": 1687318020,
                    "nsecs": 388785338
                },
                "frame_id": "polhemus_base_0"
            },
            "child_frame_id": "polhemus_station_3",
            "transform": {
                "translation": {
                    "x": 0.12331171333789825,
                    "y": 0.044472698122262955,
                    "z": 0.0404660701751709
                },
                "rotation": {
                    "x": -0.22076091170310974,
                    "y": -0.3458153307437897,
                    "z": -0.09642437100410461,
                    "w": 0.9068507552146912
                }
            }
        },
        {
            "header": {
                "seq": 0,
                "stamp": {
                    "secs": 1687318020,
                    "nsecs": 388785338
                },
                "frame_id": "polhemus_base_0"
            },
            "child_frame_id": "polhemus_station_4",
            "transform": {
                "translation": {
                    "x": 0.13812915980815887,
                    "y": 0.06148545816540718,
                    "z": 0.04549802094697952
                },
                "rotation": {
                    "x": 0.41964298486709595,
                    "y": 0.2457362413406372,
                    "z": 0.21950846910476685,
                    "w": -0.8457715511322021
                }
            }
        },
        {
            "header": {
                "seq": 0,
                "stamp": {
                    "secs": 1687318020,
                    "nsecs": 388785338
                },
                "frame_id": "polhemus_base_0"
            },
            "child_frame_id": "polhemus_station_5",
            "transform": {
                "translation": {
                    "x": 0.18833231925964355,
                    "y": 0.0520428903400898,
                    "z": 0.009328261017799377
                },
                "rotation": {
                    "x": 0.2825687527656555,
                    "y": -0.30586937069892883,
                    "z": 0.08617115020751953,
                    "w": -0.9050819277763367
                }
            }
        }
    ]
}