{
    "transforms": [
        {
            "header": {
                "seq": 0,
                "stamp": {
                    "secs": 1687318018,
                    "nsecs": 837184906
                },
                "frame_id": "ra_base"
            },
            "child_frame_id": "ra_tool0_controller",
            "transform": {
                "translation": {
                    "x": -0.6728434212013671,
                    "y": -0.7293899900687766,
                    "z": 0.6299574881336382
                },
                "rotation": {
                    "x": -0.4907260726082454,
                    "y": -0.502162244683967,
                    "z": 0.5050145077638575,
                    "w": 0.5019774383619998
                }
            }
        }
    ]
}