{
    "transforms": [
        {
            "header": {
                "seq": 0,
                "stamp": {
                    "secs": 1687318001,
                    "nsecs": 735579978
                },
                "frame_id": "ra_base"
            },
            "child_frame_id": "ra_tool0_controller",
            "transform": {
                "translation": {
                    "x": -0.6760707679209839,
                    "y": -0.09154287517942303,
                    "z": 0.6376244731483112
                },
                "rotation": {
                    "x": -0.502820320658042,
                    "y": -0.5053268655094011,
                    "z": 0.4962414083400607,
                    "w": 0.4955410666901995
                }
            }
        }
    ]
}