{
    "transforms": [
        {
            "header": {
                "seq": 0,
                "stamp": {
                    "secs": 1687318020,
                    "nsecs": 13814816
                },
                "frame_id": "polhemus_base_0"
            },
            "child_frame_id": "polhemus_station_0",
            "transform": {
                "translation": {
                    "x": 0.045541588217020035,
                    "y": -0.07035287469625473,
                    "z": 0.14141647517681122
                },
                "rotation": {
                    "x": -0.24401746690273285,
                    "y": -0.5855366587638855,
                    "z": -0.14818549156188965,
                    "w": 0.7587116956710815
                }
            }
        },
        {
            "header": {
                "seq": 0,
                "stamp": {
                    "secs": 1687318020,
                    "nsecs": 13814816
                },
                "frame_id": "polhemus_base_0"
            },
            "child_frame_id": "polhemus_station_1",
            "transform": {
                "translation": {
                    "x": 0.13559584319591522,
                    "y": -0.024041656404733658,
                    "z": 0.0507982037961483
                },
                "rotation": {
                    "x": 0.08820031583309174,
                    "y": -0.2856746315956116,
                    "z": 0.10294350236654282,
                    "w": 0.9486902952194214
                }
            }
        },
        {
            "header": {
                "seq": 0,
                "stamp": {
                    "secs": 1687318020,
                    "nsecs": 13814816
                },
                "frame_id": "polhemus_base_0"
            },
            "child_frame_id": "polhemus_station_2",
            "transform": {
                "translation": {
                    "x": 0.1440584808588028,
                    "y": -0.013331903144717216,
                    "z": 0.06147429719567299
                },
                "rotation": {
                    "x": 0.030470872297883034,
                    "y": -0.413038432598114,
                    "z": -0.13922013342380524,
                    "w": 0.8994935154914856
                }
            }
        },
        {
            "header": {
                "seq": 0,
                "stamp": {
                    "secs": 1687318020,
                    "nsecs": 13814816
                },
                "frame_id": "polhemus_base_0"
            },
            "child_frame_id": "polhemus_station_3",
            "transform": {
                "translation": {
                    "x": 0.12330594658851624,
                    "y": 0.04448473080992699,
                    "z": 0.04046451672911644
                },
                "rotation": {
                    "x": -0.22071465849876404,
                    "y": -0.3457978069782257,
                    "z": -0.09637545794248581,
                    "w": 0.9068739414215088
                }
            }
        },
        {
            "header": {
                "seq": 0,
                "stamp": {
                    "secs": 1687318020,
                    "nsecs": 13814816
                },
                "frame_id": "polhemus_base_0"
            },
            "child_frame_id": "polhemus_station_4",
            "transform": {
                "translation": {
                    "x": 0.1381325125694275,
                    "y": 0.06148149445652962,
                    "z": 0.045493848621845245
                },
                "rotation": {
                    "x": 0.419496089220047,
                    "y": 0.24553857743740082,
                    "z": 0.21946169435977936,
                    "w": -0.8459138870239258
                }
            }
        },
        {
            "header": {
                "seq": 0,
                "stamp": {
                    "secs": 1687318020,
                    "nsecs": 13814816
                },
                "frame_id": "polhemus_base_0"
            },
            "child_frame_id": "polhemus_station_5",
            "transform": {
                "translation": {
                    "x": 0.18831662833690643,
                    "y": 0.052063483744859695,
                    "z": 0.009387255646288395
                },
                "rotation": {
                    "x": 0.2823020815849304,
                    "y": -0.3055388331413269,
                    "z": 0.08623328804969788,
                    "w": -0.9052708745002747
                }
            }
        }
    ]
}