{
    "transforms": [
        {
            "header": {
                "seq": 0,
                "stamp": {
                    "secs": 1687318013,
                    "nsecs": 177184906
                },
                "frame_id": "ra_base"
            },
            "child_frame_id": "ra_tool0_controller",
            "transform": {
                "translation": {
                    "x": -0.6728223273560902,
                    "y": -0.7294053744156389,
                    "z": 0.6299216098166602
                },
                "rotation": {
                    "x": -0.4907297579132963,
                    "y": -0.5021854038917036,
                    "z": 0.5049972500109517,
                    "w": 0.5019680291590893
                }
            }
        }
    ]
}