{
    "transforms": [
        {
            "header": {
                "seq": 0,
                "stamp": {
                    "secs": 1687318003,
                    "nsecs": 479579978
                },
                "frame_id": "ra_base"
            },
            "child_frame_id": "ra_tool0_controller",
            "transform": {
                "translation": {
                    "x": -0.6760634719418146,
                    "y": -0.09155811611100369,
                    "z": 0.6376099774158097
                },
                "rotation": {
                    "x": -0.5028115248516005,
                    "y": -0.5053474035265898,
                    "z": 0.4962381398584327,
                    "w": 0.49553232061610775
                }
            }
        }
    ]
}