{
    "transforms": [
        {
            "header": {
                "seq": 0,
                "stamp": {
                    "secs": 1687318026,
                    "nsecs": 721184906
                },
                "frame_id": "ra_base"
            },
            "child_frame_id": "ra_tool0_controller",
            "transform": {
                "translation": {
                    "x": -0.6728421766864937,
                    "y": -0.729384210503826,
                    "z": 0.6299741194238617
                },
                "rotation": {
                    "x": -0.4907350615845974,
                    "y": -0.5021418078767204,
                    "z": 0.5050331549708409,
                    "w": 0.5019703342768964
                }
            }
        }
    ]
}