{
    "transforms": [
        {
            "header": {
                "seq": 0,
                "stamp": {
                    "secs": 1687318002,
                    "nsecs": 835814148
                },
                "frame_id": "polhemus_base_0"
            },
            "child_frame_id": "rh_user_forearm",
            "transform": {
                "translation": {
                    "x": -0.188377246260643,
                    "y": 0.05331789702177048,
                    "z": 0.009619677439332008
                },
                "rotation": {
                    "x": -0.27641544584492167,
                    "y": -0.3058796617789163,
                    "z": 0.07886640966758769,
                    "w": 0.9076410211281293
                }
            }
        }
    ]
}