{
    "transforms": [
        {
            "header": {
                "seq": 0,
                "stamp": {
                    "secs": 1687318025,
                    "nsecs": 737184906
                },
                "frame_id": "ra_base"
            },
            "child_frame_id": "ra_tool0_controller",
            "transform": {
                "translation": {
                    "x": -0.672837425773964,
                    "y": -0.7293873727104121,
                    "z": 0.629928457998083
                },
                "rotation": {
                    "x": -0.4907519490412483,
                    "y": -0.5021586661933265,
                    "z": 0.505012503042639,
                    "w": 0.501957737513592
                }
            }
        }
    ]
}