{
    "transforms": [
        {
            "header": {
                "seq": 0,
                "stamp": {
                    "secs": 1687318017,
                    "nsecs": 979184906
                },
                "frame_id": "ra_base"
            },
            "child_frame_id": "ra_tool0_controller",
            "transform": {
                "translation": {
                    "x": -0.672832196132291,
                    "y": -0.7294002427471482,
                    "z": 0.6299362755608545
                },
                "rotation": {
                    "x": -0.4907342845867527,
                    "y": -0.5021601484315996,
                    "z": 0.5050245899872031,
                    "w": 0.5019613638185108
                }
            }
        }
    ]
}