{
    "transforms": [
        {
            "header": {
                "seq": 0,
                "stamp": {
                    "secs": 1687318017,
                    "nsecs": 597184906
                },
                "frame_id": "ra_base"
            },
            "child_frame_id": "ra_tool0_controller",
            "transform": {
                "translation": {
                    "x": -0.6728337538729783,
                    "y": -0.7293967064962182,
                    "z": 0.6299802921226197
                },
                "rotation": {
                    "x": -0.49072664199936283,
                    "y": -0.5021543604224462,
                    "z": 0.5050263511397938,
                    "w": 0.5019728536436796
                }
            }
        }
    ]
}