{
    "transforms": [
        {
            "header": {
                "seq": 0,
                "stamp": {
                    "secs": 1687318017,
                    "nsecs": 513184906
                },
                "frame_id": "ra_base"
            },
            "child_frame_id": "ra_tool0_controller",
            "transform": {
                "translation": {
                    "x": -0.6728478891285341,
                    "y": -0.7293920695196552,
                    "z": 0.6299414812828862
                },
                "rotation": {
                    "x": -0.4907551919990604,
                    "y": -0.5021428120446237,
                    "z": 0.5050265443631919,
                    "w": 0.501956300215921
                }
            }
        }
    ]
}