{
    "transforms": [
        {
            "header": {
                "seq": 0,
                "stamp": {
                    "secs": 1687318018,
                    "nsecs": 303184906
                },
                "frame_id": "ra_base"
            },
            "child_frame_id": "ra_tool0_controller",
            "transform": {
                "translation": {
                    "x": -0.6728419012207199,
                    "y": -0.7293886229780123,
                    "z": 0.629946380855222
                },
                "rotation": {
                    "x": -0.49073355598041396,
                    "y": -0.5021640021924108,
                    "z": 0.5050130022344984,
                    "w": 0.5019698790873981
                }
            }
        }
    ]
}