{
    "transforms": [
        {
            "header": {
                "seq": 0,
                "stamp": {
                    "secs": 1687318024,
                    "nsecs": 955510488
                },
                "frame_id": "polhemus_base_0"
            },
            "child_frame_id": "polhemus_station_0",
            "transform": {
                "translation": {
                    "x": 0.04528651386499405,
                    "y": -0.0700581893324852,
                    "z": 0.14158886671066284
                },
                "rotation": {
                    "x": -0.24551156163215637,
                    "y": -0.5864255428314209,
                    "z": -0.14797402918338776,
                    "w": 0.7575834393501282
                }
            }
        },
        {
            "header": {
                "seq": 0,
                "stamp": {
                    "secs": 1687318024,
                    "nsecs": 955510488
                },
                "frame_id": "polhemus_base_0"
            },
            "child_frame_id": "polhemus_station_1",
            "transform": {
                "translation": {
                    "x": 0.13558915257453918,
                    "y": -0.023990632966160774,
                    "z": 0.050842106342315674
                },
                "rotation": {
                    "x": 0.08838705718517303,
                    "y": -0.285773366689682,
                    "z": 0.10322211682796478,
                    "w": 0.9486129283905029
                }
            }
        },
        {
            "header": {
                "seq": 0,
                "stamp": {
                    "secs": 1687318024,
                    "nsecs": 955510488
                },
                "frame_id": "polhemus_base_0"
            },
            "child_frame_id": "polhemus_station_2",
            "transform": {
                "translation": {
                    "x": 0.14406701922416687,
                    "y": -0.013250341638922691,
                    "z": 0.06148041784763336
                },
                "rotation": {
                    "x": 0.030301854014396667,
                    "y": -0.4128044843673706,
                    "z": -0.13848558068275452,
                    "w": 0.8997199535369873
                }
            }
        },
        {
            "header": {
                "seq": 0,
                "stamp": {
                    "secs": 1687318024,
                    "nsecs": 955510488
                },
                "frame_id": "polhemus_base_0"
            },
            "child_frame_id": "polhemus_station_3",
            "transform": {
                "translation": {
                    "x": 0.12340500950813293,
                    "y": 0.04451495409011841,
                    "z": 0.04037089645862579
                },
                "rotation": {
                    "x": -0.22213974595069885,
                    "y": -0.3451474905014038,
                    "z": -0.09701709449291229,
                    "w": 0.906705379486084
                }
            }
        },
        {
            "header": {
                "seq": 0,
                "stamp": {
                    "secs": 1687318024,
                    "nsecs": 955510488
                },
                "frame_id": "polhemus_base_0"
            },
            "child_frame_id": "polhemus_station_4",
            "transform": {
                "translation": {
                    "x": 0.1382768750190735,
                    "y": 0.06149442493915558,
                    "z": 0.04536615312099457
                },
                "rotation": {
                    "x": 0.42256253957748413,
                    "y": 0.24554462730884552,
                    "z": 0.22026467323303223,
                    "w": -0.8441753387451172
                }
            }
        },
        {
            "header": {
                "seq": 0,
                "stamp": {
                    "secs": 1687318024,
                    "nsecs": 955510488
                },
                "frame_id": "polhemus_base_0"
            },
            "child_frame_id": "polhemus_station_5",
            "transform": {
                "translation": {
                    "x": 0.18832582235336304,
                    "y": 0.05189499258995056,
                    "z": 0.009238699451088905
                },
                "rotation": {
                    "x": 0.2834382653236389,
                    "y": -0.3059758245944977,
                    "z": 0.08698351681232452,
                    "w": -0.9046962261199951
                }
            }
        }
    ]
}