{
    "transforms": [
        {
            "header": {
                "seq": 0,
                "stamp": {
                    "secs": 1687318000,
                    "nsecs": 413579978
                },
                "frame_id": "ra_base"
            },
            "child_frame_id": "ra_tool0_controller",
            "transform": {
                "translation": {
                    "x": -0.6760855383009667,
                    "y": -0.09152985748677465,
                    "z": 0.6376716859276865
                },
                "rotation": {
                    "x": -0.5027842209924953,
                    "y": -0.5053096310555026,
                    "z": 0.4962562212446459,
                    "w": 0.4955804341976249
                }
            }
        }
    ]
}