{
    "transforms": [
        {
            "header": {
                "seq": 0,
                "stamp": {
                    "secs": 1687318000,
                    "nsecs": 827579978
                },
                "frame_id": "ra_base"
            },
            "child_frame_id": "ra_tool0_controller",
            "transform": {
                "translation": {
                    "x": -0.6760830295017726,
                    "y": -0.09154066498794663,
                    "z": 0.637630560653597
                },
                "rotation": {
                    "x": -0.5028080484492589,
                    "y": -0.5053299225481704,
                    "z": 0.49623683500595994,
                    "w": 0.4955549811830929
                }
            }
        }
    ]
}