{
    "transforms": [
        {
            "header": {
                "seq": 0,
                "stamp": {
                    "secs": 1687318013,
                    "nsecs": 233184906
                },
                "frame_id": "ra_base"
            },
            "child_frame_id": "ra_tool0_controller",
            "transform": {
                "translation": {
                    "x": -0.6728247028084327,
                    "y": -0.7294029174845625,
                    "z": 0.629937952412508
                },
                "rotation": {
                    "x": -0.49073468966505973,
                    "y": -0.5021818624055028,
                    "z": 0.5049991015401207,
                    "w": 0.501964888088748
                }
            }
        }
    ]
}