{
    "transforms": [
        {
            "header": {
                "seq": 0,
                "stamp": {
                    "secs": 1687318012,
                    "nsecs": 263810711
                },
                "frame_id": "polhemus_base_0"
            },
            "child_frame_id": "polhemus_station_0",
            "transform": {
                "translation": {
                    "x": 0.04626486450433731,
                    "y": -0.071102574467659,
                    "z": 0.1410001963376999
                },
                "rotation": {
                    "x": -0.24064438045024872,
                    "y": -0.5825002193450928,
                    "z": -0.14930929243564606,
                    "w": 0.7618992328643799
                }
            }
        },
        {
            "header": {
                "seq": 0,
                "stamp": {
                    "secs": 1687318012,
                    "nsecs": 263810711
                },
                "frame_id": "polhemus_base_0"
            },
            "child_frame_id": "polhemus_station_1",
            "transform": {
                "translation": {
                    "x": 0.13559071719646454,
                    "y": -0.024160737171769142,
                    "z": 0.05073985084891319
                },
                "rotation": {
                    "x": 0.08796937018632889,
                    "y": -0.28582942485809326,
                    "z": 0.10231868177652359,
                    "w": 0.9487325549125671
                }
            }
        },
        {
            "header": {
                "seq": 0,
                "stamp": {
                    "secs": 1687318012,
                    "nsecs": 263810711
                },
                "frame_id": "polhemus_base_0"
            },
            "child_frame_id": "polhemus_station_2",
            "transform": {
                "translation": {
                    "x": 0.1440800428390503,
                    "y": -0.013456831686198711,
                    "z": 0.061406850814819336
                },
                "rotation": {
                    "x": 0.030893150717020035,
                    "y": -0.4130116403102875,
                    "z": -0.14037367701530457,
                    "w": 0.8993121385574341
                }
            }
        },
        {
            "header": {
                "seq": 0,
                "stamp": {
                    "secs": 1687318012,
                    "nsecs": 263810711
                },
                "frame_id": "polhemus_base_0"
            },
            "child_frame_id": "polhemus_station_3",
            "transform": {
                "translation": {
                    "x": 0.12309787422418594,
                    "y": 0.04449232667684555,
                    "z": 0.0407906249165535
                },
                "rotation": {
                    "x": -0.22037599980831146,
                    "y": -0.34752362966537476,
                    "z": -0.09542275220155716,
                    "w": 0.90639728307724
                }
            }
        },
        {
            "header": {
                "seq": 0,
                "stamp": {
                    "secs": 1687318012,
                    "nsecs": 263810711
                },
                "frame_id": "polhemus_base_0"
            },
            "child_frame_id": "polhemus_station_4",
            "transform": {
                "translation": {
                    "x": 0.13783450424671173,
                    "y": 0.0615941621363163,
                    "z": 0.0458848811686039
                },
                "rotation": {
                    "x": 0.4144929051399231,
                    "y": 0.24547956883907318,
                    "z": 0.2188027948141098,
                    "w": -0.8485639095306396
                }
            }
        },
        {
            "header": {
                "seq": 0,
                "stamp": {
                    "secs": 1687318012,
                    "nsecs": 263810711
                },
                "frame_id": "polhemus_base_0"
            },
            "child_frame_id": "polhemus_station_5",
            "transform": {
                "translation": {
                    "x": 0.18833692371845245,
                    "y": 0.05245343595743179,
                    "z": 0.009470255114138126
                },
                "rotation": {
                    "x": 0.27992478013038635,
                    "y": -0.3058176040649414,
                    "z": 0.08364401757717133,
                    "w": -0.9061575531959534
                }
            }
        }
    ]
}