{
    "transforms": [
        {
            "header": {
                "seq": 0,
                "stamp": {
                    "secs": 1687318003,
                    "nsecs": 339579978
                },
                "frame_id": "ra_base"
            },
            "child_frame_id": "ra_tool0_controller",
            "transform": {
                "translation": {
                    "x": -0.6760691977475904,
                    "y": -0.09153520988407694,
                    "z": 0.6376214645854342
                },
                "rotation": {
                    "x": -0.5028263184517958,
                    "y": -0.5053229374182305,
                    "z": 0.496239344891719,
                    "w": 0.49554105276219246
                }
            }
        }
    ]
}