{
    "transforms": [
        {
            "header": {
                "seq": 0,
                "stamp": {
                    "secs": 1687318024,
                    "nsecs": 703184906
                },
                "frame_id": "ra_base"
            },
            "child_frame_id": "ra_tool0_controller",
            "transform": {
                "translation": {
                    "x": -0.6728563553883009,
                    "y": -0.7293766869724627,
                    "z": 0.6299422715012617
                },
                "rotation": {
                    "x": -0.4907355129402495,
                    "y": -0.5021660941216026,
                    "z": 0.5050032062049891,
                    "w": 0.5019757284736039
                }
            }
        }
    ]
}