{
    "transforms": [
        {
            "header": {
                "seq": 0,
                "stamp": {
                    "secs": 1687317999,
                    "nsecs": 10807074
                },
                "frame_id": "polhemus_base_0"
            },
            "child_frame_id": "rh_user_forearm",
            "transform": {
                "translation": {
                    "x": -0.1884399950504303,
                    "y": 0.05361667647957802,
                    "z": 0.009685061872005463
                },
                "rotation": {
                    "x": -0.27578749776405304,
                    "y": -0.3051438012601947,
                    "z": 0.07788964323065452,
                    "w": 0.9081639279925857
                }
            }
        }
    ]
}