{
    "transforms": [
        {
            "header": {
                "seq": 0,
                "stamp": {
                    "secs": 1687318022,
                    "nsecs": 663184906
                },
                "frame_id": "ra_base"
            },
            "child_frame_id": "ra_tool0_controller",
            "transform": {
                "translation": {
                    "x": -0.6728298188176274,
                    "y": -0.7293955824557237,
                    "z": 0.6299408594989132
                },
                "rotation": {
                    "x": -0.4907411200642028,
                    "y": -0.502166561337623,
                    "z": 0.5050066040262818,
                    "w": 0.5019663610664774
                }
            }
        }
    ]
}