{
    "transforms": [
        {
            "header": {
                "seq": 0,
                "stamp": {
                    "secs": 1687318017,
                    "nsecs": 499184906
                },
                "frame_id": "ra_base"
            },
            "child_frame_id": "ra_tool0_controller",
            "transform": {
                "translation": {
                    "x": -0.672835726929109,
                    "y": -0.729385700991395,
                    "z": 0.6299405909498539
                },
                "rotation": {
                    "x": -0.4907414488901756,
                    "y": -0.5021676915790766,
                    "z": 0.5050031308205107,
                    "w": 0.5019684031259286
                }
            }
        }
    ]
}