{
    "transforms": [
        {
            "header": {
                "seq": 0,
                "stamp": {
                    "secs": 1687318023,
                    "nsecs": 895184906
                },
                "frame_id": "ra_base"
            },
            "child_frame_id": "ra_tool0_controller",
            "transform": {
                "translation": {
                    "x": -0.6728566546275584,
                    "y": -0.729378916598621,
                    "z": 0.629932230281705
                },
                "rotation": {
                    "x": -0.49074544421256155,
                    "y": -0.5021650160419899,
                    "z": 0.5049945203659386,
                    "w": 0.5019758361201655
                }
            }
        }
    ]
}