{
    "transforms": [
        {
            "header": {
                "seq": 0,
                "stamp": {
                    "secs": 1687318024,
                    "nsecs": 413818285
                },
                "frame_id": "polhemus_base_0"
            },
            "child_frame_id": "polhemus_station_0",
            "transform": {
                "translation": {
                    "x": 0.04528772830963135,
                    "y": -0.07006143033504486,
                    "z": 0.141584575176239
                },
                "rotation": {
                    "x": -0.24543897807598114,
                    "y": -0.5865241885185242,
                    "z": -0.14789879322052002,
                    "w": 0.7575454115867615
                }
            }
        },
        {
            "header": {
                "seq": 0,
                "stamp": {
                    "secs": 1687318024,
                    "nsecs": 413818285
                },
                "frame_id": "polhemus_base_0"
            },
            "child_frame_id": "polhemus_station_1",
            "transform": {
                "translation": {
                    "x": 0.1355932652950287,
                    "y": -0.02397720329463482,
                    "z": 0.05083078145980835
                },
                "rotation": {
                    "x": 0.08832230418920517,
                    "y": -0.2856747508049011,
                    "z": 0.10327262431383133,
                    "w": 0.9486430883407593
                }
            }
        },
        {
            "header": {
                "seq": 0,
                "stamp": {
                    "secs": 1687318024,
                    "nsecs": 413818285
                },
                "frame_id": "polhemus_base_0"
            },
            "child_frame_id": "polhemus_station_2",
            "transform": {
                "translation": {
                    "x": 0.14405809342861176,
                    "y": -0.013254609890282154,
                    "z": 0.06148219481110573
                },
                "rotation": {
                    "x": 0.030345764011144638,
                    "y": -0.4128838777542114,
                    "z": -0.13852179050445557,
                    "w": 0.899676501750946
                }
            }
        },
        {
            "header": {
                "seq": 0,
                "stamp": {
                    "secs": 1687318024,
                    "nsecs": 413818285
                },
                "frame_id": "polhemus_base_0"
            },
            "child_frame_id": "polhemus_station_3",
            "transform": {
                "translation": {
                    "x": 0.12340085208415985,
                    "y": 0.04450809955596924,
                    "z": 0.040381480008363724
                },
                "rotation": {
                    "x": -0.2221185714006424,
                    "y": -0.34517350792884827,
                    "z": -0.09703917056322098,
                    "w": 0.9066982269287109
                }
            }
        },
        {
            "header": {
                "seq": 0,
                "stamp": {
                    "secs": 1687318024,
                    "nsecs": 413818285
                },
                "frame_id": "polhemus_base_0"
            },
            "child_frame_id": "polhemus_station_4",
            "transform": {
                "translation": {
                    "x": 0.1382584571838379,
                    "y": 0.061510611325502396,
                    "z": 0.04537978023290634
                },
                "rotation": {
                    "x": 0.4223950505256653,
                    "y": 0.2456149160861969,
                    "z": 0.22017717361450195,
                    "w": -0.8442615866661072
                }
            }
        },
        {
            "header": {
                "seq": 0,
                "stamp": {
                    "secs": 1687318024,
                    "nsecs": 413818285
                },
                "frame_id": "polhemus_base_0"
            },
            "child_frame_id": "polhemus_station_5",
            "transform": {
                "translation": {
                    "x": 0.18830999732017517,
                    "y": 0.05193399637937546,
                    "z": 0.009229722432792187
                },
                "rotation": {
                    "x": 0.2836592495441437,
                    "y": -0.3061971068382263,
                    "z": 0.0866156816482544,
                    "w": -0.9045873880386353
                }
            }
        }
    ]
}