{
    "transforms": [
        {
            "header": {
                "seq": 0,
                "stamp": {
                    "secs": 1687318018,
                    "nsecs": 953184906
                },
                "frame_id": "ra_base"
            },
            "child_frame_id": "ra_tool0_controller",
            "transform": {
                "translation": {
                    "x": -0.6728551512905262,
                    "y": -0.7293775983072186,
                    "z": 0.6299459834583067
                },
                "rotation": {
                    "x": -0.4907460173145879,
                    "y": -0.5021443625447146,
                    "z": 0.5050150572526931,
                    "w": 0.5019752758876592
                }
            }
        }
    ]
}