{
    "transforms": [
        {
            "header": {
                "seq": 0,
                "stamp": {
                    "secs": 1687318023,
                    "nsecs": 5534690
                },
                "frame_id": "polhemus_base_0"
            },
            "child_frame_id": "polhemus_station_0",
            "transform": {
                "translation": {
                    "x": 0.04531262442469597,
                    "y": -0.07012791186571121,
                    "z": 0.14153337478637695
                },
                "rotation": {
                    "x": -0.24512745440006256,
                    "y": -0.5863339304924011,
                    "z": -0.14792251586914062,
                    "w": 0.757788896560669
                }
            }
        },
        {
            "header": {
                "seq": 0,
                "stamp": {
                    "secs": 1687318023,
                    "nsecs": 5534690
                },
                "frame_id": "polhemus_base_0"
            },
            "child_frame_id": "polhemus_station_1",
            "transform": {
                "translation": {
                    "x": 0.13558274507522583,
                    "y": -0.02398274838924408,
                    "z": 0.05083680525422096
                },
                "rotation": {
                    "x": 0.0883156955242157,
                    "y": -0.28575271368026733,
                    "z": 0.10330399125814438,
                    "w": 0.9486168026924133
                }
            }
        },
        {
            "header": {
                "seq": 0,
                "stamp": {
                    "secs": 1687318023,
                    "nsecs": 5534690
                },
                "frame_id": "polhemus_base_0"
            },
            "child_frame_id": "polhemus_station_2",
            "transform": {
                "translation": {
                    "x": 0.14404192566871643,
                    "y": -0.013259352184832096,
                    "z": 0.061495598405599594
                },
                "rotation": {
                    "x": 0.030599378049373627,
                    "y": -0.4130345284938812,
                    "z": -0.13851064443588257,
                    "w": 0.8996005654335022
                }
            }
        },
        {
            "header": {
                "seq": 0,
                "stamp": {
                    "secs": 1687318023,
                    "nsecs": 5534690
                },
                "frame_id": "polhemus_base_0"
            },
            "child_frame_id": "polhemus_station_3",
            "transform": {
                "translation": {
                    "x": 0.12338265031576157,
                    "y": 0.044519148766994476,
                    "z": 0.04040519520640373
                },
                "rotation": {
                    "x": -0.22205312550067902,
                    "y": -0.34535717964172363,
                    "z": -0.09688675403594971,
                    "w": 0.9066606760025024
                }
            }
        },
        {
            "header": {
                "seq": 0,
                "stamp": {
                    "secs": 1687318023,
                    "nsecs": 5534690
                },
                "frame_id": "polhemus_base_0"
            },
            "child_frame_id": "polhemus_station_4",
            "transform": {
                "translation": {
                    "x": 0.13824254274368286,
                    "y": 0.0614885576069355,
                    "z": 0.04541376233100891
                },
                "rotation": {
                    "x": 0.42177993059158325,
                    "y": 0.24550694227218628,
                    "z": 0.22024773061275482,
                    "w": -0.8445821404457092
                }
            }
        },
        {
            "header": {
                "seq": 0,
                "stamp": {
                    "secs": 1687318023,
                    "nsecs": 5534690
                },
                "frame_id": "polhemus_base_0"
            },
            "child_frame_id": "polhemus_station_5",
            "transform": {
                "translation": {
                    "x": 0.18832316994667053,
                    "y": 0.05193762481212616,
                    "z": 0.009224877692759037
                },
                "rotation": {
                    "x": 0.28302112221717834,
                    "y": -0.3062560260295868,
                    "z": 0.0865853875875473,
                    "w": -0.9047702550888062
                }
            }
        }
    ]
}