{
    "transforms": [
        {
            "header": {
                "seq": 0,
                "stamp": {
                    "secs": 1687318011,
                    "nsecs": 65184906
                },
                "frame_id": "ra_base"
            },
            "child_frame_id": "ra_tool0_controller",
            "transform": {
                "translation": {
                    "x": -0.7372215969909954,
                    "y": -0.5820270697042018,
                    "z": 0.6494389813740672
                },
                "rotation": {
                    "x": -0.49172842732038496,
                    "y": -0.5034053692097,
                    "z": 0.5025897571783617,
                    "w": 0.5021849499888081
                }
            }
        }
    ]
}