{
    "transforms": [
        {
            "header": {
                "seq": 0,
                "stamp": {
                    "secs": 1687317999,
                    "nsecs": 347579978
                },
                "frame_id": "ra_base"
            },
            "child_frame_id": "ra_tool0_controller",
            "transform": {
                "translation": {
                    "x": -0.6760736765553598,
                    "y": -0.09153056213784476,
                    "z": 0.6376415748221479
                },
                "rotation": {
                    "x": -0.5028256866031698,
                    "y": -0.5053106144396948,
                    "z": 0.4962423706482112,
                    "w": 0.49555122984417294
                }
            }
        }
    ]
}