{
    "transforms": [
        {
            "header": {
                "seq": 0,
                "stamp": {
                    "secs": 1687318007,
                    "nsecs": 107184906
                },
                "frame_id": "ra_base"
            },
            "child_frame_id": "ra_tool0_controller",
            "transform": {
                "translation": {
                    "x": -0.6760682342839773,
                    "y": -0.0915534436965348,
                    "z": 0.6376287773545946
                },
                "rotation": {
                    "x": -0.5028116292626484,
                    "y": -0.5053242187987991,
                    "z": 0.4962599169633627,
                    "w": 0.4955340494750497
                }
            }
        }
    ]
}