{
    "transforms": [
        {
            "header": {
                "seq": 0,
                "stamp": {
                    "secs": 1687318016,
                    "nsecs": 789184906
                },
                "frame_id": "ra_base"
            },
            "child_frame_id": "ra_tool0_controller",
            "transform": {
                "translation": {
                    "x": -0.6728434224310651,
                    "y": -0.7293880652542434,
                    "z": 0.6299297354755017
                },
                "rotation": {
                    "x": -0.4907368765842304,
                    "y": -0.5021766284249072,
                    "z": 0.5049924374333892,
                    "w": 0.5019746905564373
                }
            }
        }
    ]
}