{
    "transforms": [
        {
            "header": {
                "seq": 0,
                "stamp": {
                    "secs": 1687318026,
                    "nsecs": 203184906
                },
                "frame_id": "ra_base"
            },
            "child_frame_id": "ra_tool0_controller",
            "transform": {
                "translation": {
                    "x": -0.6728569611409113,
                    "y": -0.7293783446555125,
                    "z": 0.6299644455494333
                },
                "rotation": {
                    "x": -0.4907371488663125,
                    "y": -0.5021556601472908,
                    "z": 0.505017677110896,
                    "w": 0.5019700085763252
                }
            }
        }
    ]
}