{
    "transforms": [
        {
            "header": {
                "seq": 0,
                "stamp": {
                    "secs": 1687317998,
                    "nsecs": 527579978
                },
                "frame_id": "ra_base"
            },
            "child_frame_id": "ra_tool0_controller",
            "transform": {
                "translation": {
                    "x": -0.676070710531863,
                    "y": -0.09155081803107751,
                    "z": 0.6376169744371669
                },
                "rotation": {
                    "x": -0.502816771289149,
                    "y": -0.5053228037502205,
                    "z": 0.4962437480709557,
                    "w": 0.49554646706526084
                }
            }
        }
    ]
}