{
    "transforms": [
        {
            "header": {
                "seq": 0,
                "stamp": {
                    "secs": 1687318019,
                    "nsecs": 97163247
                },
                "frame_id": "polhemus_base_0"
            },
            "child_frame_id": "polhemus_station_0",
            "transform": {
                "translation": {
                    "x": 0.045623138546943665,
                    "y": -0.07046283036470413,
                    "z": 0.14137688279151917
                },
                "rotation": {
                    "x": -0.24366945028305054,
                    "y": -0.585116982460022,
                    "z": -0.14869186282157898,
                    "w": 0.7590479850769043
                }
            }
        },
        {
            "header": {
                "seq": 0,
                "stamp": {
                    "secs": 1687318019,
                    "nsecs": 97163247
                },
                "frame_id": "polhemus_base_0"
            },
            "child_frame_id": "polhemus_station_1",
            "transform": {
                "translation": {
                    "x": 0.1355869024991989,
                    "y": -0.024067319929599762,
                    "z": 0.05080784484744072
                },
                "rotation": {
                    "x": 0.08809258043766022,
                    "y": -0.28580546379089355,
                    "z": 0.10275179892778397,
                    "w": 0.9486815929412842
                }
            }
        },
        {
            "header": {
                "seq": 0,
                "stamp": {
                    "secs": 1687318019,
                    "nsecs": 97163247
                },
                "frame_id": "polhemus_base_0"
            },
            "child_frame_id": "polhemus_station_2",
            "transform": {
                "translation": {
                    "x": 0.14407949149608612,
                    "y": -0.01337432861328125,
                    "z": 0.06143737584352493
                },
                "rotation": {
                    "x": 0.030235804617404938,
                    "y": -0.4127999544143677,
                    "z": -0.1396147906780243,
                    "w": 0.8995497822761536
                }
            }
        },
        {
            "header": {
                "seq": 0,
                "stamp": {
                    "secs": 1687318019,
                    "nsecs": 97163247
                },
                "frame_id": "polhemus_base_0"
            },
            "child_frame_id": "polhemus_station_3",
            "transform": {
                "translation": {
                    "x": 0.12328293919563293,
                    "y": 0.04445869103074074,
                    "z": 0.040510278195142746
                },
                "rotation": {
                    "x": -0.22029992938041687,
                    "y": -0.3460049629211426,
                    "z": -0.09629277884960175,
                    "w": 0.9069045782089233
                }
            }
        },
        {
            "header": {
                "seq": 0,
                "stamp": {
                    "secs": 1687318019,
                    "nsecs": 97163247
                },
                "frame_id": "polhemus_base_0"
            },
            "child_frame_id": "polhemus_station_4",
            "transform": {
                "translation": {
                    "x": 0.13809111714363098,
                    "y": 0.06147918850183487,
                    "z": 0.04554080218076706
                },
                "rotation": {
                    "x": 0.41872382164001465,
                    "y": 0.24549484252929688,
                    "z": 0.21958988904953003,
                    "w": -0.8462758660316467
                }
            }
        },
        {
            "header": {
                "seq": 0,
                "stamp": {
                    "secs": 1687318019,
                    "nsecs": 97163247
                },
                "frame_id": "polhemus_base_0"
            },
            "child_frame_id": "polhemus_station_5",
            "transform": {
                "translation": {
                    "x": 0.18832172453403473,
                    "y": 0.052089232951402664,
                    "z": 0.009347024373710155
                },
                "rotation": {
                    "x": 0.28205421566963196,
                    "y": -0.3060300648212433,
                    "z": 0.08581247925758362,
                    "w": -0.9052222371101379
                }
            }
        }
    ]
}