{
    "transforms": [
        {
            "header": {
                "seq": 0,
                "stamp": {
                    "secs": 1687318015,
                    "nsecs": 383184906
                },
                "frame_id": "ra_base"
            },
            "child_frame_id": "ra_tool0_controller",
            "transform": {
                "translation": {
                    "x": -0.67283918929564,
                    "y": -0.7294065426473355,
                    "z": 0.6299417577270031
                },
                "rotation": {
                    "x": -0.4907330044686619,
                    "y": -0.5021541939692333,
                    "z": 0.5050303602468286,
                    "w": 0.5019627665805788
                }
            }
        }
    ]
}