{
    "transforms": [
        {
            "header": {
                "seq": 0,
                "stamp": {
                    "secs": 1687318010,
                    "nsecs": 461184906
                },
                "frame_id": "ra_base"
            },
            "child_frame_id": "ra_tool0_controller",
            "transform": {
                "translation": {
                    "x": -0.7603139827281374,
                    "y": -0.4751378345469724,
                    "z": 0.6578911854187632
                },
                "rotation": {
                    "x": -0.4929676113749042,
                    "y": -0.5043110216558669,
                    "z": 0.5009172527437556,
                    "w": 0.5017322328447573
                }
            }
        }
    ]
}