{
    "transforms": [
        {
            "header": {
                "seq": 0,
                "stamp": {
                    "secs": 1687318009,
                    "nsecs": 771184906
                },
                "frame_id": "ra_base"
            },
            "child_frame_id": "ra_tool0_controller",
            "transform": {
                "translation": {
                    "x": -0.7643903697845114,
                    "y": -0.3576480295810343,
                    "z": 0.6617536589155811
                },
                "rotation": {
                    "x": -0.49492967004873106,
                    "y": -0.5050150357790838,
                    "z": 0.49921599128153077,
                    "w": 0.5007872096922038
                }
            }
        }
    ]
}