{
    "transforms": [
        {
            "header": {
                "seq": 0,
                "stamp": {
                    "secs": 1687318026,
                    "nsecs": 601184906
                },
                "frame_id": "ra_base"
            },
            "child_frame_id": "ra_tool0_controller",
            "transform": {
                "translation": {
                    "x": -0.6728336031085401,
                    "y": -0.7293997774762544,
                    "z": 0.6299684735022345
                },
                "rotation": {
                    "x": -0.4907348904617704,
                    "y": -0.5021450717095507,
                    "z": 0.5050314064834175,
                    "w": 0.5019689957623534
                }
            }
        }
    ]
}