{
    "transforms": [
        {
            "header": {
                "seq": 0,
                "stamp": {
                    "secs": 1687318007,
                    "nsecs": 17184906
                },
                "frame_id": "ra_base"
            },
            "child_frame_id": "ra_tool0_controller",
            "transform": {
                "translation": {
                    "x": -0.67607774594344,
                    "y": -0.09154111073027314,
                    "z": 0.6376482069621578
                },
                "rotation": {
                    "x": -0.5027959057934202,
                    "y": -0.5053196895251401,
                    "z": 0.49625356794145425,
                    "w": 0.4955609799015322
                }
            }
        }
    ]
}