{
    "transforms": [
        {
            "header": {
                "seq": 0,
                "stamp": {
                    "secs": 1687318026,
                    "nsecs": 173184906
                },
                "frame_id": "ra_base"
            },
            "child_frame_id": "ra_tool0_controller",
            "transform": {
                "translation": {
                    "x": -0.672843459268696,
                    "y": -0.729388095720471,
                    "z": 0.6299225264442602
                },
                "rotation": {
                    "x": -0.4907278142094587,
                    "y": -0.5021872807706882,
                    "z": 0.5049816194653012,
                    "w": 0.5019837760282206
                }
            }
        }
    ]
}