{
    "transforms": [
        {
            "header": {
                "seq": 0,
                "stamp": {
                    "secs": 1687318023,
                    "nsecs": 981184906
                },
                "frame_id": "ra_base"
            },
            "child_frame_id": "ra_tool0_controller",
            "transform": {
                "translation": {
                    "x": -0.6728413254192068,
                    "y": -0.7293810226350633,
                    "z": 0.6299434189806531
                },
                "rotation": {
                    "x": -0.49074221766534587,
                    "y": -0.5021641718275655,
                    "z": 0.5050012287052934,
                    "w": 0.5019730862703474
                }
            }
        }
    ]
}