{
    "transforms": [
        {
            "header": {
                "seq": 0,
                "stamp": {
                    "secs": 1687318001,
                    "nsecs": 941579978
                },
                "frame_id": "ra_base"
            },
            "child_frame_id": "ra_tool0_controller",
            "transform": {
                "translation": {
                    "x": -0.6760618729536633,
                    "y": -0.09155755862091378,
                    "z": 0.6376336725851091
                },
                "rotation": {
                    "x": -0.5027959716745374,
                    "y": -0.5053360591547946,
                    "z": 0.496246221240012,
                    "w": 0.4955515776291796
                }
            }
        }
    ]
}