{
    "transforms": [
        {
            "header": {
                "seq": 0,
                "stamp": {
                    "secs": 1687318001,
                    "nsecs": 330449571
                },
                "frame_id": "polhemus_base_0"
            },
            "child_frame_id": "polhemus_station_0",
            "transform": {
                "translation": {
                    "x": 0.04721338301897049,
                    "y": -0.07197103649377823,
                    "z": 0.14041931927204132
                },
                "rotation": {
                    "x": -0.23513509333133698,
                    "y": -0.5790400505065918,
                    "z": -0.14939455687999725,
                    "w": 0.7662280201911926
                }
            }
        },
        {
            "header": {
                "seq": 0,
                "stamp": {
                    "secs": 1687318001,
                    "nsecs": 330449571
                },
                "frame_id": "polhemus_base_0"
            },
            "child_frame_id": "polhemus_station_1",
            "transform": {
                "translation": {
                    "x": 0.13543033599853516,
                    "y": -0.023893078789114952,
                    "z": 0.05094309151172638
                },
                "rotation": {
                    "x": 0.086155965924263,
                    "y": -0.28714072704315186,
                    "z": 0.1033254936337471,
                    "w": 0.9483938813209534
                }
            }
        },
        {
            "header": {
                "seq": 0,
                "stamp": {
                    "secs": 1687318001,
                    "nsecs": 330449571
                },
                "frame_id": "polhemus_base_0"
            },
            "child_frame_id": "polhemus_station_2",
            "transform": {
                "translation": {
                    "x": 0.14389735460281372,
                    "y": -0.013119434006512165,
                    "z": 0.06156003102660179
                },
                "rotation": {
                    "x": 0.029900718480348587,
                    "y": -0.41439831256866455,
                    "z": -0.1392289698123932,
                    "w": 0.8988854885101318
                }
            }
        },
        {
            "header": {
                "seq": 0,
                "stamp": {
                    "secs": 1687318001,
                    "nsecs": 330449571
                },
                "frame_id": "polhemus_base_0"
            },
            "child_frame_id": "polhemus_station_3",
            "transform": {
                "translation": {
                    "x": 0.12258242815732956,
                    "y": 0.04499247297644615,
                    "z": 0.041981443762779236
                },
                "rotation": {
                    "x": -0.22265644371509552,
                    "y": -0.3528154790401459,
                    "z": -0.0939752534031868,
                    "w": 0.9039434194564819
                }
            }
        },
        {
            "header": {
                "seq": 0,
                "stamp": {
                    "secs": 1687318001,
                    "nsecs": 330449571
                },
                "frame_id": "polhemus_base_0"
            },
            "child_frame_id": "polhemus_station_4",
            "transform": {
                "translation": {
                    "x": 0.1367090493440628,
                    "y": 0.06254430115222931,
                    "z": 0.04696951434016228
                },
                "rotation": {
                    "x": 0.4034629166126251,
                    "y": 0.25084400177001953,
                    "z": 0.21220020949840546,
                    "w": -0.8539707064628601
                }
            }
        },
        {
            "header": {
                "seq": 0,
                "stamp": {
                    "secs": 1687318001,
                    "nsecs": 330449571
                },
                "frame_id": "polhemus_base_0"
            },
            "child_frame_id": "polhemus_station_5",
            "transform": {
                "translation": {
                    "x": 0.18840676546096802,
                    "y": 0.05360540375113487,
                    "z": 0.009590089321136475
                },
                "rotation": {
                    "x": 0.2763359248638153,
                    "y": -0.3054860234260559,
                    "z": 0.0778961032629013,
                    "w": -0.9078815579414368
                }
            }
        }
    ]
}