{
    "transforms": [
        {
            "header": {
                "seq": 0,
                "stamp": {
                    "secs": 1687318000,
                    "nsecs": 699579978
                },
                "frame_id": "ra_base"
            },
            "child_frame_id": "ra_tool0_controller",
            "transform": {
                "translation": {
                    "x": -0.676077286201192,
                    "y": -0.09154683460490663,
                    "z": 0.6376472757709203
                },
                "rotation": {
                    "x": -0.5028040352500924,
                    "y": -0.5053073741143201,
                    "z": 0.49625420559691863,
                    "w": 0.4955646509077151
                }
            }
        }
    ]
}