{
    "transforms": [
        {
            "header": {
                "seq": 0,
                "stamp": {
                    "secs": 1687318026,
                    "nsecs": 685184906
                },
                "frame_id": "ra_base"
            },
            "child_frame_id": "ra_tool0_controller",
            "transform": {
                "translation": {
                    "x": -0.672846270379551,
                    "y": -0.7293855620236569,
                    "z": 0.6299530860784047
                },
                "rotation": {
                    "x": -0.49074287862039107,
                    "y": -0.5021460812900166,
                    "z": 0.5050193668549585,
                    "w": 0.5019722893047673
                }
            }
        }
    ]
}