{
    "transforms": [
        {
            "header": {
                "seq": 0,
                "stamp": {
                    "secs": 1687318021,
                    "nsecs": 811184906
                },
                "frame_id": "ra_base"
            },
            "child_frame_id": "ra_tool0_controller",
            "transform": {
                "translation": {
                    "x": -0.6728440795658448,
                    "y": -0.7293905849726571,
                    "z": 0.6299700405351072
                },
                "rotation": {
                    "x": -0.4907344647277736,
                    "y": -0.5021480257805305,
                    "z": 0.5050288370729409,
                    "w": 0.5019690419316853
                }
            }
        }
    ]
}