{
    "transforms": [
        {
            "header": {
                "seq": 0,
                "stamp": {
                    "secs": 1687318000,
                    "nsecs": 835826449
                },
                "frame_id": "polhemus_base_0"
            },
            "child_frame_id": "rh_user_forearm",
            "transform": {
                "translation": {
                    "x": -0.1884160339832306,
                    "y": 0.053625449538230896,
                    "z": 0.00959970522671938
                },
                "rotation": {
                    "x": -0.276201882726379,
                    "y": -0.305645743708762,
                    "z": 0.07761712617030322,
                    "w": 0.907892494217341
                }
            }
        }
    ]
}