{
    "transforms": [
        {
            "header": {
                "seq": 0,
                "stamp": {
                    "secs": 1687318023,
                    "nsecs": 121184906
                },
                "frame_id": "ra_base"
            },
            "child_frame_id": "ra_tool0_controller",
            "transform": {
                "translation": {
                    "x": -0.6728611948342105,
                    "y": -0.7293848996689659,
                    "z": 0.6299577796005984
                },
                "rotation": {
                    "x": -0.49074125107114214,
                    "y": -0.502138806504149,
                    "z": 0.5050285438597982,
                    "w": 0.5019719248987647
                }
            }
        }
    ]
}