{
    "transforms": [
        {
            "header": {
                "seq": 0,
                "stamp": {
                    "secs": 1687318009,
                    "nsecs": 622121573
                },
                "frame_id": "polhemus_base_0"
            },
            "child_frame_id": "polhemus_station_0",
            "transform": {
                "translation": {
                    "x": 0.04662090912461281,
                    "y": -0.07128750532865524,
                    "z": 0.14085470139980316
                },
                "rotation": {
                    "x": -0.23950541019439697,
                    "y": -0.5812386274337769,
                    "z": -0.14913353323936462,
                    "w": 0.7632548213005066
                }
            }
        },
        {
            "header": {
                "seq": 0,
                "stamp": {
                    "secs": 1687318009,
                    "nsecs": 622121573
                },
                "frame_id": "polhemus_base_0"
            },
            "child_frame_id": "polhemus_station_1",
            "transform": {
                "translation": {
                    "x": 0.13558921217918396,
                    "y": -0.024164848029613495,
                    "z": 0.050756264477968216
                },
                "rotation": {
                    "x": 0.08776231110095978,
                    "y": -0.2860081195831299,
                    "z": 0.10219137370586395,
                    "w": 0.9487116932868958
                }
            }
        },
        {
            "header": {
                "seq": 0,
                "stamp": {
                    "secs": 1687318009,
                    "nsecs": 622121573
                },
                "frame_id": "polhemus_base_0"
            },
            "child_frame_id": "polhemus_station_2",
            "transform": {
                "translation": {
                    "x": 0.14409899711608887,
                    "y": -0.013472905382514,
                    "z": 0.06140502169728279
                },
                "rotation": {
                    "x": 0.03125854954123497,
                    "y": -0.4129541218280792,
                    "z": -0.1407214105129242,
                    "w": 0.8992716073989868
                }
            }
        },
        {
            "header": {
                "seq": 0,
                "stamp": {
                    "secs": 1687318009,
                    "nsecs": 622121573
                },
                "frame_id": "polhemus_base_0"
            },
            "child_frame_id": "polhemus_station_3",
            "transform": {
                "translation": {
                    "x": 0.1230025440454483,
                    "y": 0.044502560049295425,
                    "z": 0.040955424308776855
                },
                "rotation": {
                    "x": -0.22085632383823395,
                    "y": -0.348426878452301,
                    "z": -0.09504969418048859,
                    "w": 0.9059726595878601
                }
            }
        },
        {
            "header": {
                "seq": 0,
                "stamp": {
                    "secs": 1687318009,
                    "nsecs": 622121573
                },
                "frame_id": "polhemus_base_0"
            },
            "child_frame_id": "polhemus_station_4",
            "transform": {
                "translation": {
                    "x": 0.13771988451480865,
                    "y": 0.06162920966744423,
                    "z": 0.04604867473244667
                },
                "rotation": {
                    "x": 0.4119093716144562,
                    "y": 0.2451566606760025,
                    "z": 0.21860644221305847,
                    "w": -0.8499647378921509
                }
            }
        },
        {
            "header": {
                "seq": 0,
                "stamp": {
                    "secs": 1687318009,
                    "nsecs": 622121573
                },
                "frame_id": "polhemus_base_0"
            },
            "child_frame_id": "polhemus_station_5",
            "transform": {
                "translation": {
                    "x": 0.18834540247917175,
                    "y": 0.052645500749349594,
                    "z": 0.009451145306229591
                },
                "rotation": {
                    "x": 0.2790578305721283,
                    "y": -0.30635547637939453,
                    "z": 0.0824396014213562,
                    "w": -0.9063535332679749
                }
            }
        }
    ]
}