{
    "transforms": [
        {
            "header": {
                "seq": 0,
                "stamp": {
                    "secs": 1687318013,
                    "nsecs": 775184906
                },
                "frame_id": "ra_base"
            },
            "child_frame_id": "ra_tool0_controller",
            "transform": {
                "translation": {
                    "x": -0.6728474276802209,
                    "y": -0.7293871546901278,
                    "z": 0.6299460672487005
                },
                "rotation": {
                    "x": -0.4907427987780573,
                    "y": -0.5021603334803391,
                    "z": 0.5050070475895944,
                    "w": 0.5019705039255146
                }
            }
        }
    ]
}