{
    "transforms": [
        {
            "header": {
                "seq": 0,
                "stamp": {
                    "secs": 1687318021,
                    "nsecs": 349184906
                },
                "frame_id": "ra_base"
            },
            "child_frame_id": "ra_tool0_controller",
            "transform": {
                "translation": {
                    "x": -0.6728457142525062,
                    "y": -0.7293873007817989,
                    "z": 0.6299571681565045
                },
                "rotation": {
                    "x": -0.49073878614815025,
                    "y": -0.5021511673590795,
                    "z": 0.5050240815134975,
                    "w": 0.501966459020124
                }
            }
        }
    ]
}