{
    "transforms": [
        {
            "header": {
                "seq": 0,
                "stamp": {
                    "secs": 1687318010,
                    "nsecs": 615184906
                },
                "frame_id": "ra_base"
            },
            "child_frame_id": "ra_tool0_controller",
            "transform": {
                "translation": {
                    "x": -0.7562309839676811,
                    "y": -0.5021352589332303,
                    "z": 0.6563234198580965
                },
                "rotation": {
                    "x": -0.4926058426725406,
                    "y": -0.5039945884847113,
                    "z": 0.5013960943991375,
                    "w": 0.5019271810375424
                }
            }
        }
    ]
}