{
    "transforms": [
        {
            "header": {
                "seq": 0,
                "stamp": {
                    "secs": 1687318022,
                    "nsecs": 444139032
                },
                "frame_id": "polhemus_base_0"
            },
            "child_frame_id": "rh_user_forearm",
            "transform": {
                "translation": {
                    "x": -0.18831534683704376,
                    "y": 0.0519891083240509,
                    "z": 0.009268091060221195
                },
                "rotation": {
                    "x": -0.2830540097005341,
                    "y": -0.30612652192347367,
                    "z": 0.08633730288928809,
                    "w": 0.9048275251655921
                }
            }
        }
    ]
}