{
    "transforms": [
        {
            "header": {
                "seq": 0,
                "stamp": {
                    "secs": 1687318019,
                    "nsecs": 761184906
                },
                "frame_id": "ra_base"
            },
            "child_frame_id": "ra_tool0_controller",
            "transform": {
                "translation": {
                    "x": -0.6728427702007282,
                    "y": -0.7293828368850465,
                    "z": 0.6299402697491705
                },
                "rotation": {
                    "x": -0.490743012214205,
                    "y": -0.5021633578784587,
                    "z": 0.5050040154061523,
                    "w": 0.5019703202290176
                }
            }
        }
    ]
}