{
    "transforms": [
        {
            "header": {
                "seq": 0,
                "stamp": {
                    "secs": 1687318011,
                    "nsecs": 855472035
                },
                "frame_id": "polhemus_base_0"
            },
            "child_frame_id": "polhemus_station_0",
            "transform": {
                "translation": {
                    "x": 0.04629874601960182,
                    "y": -0.07108379155397415,
                    "z": 0.14099349081516266
                },
                "rotation": {
                    "x": -0.2407185435295105,
                    "y": -0.5823909044265747,
                    "z": -0.14917273819446564,
                    "w": 0.7619861364364624
                }
            }
        },
        {
            "header": {
                "seq": 0,
                "stamp": {
                    "secs": 1687318011,
                    "nsecs": 855472035
                },
                "frame_id": "polhemus_base_0"
            },
            "child_frame_id": "polhemus_station_1",
            "transform": {
                "translation": {
                    "x": 0.13559862971305847,
                    "y": -0.024181384593248367,
                    "z": 0.05075143277645111
                },
                "rotation": {
                    "x": 0.08801589906215668,
                    "y": -0.2858603000640869,
                    "z": 0.10215263813734055,
                    "w": 0.9487369656562805
                }
            }
        },
        {
            "header": {
                "seq": 0,
                "stamp": {
                    "secs": 1687318011,
                    "nsecs": 855472035
                },
                "frame_id": "polhemus_base_0"
            },
            "child_frame_id": "polhemus_station_2",
            "transform": {
                "translation": {
                    "x": 0.14410316944122314,
                    "y": -0.013477519154548645,
                    "z": 0.06140737235546112
                },
                "rotation": {
                    "x": 0.03083198331296444,
                    "y": -0.41287121176719666,
                    "z": -0.1404617875814438,
                    "w": 0.8993649482727051
                }
            }
        },
        {
            "header": {
                "seq": 0,
                "stamp": {
                    "secs": 1687318011,
                    "nsecs": 855472035
                },
                "frame_id": "polhemus_base_0"
            },
            "child_frame_id": "polhemus_station_3",
            "transform": {
                "translation": {
                    "x": 0.1230827271938324,
                    "y": 0.04448751360177994,
                    "z": 0.04081665351986885
                },
                "rotation": {
                    "x": -0.2205030918121338,
                    "y": -0.3476256728172302,
                    "z": -0.0954350158572197,
                    "w": 0.9063259363174438
                }
            }
        },
        {
            "header": {
                "seq": 0,
                "stamp": {
                    "secs": 1687318011,
                    "nsecs": 855472035
                },
                "frame_id": "polhemus_base_0"
            },
            "child_frame_id": "polhemus_station_4",
            "transform": {
                "translation": {
                    "x": 0.1378011852502823,
                    "y": 0.061608925461769104,
                    "z": 0.04593745246529579
                },
                "rotation": {
                    "x": 0.4139874279499054,
                    "y": 0.24560928344726562,
                    "z": 0.2187746912240982,
                    "w": -0.8487803339958191
                }
            }
        },
        {
            "header": {
                "seq": 0,
                "stamp": {
                    "secs": 1687318011,
                    "nsecs": 855472035
                },
                "frame_id": "polhemus_base_0"
            },
            "child_frame_id": "polhemus_station_5",
            "transform": {
                "translation": {
                    "x": 0.18834519386291504,
                    "y": 0.052531324326992035,
                    "z": 0.009441787376999855
                },
                "rotation": {
                    "x": 0.27972322702407837,
                    "y": -0.30608707666397095,
                    "z": 0.08308511972427368,
                    "w": -0.9061800837516785
                }
            }
        }
    ]
}