{
    "transforms": [
        {
            "header": {
                "seq": 0,
                "stamp": {
                    "secs": 1687318015,
                    "nsecs": 410806724
                },
                "frame_id": "polhemus_base_0"
            },
            "child_frame_id": "rh_user_forearm",
            "transform": {
                "translation": {
                    "x": -0.1883314847946167,
                    "y": 0.05226180702447891,
                    "z": 0.009396794252097607
                },
                "rotation": {
                    "x": -0.28102228224437364,
                    "y": -0.3059463520461275,
                    "z": 0.08484558815155188,
                    "w": 0.9056624827843139
                }
            }
        }
    ]
}