{
    "transforms": [
        {
            "header": {
                "seq": 0,
                "stamp": {
                    "secs": 1687318023,
                    "nsecs": 447199345
                },
                "frame_id": "polhemus_base_0"
            },
            "child_frame_id": "polhemus_station_0",
            "transform": {
                "translation": {
                    "x": 0.04530438780784607,
                    "y": -0.07012727856636047,
                    "z": 0.14154274761676788
                },
                "rotation": {
                    "x": -0.2451588213443756,
                    "y": -0.586408793926239,
                    "z": -0.14806537330150604,
                    "w": 0.7576929330825806
                }
            }
        },
        {
            "header": {
                "seq": 0,
                "stamp": {
                    "secs": 1687318023,
                    "nsecs": 447199345
                },
                "frame_id": "polhemus_base_0"
            },
            "child_frame_id": "polhemus_station_1",
            "transform": {
                "translation": {
                    "x": 0.13558876514434814,
                    "y": -0.023983778432011604,
                    "z": 0.050828441977500916
                },
                "rotation": {
                    "x": 0.08836134523153305,
                    "y": -0.285706102848053,
                    "z": 0.10323640704154968,
                    "w": 0.9486340284347534
                }
            }
        },
        {
            "header": {
                "seq": 0,
                "stamp": {
                    "secs": 1687318023,
                    "nsecs": 447199345
                },
                "frame_id": "polhemus_base_0"
            },
            "child_frame_id": "polhemus_station_2",
            "transform": {
                "translation": {
                    "x": 0.14404575526714325,
                    "y": -0.013247348368167877,
                    "z": 0.06149774044752121
                },
                "rotation": {
                    "x": 0.03045019879937172,
                    "y": -0.41302141547203064,
                    "z": -0.13846296072006226,
                    "w": 0.899618923664093
                }
            }
        },
        {
            "header": {
                "seq": 0,
                "stamp": {
                    "secs": 1687318023,
                    "nsecs": 447199345
                },
                "frame_id": "polhemus_base_0"
            },
            "child_frame_id": "polhemus_station_3",
            "transform": {
                "translation": {
                    "x": 0.12338332086801529,
                    "y": 0.04451148957014084,
                    "z": 0.04040743038058281
                },
                "rotation": {
                    "x": -0.2219865322113037,
                    "y": -0.34533727169036865,
                    "z": -0.09699071198701859,
                    "w": 0.9066733717918396
                }
            }
        },
        {
            "header": {
                "seq": 0,
                "stamp": {
                    "secs": 1687318023,
                    "nsecs": 447199345
                },
                "frame_id": "polhemus_base_0"
            },
            "child_frame_id": "polhemus_station_4",
            "transform": {
                "translation": {
                    "x": 0.13825127482414246,
                    "y": 0.06149403005838394,
                    "z": 0.04539955034852028
                },
                "rotation": {
                    "x": 0.4219735562801361,
                    "y": 0.24541911482810974,
                    "z": 0.22019827365875244,
                    "w": -0.8445238471031189
                }
            }
        },
        {
            "header": {
                "seq": 0,
                "stamp": {
                    "secs": 1687318023,
                    "nsecs": 447199345
                },
                "frame_id": "polhemus_base_0"
            },
            "child_frame_id": "polhemus_station_5",
            "transform": {
                "translation": {
                    "x": 0.18830640614032745,
                    "y": 0.05193660408258438,
                    "z": 0.009224513545632362
                },
                "rotation": {
                    "x": 0.28329774737358093,
                    "y": -0.30628740787506104,
                    "z": 0.08657649159431458,
                    "w": -0.9046739339828491
                }
            }
        }
    ]
}