{
    "transforms": [
        {
            "header": {
                "seq": 0,
                "stamp": {
                    "secs": 1687318018,
                    "nsecs": 497184906
                },
                "frame_id": "ra_base"
            },
            "child_frame_id": "ra_tool0_controller",
            "transform": {
                "translation": {
                    "x": -0.6728471149177621,
                    "y": -0.7293862143640262,
                    "z": 0.6299585358476099
                },
                "rotation": {
                    "x": -0.49074447240000446,
                    "y": -0.5021398546236053,
                    "z": 0.5050254371449436,
                    "w": 0.5019708527832909
                }
            }
        }
    ]
}