{
    "transforms": [
        {
            "header": {
                "seq": 0,
                "stamp": {
                    "secs": 1687318016,
                    "nsecs": 347161839
                },
                "frame_id": "polhemus_base_0"
            },
            "child_frame_id": "polhemus_station_0",
            "transform": {
                "translation": {
                    "x": 0.045960843563079834,
                    "y": -0.07064265757799149,
                    "z": 0.14126046001911163
                },
                "rotation": {
                    "x": -0.24253906309604645,
                    "y": -0.5838184952735901,
                    "z": -0.14852702617645264,
                    "w": 0.76044100522995
                }
            }
        },
        {
            "header": {
                "seq": 0,
                "stamp": {
                    "secs": 1687318016,
                    "nsecs": 347161839
                },
                "frame_id": "polhemus_base_0"
            },
            "child_frame_id": "polhemus_station_1",
            "transform": {
                "translation": {
                    "x": 0.13558675348758698,
                    "y": -0.024067645892500877,
                    "z": 0.050762441009283066
                },
                "rotation": {
                    "x": 0.08814936131238937,
                    "y": -0.28572964668273926,
                    "z": 0.10283917188644409,
                    "w": 0.9486896395683289
                }
            }
        },
        {
            "header": {
                "seq": 0,
                "stamp": {
                    "secs": 1687318016,
                    "nsecs": 347161839
                },
                "frame_id": "polhemus_base_0"
            },
            "child_frame_id": "polhemus_station_2",
            "transform": {
                "translation": {
                    "x": 0.14406998455524445,
                    "y": -0.013368479907512665,
                    "z": 0.061416786164045334
                },
                "rotation": {
                    "x": 0.030581407248973846,
                    "y": -0.4129166603088379,
                    "z": -0.1396283209323883,
                    "w": 0.8994823098182678
                }
            }
        },
        {
            "header": {
                "seq": 0,
                "stamp": {
                    "secs": 1687318016,
                    "nsecs": 347161839
                },
                "frame_id": "polhemus_base_0"
            },
            "child_frame_id": "polhemus_station_3",
            "transform": {
                "translation": {
                    "x": 0.1232263520359993,
                    "y": 0.044469792395830154,
                    "z": 0.040593404322862625
                },
                "rotation": {
                    "x": -0.22004671394824982,
                    "y": -0.34638863801956177,
                    "z": -0.0960456058382988,
                    "w": 0.9068458080291748
                }
            }
        },
        {
            "header": {
                "seq": 0,
                "stamp": {
                    "secs": 1687318016,
                    "nsecs": 347161839
                },
                "frame_id": "polhemus_base_0"
            },
            "child_frame_id": "polhemus_station_4",
            "transform": {
                "translation": {
                    "x": 0.1380157768726349,
                    "y": 0.061499517410993576,
                    "z": 0.04565880447626114
                },
                "rotation": {
                    "x": 0.41704583168029785,
                    "y": 0.2454647421836853,
                    "z": 0.21939662098884583,
                    "w": -0.8471627831459045
                }
            }
        },
        {
            "header": {
                "seq": 0,
                "stamp": {
                    "secs": 1687318016,
                    "nsecs": 347161839
                },
                "frame_id": "polhemus_base_0"
            },
            "child_frame_id": "polhemus_station_5",
            "transform": {
                "translation": {
                    "x": 0.1883309930562973,
                    "y": 0.052240390330553055,
                    "z": 0.009348087944090366
                },
                "rotation": {
                    "x": 0.28157567977905273,
                    "y": -0.3061356246471405,
                    "z": 0.08482430875301361,
                    "w": -0.9054285883903503
                }
            }
        }
    ]
}