{
    "transforms": [
        {
            "header": {
                "seq": 0,
                "stamp": {
                    "secs": 1687318026,
                    "nsecs": 385184906
                },
                "frame_id": "ra_base"
            },
            "child_frame_id": "ra_tool0_controller",
            "transform": {
                "translation": {
                    "x": -0.6728491069238626,
                    "y": -0.7293931628111628,
                    "z": 0.6299447455527374
                },
                "rotation": {
                    "x": -0.4907412544150644,
                    "y": -0.5021506859104352,
                    "z": 0.5050183213223497,
                    "w": 0.5019703228115828
                }
            }
        }
    ]
}