{
    "transforms": [
        {
            "header": {
                "seq": 0,
                "stamp": {
                    "secs": 1687318003,
                    "nsecs": 145579978
                },
                "frame_id": "ra_base"
            },
            "child_frame_id": "ra_tool0_controller",
            "transform": {
                "translation": {
                    "x": -0.6760712533358786,
                    "y": -0.0915481309699641,
                    "z": 0.6376254241589131
                },
                "rotation": {
                    "x": -0.5028140976849556,
                    "y": -0.5053178834521779,
                    "z": 0.4962453327268942,
                    "w": 0.49555261030434417
                }
            }
        }
    ]
}