{
    "transforms": [
        {
            "header": {
                "seq": 0,
                "stamp": {
                    "secs": 1687318021,
                    "nsecs": 873184906
                },
                "frame_id": "ra_base"
            },
            "child_frame_id": "ra_tool0_controller",
            "transform": {
                "translation": {
                    "x": -0.6728357365896798,
                    "y": -0.729378972581788,
                    "z": 0.6299721241696697
                },
                "rotation": {
                    "x": -0.49074813964547537,
                    "y": -0.5021454236641343,
                    "z": 0.505013960675461,
                    "w": 0.5019732427635524
                }
            }
        }
    ]
}