{
    "transforms": [
        {
            "header": {
                "seq": 0,
                "stamp": {
                    "secs": 1687318010,
                    "nsecs": 361184906
                },
                "frame_id": "ra_base"
            },
            "child_frame_id": "ra_tool0_controller",
            "transform": {
                "translation": {
                    "x": -0.7623520273324677,
                    "y": -0.45765291983838596,
                    "z": 0.6590080602623637
                },
                "rotation": {
                    "x": -0.49321045157138743,
                    "y": -0.504303426635851,
                    "z": 0.5007217109123058,
                    "w": 0.5016963948097897
                }
            }
        }
    ]
}