{
    "transforms": [
        {
            "header": {
                "seq": 0,
                "stamp": {
                    "secs": 1687318000,
                    "nsecs": 887579978
                },
                "frame_id": "ra_base"
            },
            "child_frame_id": "ra_tool0_controller",
            "transform": {
                "translation": {
                    "x": -0.6760646155321612,
                    "y": -0.09156433879373552,
                    "z": 0.6376493909306599
                },
                "rotation": {
                    "x": -0.5028013036241794,
                    "y": -0.5053179816384498,
                    "z": 0.49626592108604894,
                    "w": 0.4955448739269578
                }
            }
        }
    ]
}