{
    "transforms": [
        {
            "header": {
                "seq": 0,
                "stamp": {
                    "secs": 1687318025,
                    "nsecs": 179184906
                },
                "frame_id": "ra_base"
            },
            "child_frame_id": "ra_tool0_controller",
            "transform": {
                "translation": {
                    "x": -0.672841081994835,
                    "y": -0.7293874592860187,
                    "z": 0.6299789055346569
                },
                "rotation": {
                    "x": -0.4907357401593296,
                    "y": -0.5021513061267103,
                    "z": 0.5050236557493933,
                    "w": 0.5019697263969533
                }
            }
        }
    ]
}