{
    "transforms": [
        {
            "header": {
                "seq": 0,
                "stamp": {
                    "secs": 1687318006,
                    "nsecs": 253184906
                },
                "frame_id": "ra_base"
            },
            "child_frame_id": "ra_tool0_controller",
            "transform": {
                "translation": {
                    "x": -0.6760740595445802,
                    "y": -0.09155031156094932,
                    "z": 0.6376460635799195
                },
                "rotation": {
                    "x": -0.5028014671774229,
                    "y": -0.5053234741231195,
                    "z": 0.4962510341004379,
                    "w": 0.49555401548026823
                }
            }
        }
    ]
}