{
    "transforms": [
        {
            "header": {
                "seq": 0,
                "stamp": {
                    "secs": 1687318007,
                    "nsecs": 647175383
                },
                "frame_id": "polhemus_base_0"
            },
            "child_frame_id": "polhemus_station_0",
            "transform": {
                "translation": {
                    "x": 0.046638373285532,
                    "y": -0.07141104340553284,
                    "z": 0.14078275859355927
                },
                "rotation": {
                    "x": -0.2386188507080078,
                    "y": -0.5811854600906372,
                    "z": -0.14906004071235657,
                    "w": 0.7635872960090637
                }
            }
        },
        {
            "header": {
                "seq": 0,
                "stamp": {
                    "secs": 1687318007,
                    "nsecs": 647175383
                },
                "frame_id": "polhemus_base_0"
            },
            "child_frame_id": "polhemus_station_1",
            "transform": {
                "translation": {
                    "x": 0.13557587563991547,
                    "y": -0.024138055741786957,
                    "z": 0.05076127499341965
                },
                "rotation": {
                    "x": 0.0877416804432869,
                    "y": -0.2859673500061035,
                    "z": 0.10236328095197678,
                    "w": 0.9487072825431824
                }
            }
        },
        {
            "header": {
                "seq": 0,
                "stamp": {
                    "secs": 1687318007,
                    "nsecs": 647175383
                },
                "frame_id": "polhemus_base_0"
            },
            "child_frame_id": "polhemus_station_2",
            "transform": {
                "translation": {
                    "x": 0.1440763920545578,
                    "y": -0.013449576683342457,
                    "z": 0.06141161546111107
                },
                "rotation": {
                    "x": 0.031403712928295135,
                    "y": -0.4130600094795227,
                    "z": -0.14066284894943237,
                    "w": 0.8992270827293396
                }
            }
        },
        {
            "header": {
                "seq": 0,
                "stamp": {
                    "secs": 1687318007,
                    "nsecs": 647175383
                },
                "frame_id": "polhemus_base_0"
            },
            "child_frame_id": "polhemus_station_3",
            "transform": {
                "translation": {
                    "x": 0.12294735759496689,
                    "y": 0.04447240009903908,
                    "z": 0.0410926416516304
                },
                "rotation": {
                    "x": -0.22224192321300507,
                    "y": -0.34939658641815186,
                    "z": -0.09601879119873047,
                    "w": 0.9051579236984253
                }
            }
        },
        {
            "header": {
                "seq": 0,
                "stamp": {
                    "secs": 1687318007,
                    "nsecs": 647175383
                },
                "frame_id": "polhemus_base_0"
            },
            "child_frame_id": "polhemus_station_4",
            "transform": {
                "translation": {
                    "x": 0.1375698745250702,
                    "y": 0.061722058802843094,
                    "z": 0.046190399676561356
                },
                "rotation": {
                    "x": 0.41094231605529785,
                    "y": 0.2461554855108261,
                    "z": 0.21808066964149475,
                    "w": -0.8502790927886963
                }
            }
        },
        {
            "header": {
                "seq": 0,
                "stamp": {
                    "secs": 1687318007,
                    "nsecs": 647175383
                },
                "frame_id": "polhemus_base_0"
            },
            "child_frame_id": "polhemus_station_5",
            "transform": {
                "translation": {
                    "x": 0.1883447766304016,
                    "y": 0.05276602879166603,
                    "z": 0.009542487561702728
                },
                "rotation": {
                    "x": 0.27863195538520813,
                    "y": -0.3058764934539795,
                    "z": 0.08204719424247742,
                    "w": -0.9066819548606873
                }
            }
        }
    ]
}