{
    "transforms": [
        {
            "header": {
                "seq": 0,
                "stamp": {
                    "secs": 1687318025,
                    "nsecs": 472138844
                },
                "frame_id": "polhemus_base_0"
            },
            "child_frame_id": "polhemus_station_0",
            "transform": {
                "translation": {
                    "x": 0.04527553170919418,
                    "y": -0.07003756612539291,
                    "z": 0.1416037380695343
                },
                "rotation": {
                    "x": -0.24568212032318115,
                    "y": -0.5864157676696777,
                    "z": -0.14800049364566803,
                    "w": 0.7575306296348572
                }
            }
        },
        {
            "header": {
                "seq": 0,
                "stamp": {
                    "secs": 1687318025,
                    "nsecs": 472138844
                },
                "frame_id": "polhemus_base_0"
            },
            "child_frame_id": "polhemus_station_1",
            "transform": {
                "translation": {
                    "x": 0.13559134304523468,
                    "y": -0.023995624855160713,
                    "z": 0.05083852261304855
                },
                "rotation": {
                    "x": 0.08841414004564285,
                    "y": -0.28568920493125916,
                    "z": 0.10316767543554306,
                    "w": 0.9486416578292847
                }
            }
        },
        {
            "header": {
                "seq": 0,
                "stamp": {
                    "secs": 1687318025,
                    "nsecs": 472138844
                },
                "frame_id": "polhemus_base_0"
            },
            "child_frame_id": "polhemus_station_2",
            "transform": {
                "translation": {
                    "x": 0.14406366646289825,
                    "y": -0.013240332715213299,
                    "z": 0.061492521315813065
                },
                "rotation": {
                    "x": 0.030203387141227722,
                    "y": -0.41285520792007446,
                    "z": -0.13838449120521545,
                    "w": 0.8997155427932739
                }
            }
        },
        {
            "header": {
                "seq": 0,
                "stamp": {
                    "secs": 1687318025,
                    "nsecs": 472138844
                },
                "frame_id": "polhemus_base_0"
            },
            "child_frame_id": "polhemus_station_3",
            "transform": {
                "translation": {
                    "x": 0.12340956926345825,
                    "y": 0.04451318085193634,
                    "z": 0.04036811739206314
                },
                "rotation": {
                    "x": -0.22217385470867157,
                    "y": -0.3451502025127411,
                    "z": -0.09705430269241333,
                    "w": 0.9066920280456543
                }
            }
        },
        {
            "header": {
                "seq": 0,
                "stamp": {
                    "secs": 1687318025,
                    "nsecs": 472138844
                },
                "frame_id": "polhemus_base_0"
            },
            "child_frame_id": "polhemus_station_4",
            "transform": {
                "translation": {
                    "x": 0.1382780224084854,
                    "y": 0.06150176003575325,
                    "z": 0.04536525160074234
                },
                "rotation": {
                    "x": 0.4228215515613556,
                    "y": 0.24566884338855743,
                    "z": 0.22023572027683258,
                    "w": -0.8440171480178833
                }
            }
        },
        {
            "header": {
                "seq": 0,
                "stamp": {
                    "secs": 1687318025,
                    "nsecs": 472138844
                },
                "frame_id": "polhemus_base_0"
            },
            "child_frame_id": "polhemus_station_5",
            "transform": {
                "translation": {
                    "x": 0.188327819108963,
                    "y": 0.051858607679605484,
                    "z": 0.0093030771240592
                },
                "rotation": {
                    "x": 0.283390074968338,
                    "y": -0.30577602982521057,
                    "z": 0.0872882753610611,
                    "w": -0.9047495722770691
                }
            }
        }
    ]
}