{
    "transforms": [
        {
            "header": {
                "seq": 0,
                "stamp": {
                    "secs": 1687318003,
                    "nsecs": 738778642
                },
                "frame_id": "polhemus_base_0"
            },
            "child_frame_id": "polhemus_station_0",
            "transform": {
                "translation": {
                    "x": 0.046781789511442184,
                    "y": -0.07161038368940353,
                    "z": 0.14067372679710388
                },
                "rotation": {
                    "x": -0.23752549290657043,
                    "y": -0.5804682970046997,
                    "z": -0.14926770329475403,
                    "w": 0.7644326686859131
                }
            }
        },
        {
            "header": {
                "seq": 0,
                "stamp": {
                    "secs": 1687318003,
                    "nsecs": 738778642
                },
                "frame_id": "polhemus_base_0"
            },
            "child_frame_id": "polhemus_station_1",
            "transform": {
                "translation": {
                    "x": 0.13555552065372467,
                    "y": -0.0241472776979208,
                    "z": 0.0507902167737484
                },
                "rotation": {
                    "x": 0.08763004094362259,
                    "y": -0.28623148798942566,
                    "z": 0.10230957716703415,
                    "w": 0.9486438035964966
                }
            }
        },
        {
            "header": {
                "seq": 0,
                "stamp": {
                    "secs": 1687318003,
                    "nsecs": 738778642
                },
                "frame_id": "polhemus_base_0"
            },
            "child_frame_id": "polhemus_station_2",
            "transform": {
                "translation": {
                    "x": 0.14404742419719696,
                    "y": -0.013460858725011349,
                    "z": 0.061455994844436646
                },
                "rotation": {
                    "x": 0.03140958771109581,
                    "y": -0.4134082794189453,
                    "z": -0.14065417647361755,
                    "w": 0.8990681767463684
                }
            }
        },
        {
            "header": {
                "seq": 0,
                "stamp": {
                    "secs": 1687318003,
                    "nsecs": 738778642
                },
                "frame_id": "polhemus_base_0"
            },
            "child_frame_id": "polhemus_station_3",
            "transform": {
                "translation": {
                    "x": 0.12286464869976044,
                    "y": 0.0445324145257473,
                    "z": 0.04126076027750969
                },
                "rotation": {
                    "x": -0.22188784182071686,
                    "y": -0.3501853346824646,
                    "z": -0.09559481590986252,
                    "w": 0.9049847722053528
                }
            }
        },
        {
            "header": {
                "seq": 0,
                "stamp": {
                    "secs": 1687318003,
                    "nsecs": 738778642
                },
                "frame_id": "polhemus_base_0"
            },
            "child_frame_id": "polhemus_station_4",
            "transform": {
                "translation": {
                    "x": 0.13746041059494019,
                    "y": 0.06184231862425804,
                    "z": 0.04630977660417557
                },
                "rotation": {
                    "x": 0.40911489725112915,
                    "y": 0.24645164608955383,
                    "z": 0.21675224602222443,
                    "w": -0.8514135479927063
                }
            }
        },
        {
            "header": {
                "seq": 0,
                "stamp": {
                    "secs": 1687318003,
                    "nsecs": 738778642
                },
                "frame_id": "polhemus_base_0"
            },
            "child_frame_id": "polhemus_station_5",
            "transform": {
                "translation": {
                    "x": 0.18836762011051178,
                    "y": 0.052944816648960114,
                    "z": 0.009637021459639072
                },
                "rotation": {
                    "x": 0.27731144428253174,
                    "y": -0.3058006167411804,
                    "z": 0.08084200322628021,
                    "w": -0.9072204232215881
                }
            }
        }
    ]
}