{
    "transforms": [
        {
            "header": {
                "seq": 0,
                "stamp": {
                    "secs": 1687318019,
                    "nsecs": 855479824
                },
                "frame_id": "polhemus_base_0"
            },
            "child_frame_id": "polhemus_station_0",
            "transform": {
                "translation": {
                    "x": 0.045560386031866074,
                    "y": -0.07034546881914139,
                    "z": 0.14141876995563507
                },
                "rotation": {
                    "x": -0.2440027892589569,
                    "y": -0.5855059623718262,
                    "z": -0.14815598726272583,
                    "w": 0.7587457895278931
                }
            }
        },
        {
            "header": {
                "seq": 0,
                "stamp": {
                    "secs": 1687318019,
                    "nsecs": 855479824
                },
                "frame_id": "polhemus_base_0"
            },
            "child_frame_id": "polhemus_station_1",
            "transform": {
                "translation": {
                    "x": 0.1356010138988495,
                    "y": -0.02405129373073578,
                    "z": 0.05079367384314537
                },
                "rotation": {
                    "x": 0.08821234852075577,
                    "y": -0.2856374979019165,
                    "z": 0.10291024297475815,
                    "w": 0.948703944683075
                }
            }
        },
        {
            "header": {
                "seq": 0,
                "stamp": {
                    "secs": 1687318019,
                    "nsecs": 855479824
                },
                "frame_id": "polhemus_base_0"
            },
            "child_frame_id": "polhemus_station_2",
            "transform": {
                "translation": {
                    "x": 0.14406944811344147,
                    "y": -0.013341915793716908,
                    "z": 0.061464231461286545
                },
                "rotation": {
                    "x": 0.030379345640540123,
                    "y": -0.4129115641117096,
                    "z": -0.13931246101856232,
                    "w": 0.8995405435562134
                }
            }
        },
        {
            "header": {
                "seq": 0,
                "stamp": {
                    "secs": 1687318019,
                    "nsecs": 855479824
                },
                "frame_id": "polhemus_base_0"
            },
            "child_frame_id": "polhemus_station_3",
            "transform": {
                "translation": {
                    "x": 0.12330363690853119,
                    "y": 0.04447637498378754,
                    "z": 0.04047926142811775
                },
                "rotation": {
                    "x": -0.2206549048423767,
                    "y": -0.3458309769630432,
                    "z": -0.09638440608978271,
                    "w": 0.9068748950958252
                }
            }
        },
        {
            "header": {
                "seq": 0,
                "stamp": {
                    "secs": 1687318019,
                    "nsecs": 855479824
                },
                "frame_id": "polhemus_base_0"
            },
            "child_frame_id": "polhemus_station_4",
            "transform": {
                "translation": {
                    "x": 0.13813386857509613,
                    "y": 0.06148156523704529,
                    "z": 0.04549163579940796
                },
                "rotation": {
                    "x": 0.41944801807403564,
                    "y": 0.24547499418258667,
                    "z": 0.21943488717079163,
                    "w": -0.845963180065155
                }
            }
        },
        {
            "header": {
                "seq": 0,
                "stamp": {
                    "secs": 1687318019,
                    "nsecs": 855479824
                },
                "frame_id": "polhemus_base_0"
            },
            "child_frame_id": "polhemus_station_5",
            "transform": {
                "translation": {
                    "x": 0.1883232444524765,
                    "y": 0.052061159163713455,
                    "z": 0.009382578544318676
                },
                "rotation": {
                    "x": 0.28229379653930664,
                    "y": -0.30552950501441956,
                    "z": 0.08627481758594513,
                    "w": -0.9052726030349731
                }
            }
        }
    ]
}