{
    "transforms": [
        {
            "header": {
                "seq": 0,
                "stamp": {
                    "secs": 1687318008,
                    "nsecs": 951184906
                },
                "frame_id": "ra_base"
            },
            "child_frame_id": "ra_tool0_controller",
            "transform": {
                "translation": {
                    "x": -0.7419763330924186,
                    "y": -0.23074674847882817,
                    "z": 0.6577296800923679
                },
                "rotation": {
                    "x": -0.49785463255764195,
                    "y": -0.5056037296679323,
                    "z": 0.4975971379894128,
                    "w": 0.4989015149821828
                }
            }
        }
    ]
}