{
    "transforms": [
        {
            "header": {
                "seq": 0,
                "stamp": {
                    "secs": 1687318005,
                    "nsecs": 71184906
                },
                "frame_id": "ra_base"
            },
            "child_frame_id": "ra_tool0_controller",
            "transform": {
                "translation": {
                    "x": -0.6760756412795182,
                    "y": -0.09154277722493291,
                    "z": 0.6376151511892669
                },
                "rotation": {
                    "x": -0.5028258496815359,
                    "y": -0.5053216003727535,
                    "z": 0.49624929431643267,
                    "w": 0.49553292824917633
                }
            }
        }
    ]
}