{
    "transforms": [
        {
            "header": {
                "seq": 0,
                "stamp": {
                    "secs": 1687318003,
                    "nsecs": 280455592
                },
                "frame_id": "polhemus_base_0"
            },
            "child_frame_id": "polhemus_station_0",
            "transform": {
                "translation": {
                    "x": 0.0470527820289135,
                    "y": -0.07180536538362503,
                    "z": 0.1405455321073532
                },
                "rotation": {
                    "x": -0.2372148036956787,
                    "y": -0.579416811466217,
                    "z": -0.1499585658311844,
                    "w": 0.7651913166046143
                }
            }
        },
        {
            "header": {
                "seq": 0,
                "stamp": {
                    "secs": 1687318003,
                    "nsecs": 280455592
                },
                "frame_id": "polhemus_base_0"
            },
            "child_frame_id": "polhemus_station_1",
            "transform": {
                "translation": {
                    "x": 0.1355603039264679,
                    "y": -0.024159809574484825,
                    "z": 0.05080033466219902
                },
                "rotation": {
                    "x": 0.08741199970245361,
                    "y": -0.2864052355289459,
                    "z": 0.10215355455875397,
                    "w": 0.9486282467842102
                }
            }
        },
        {
            "header": {
                "seq": 0,
                "stamp": {
                    "secs": 1687318003,
                    "nsecs": 280455592
                },
                "frame_id": "polhemus_base_0"
            },
            "child_frame_id": "polhemus_station_2",
            "transform": {
                "translation": {
                    "x": 0.14406682550907135,
                    "y": -0.013444402255117893,
                    "z": 0.06145884096622467
                },
                "rotation": {
                    "x": 0.0309599656611681,
                    "y": -0.41329705715179443,
                    "z": -0.1407482773065567,
                    "w": 0.8991200923919678
                }
            }
        },
        {
            "header": {
                "seq": 0,
                "stamp": {
                    "secs": 1687318003,
                    "nsecs": 280455592
                },
                "frame_id": "polhemus_base_0"
            },
            "child_frame_id": "polhemus_station_3",
            "transform": {
                "translation": {
                    "x": 0.12288203090429306,
                    "y": 0.044444575905799866,
                    "z": 0.04144291579723358
                },
                "rotation": {
                    "x": -0.22366493940353394,
                    "y": -0.35055452585220337,
                    "z": -0.09775660932064056,
                    "w": 0.9041730165481567
                }
            }
        },
        {
            "header": {
                "seq": 0,
                "stamp": {
                    "secs": 1687318003,
                    "nsecs": 280455592
                },
                "frame_id": "polhemus_base_0"
            },
            "child_frame_id": "polhemus_station_4",
            "transform": {
                "translation": {
                    "x": 0.13724102079868317,
                    "y": 0.061806585639715195,
                    "z": 0.046498559415340424
                },
                "rotation": {
                    "x": 0.40801313519477844,
                    "y": 0.24793587625026703,
                    "z": 0.2169264853000641,
                    "w": -0.8514668941497803
                }
            }
        },
        {
            "header": {
                "seq": 0,
                "stamp": {
                    "secs": 1687318003,
                    "nsecs": 280455592
                },
                "frame_id": "polhemus_base_0"
            },
            "child_frame_id": "polhemus_station_5",
            "transform": {
                "translation": {
                    "x": 0.18835441768169403,
                    "y": 0.05299600586295128,
                    "z": 0.009632901288568974
                },
                "rotation": {
                    "x": 0.277059942483902,
                    "y": -0.30600038170814514,
                    "z": 0.08027219772338867,
                    "w": -0.9072805047035217
                }
            }
        }
    ]
}