{
    "transforms": [
        {
            "header": {
                "seq": 0,
                "stamp": {
                    "secs": 1687318003,
                    "nsecs": 353579978
                },
                "frame_id": "ra_base"
            },
            "child_frame_id": "ra_tool0_controller",
            "transform": {
                "translation": {
                    "x": -0.6760809442656598,
                    "y": -0.0915406093987059,
                    "z": 0.6376257494744767
                },
                "rotation": {
                    "x": -0.5028081631039613,
                    "y": -0.5053302277726612,
                    "z": 0.496242806789479,
                    "w": 0.49554857352730874
                }
            }
        }
    ]
}