{
    "transforms": [
        {
            "header": {
                "seq": 0,
                "stamp": {
                    "secs": 1687318020,
                    "nsecs": 311184906
                },
                "frame_id": "ra_base"
            },
            "child_frame_id": "ra_tool0_controller",
            "transform": {
                "translation": {
                    "x": -0.6728427964017543,
                    "y": -0.7293870822299956,
                    "z": 0.6299449168975082
                },
                "rotation": {
                    "x": -0.4907441979059579,
                    "y": -0.5021506305668247,
                    "z": 0.5050165512129615,
                    "w": 0.5019692813748116
                }
            }
        }
    ]
}