{
    "transforms": [
        {
            "header": {
                "seq": 0,
                "stamp": {
                    "secs": 1687318014,
                    "nsecs": 341184906
                },
                "frame_id": "ra_base"
            },
            "child_frame_id": "ra_tool0_controller",
            "transform": {
                "translation": {
                    "x": -0.6728500763220113,
                    "y": -0.7293940142309112,
                    "z": 0.629932541933327
                },
                "rotation": {
                    "x": -0.49073626520760516,
                    "y": -0.5021671690783776,
                    "z": 0.5050018193613168,
                    "w": 0.5019753128906432
                }
            }
        }
    ]
}