{
    "transforms": [
        {
            "header": {
                "seq": 0,
                "stamp": {
                    "secs": 1687318002,
                    "nsecs": 749579978
                },
                "frame_id": "ra_base"
            },
            "child_frame_id": "ra_tool0_controller",
            "transform": {
                "translation": {
                    "x": -0.6760863282933425,
                    "y": -0.0915278901410922,
                    "z": 0.6376397930925981
                },
                "rotation": {
                    "x": -0.502817857493369,
                    "y": -0.5053056324595167,
                    "z": 0.4962440455152346,
                    "w": 0.4955625765543033
                }
            }
        }
    ]
}