{
    "transforms": [
        {
            "header": {
                "seq": 0,
                "stamp": {
                    "secs": 1687318005,
                    "nsecs": 697171384
                },
                "frame_id": "polhemus_base_0"
            },
            "child_frame_id": "polhemus_station_0",
            "transform": {
                "translation": {
                    "x": 0.04663733020424843,
                    "y": -0.07152475416660309,
                    "z": 0.1407301425933838
                },
                "rotation": {
                    "x": -0.23807325959205627,
                    "y": -0.5812307596206665,
                    "z": -0.1492462158203125,
                    "w": 0.7636867761611938
                }
            }
        },
        {
            "header": {
                "seq": 0,
                "stamp": {
                    "secs": 1687318005,
                    "nsecs": 697171384
                },
                "frame_id": "polhemus_base_0"
            },
            "child_frame_id": "polhemus_station_1",
            "transform": {
                "translation": {
                    "x": 0.13557256758213043,
                    "y": -0.024135595187544823,
                    "z": 0.05075656250119209
                },
                "rotation": {
                    "x": 0.08764379471540451,
                    "y": -0.2859206795692444,
                    "z": 0.10227854549884796,
                    "w": 0.9487396478652954
                }
            }
        },
        {
            "header": {
                "seq": 0,
                "stamp": {
                    "secs": 1687318005,
                    "nsecs": 697171384
                },
                "frame_id": "polhemus_base_0"
            },
            "child_frame_id": "polhemus_station_2",
            "transform": {
                "translation": {
                    "x": 0.1440688669681549,
                    "y": -0.013428262434899807,
                    "z": 0.06141289323568344
                },
                "rotation": {
                    "x": 0.03157131373882294,
                    "y": -0.4130784571170807,
                    "z": -0.1404956877231598,
                    "w": 0.8992388844490051
                }
            }
        },
        {
            "header": {
                "seq": 0,
                "stamp": {
                    "secs": 1687318005,
                    "nsecs": 697171384
                },
                "frame_id": "polhemus_base_0"
            },
            "child_frame_id": "polhemus_station_3",
            "transform": {
                "translation": {
                    "x": 0.122923344373703,
                    "y": 0.04448716342449188,
                    "z": 0.04113614931702614
                },
                "rotation": {
                    "x": -0.2222674936056137,
                    "y": -0.34953629970550537,
                    "z": -0.09590965509414673,
                    "w": 0.9051091074943542
                }
            }
        },
        {
            "header": {
                "seq": 0,
                "stamp": {
                    "secs": 1687318005,
                    "nsecs": 697171384
                },
                "frame_id": "polhemus_base_0"
            },
            "child_frame_id": "polhemus_station_4",
            "transform": {
                "translation": {
                    "x": 0.13752470910549164,
                    "y": 0.06175491586327553,
                    "z": 0.04625983536243439
                },
                "rotation": {
                    "x": 0.41011843085289,
                    "y": 0.24623987078666687,
                    "z": 0.217729389667511,
                    "w": -0.8507423996925354
                }
            }
        },
        {
            "header": {
                "seq": 0,
                "stamp": {
                    "secs": 1687318005,
                    "nsecs": 697171384
                },
                "frame_id": "polhemus_base_0"
            },
            "child_frame_id": "polhemus_station_5",
            "transform": {
                "translation": {
                    "x": 0.18835684657096863,
                    "y": 0.05279095843434334,
                    "z": 0.00954353902488947
                },
                "rotation": {
                    "x": 0.27760449051856995,
                    "y": -0.30621859431266785,
                    "z": 0.08158379793167114,
                    "w": -0.9069233536720276
                }
            }
        }
    ]
}