{
    "transforms": [
        {
            "header": {
                "seq": 0,
                "stamp": {
                    "secs": 1687318018,
                    "nsecs": 355492524
                },
                "frame_id": "polhemus_base_0"
            },
            "child_frame_id": "polhemus_station_0",
            "transform": {
                "translation": {
                    "x": 0.04595382511615753,
                    "y": -0.07054272294044495,
                    "z": 0.14131954312324524
                },
                "rotation": {
                    "x": -0.24318329989910126,
                    "y": -0.5836841464042664,
                    "z": -0.14856001734733582,
                    "w": 0.7603318691253662
                }
            }
        },
        {
            "header": {
                "seq": 0,
                "stamp": {
                    "secs": 1687318018,
                    "nsecs": 355492524
                },
                "frame_id": "polhemus_base_0"
            },
            "child_frame_id": "polhemus_station_1",
            "transform": {
                "translation": {
                    "x": 0.13559100031852722,
                    "y": -0.024080507457256317,
                    "z": 0.050784267485141754
                },
                "rotation": {
                    "x": 0.08815339207649231,
                    "y": -0.2857741713523865,
                    "z": 0.10270059108734131,
                    "w": 0.9486908912658691
                }
            }
        },
        {
            "header": {
                "seq": 0,
                "stamp": {
                    "secs": 1687318018,
                    "nsecs": 355492524
                },
                "frame_id": "polhemus_base_0"
            },
            "child_frame_id": "polhemus_station_2",
            "transform": {
                "translation": {
                    "x": 0.14408449828624725,
                    "y": -0.013371258042752743,
                    "z": 0.06141921877861023
                },
                "rotation": {
                    "x": 0.030297506600618362,
                    "y": -0.41275206208229065,
                    "z": -0.13955038785934448,
                    "w": 0.899579644203186
                }
            }
        },
        {
            "header": {
                "seq": 0,
                "stamp": {
                    "secs": 1687318018,
                    "nsecs": 355492524
                },
                "frame_id": "polhemus_base_0"
            },
            "child_frame_id": "polhemus_station_3",
            "transform": {
                "translation": {
                    "x": 0.12327300012111664,
                    "y": 0.0444512702524662,
                    "z": 0.0405394472181797
                },
                "rotation": {
                    "x": -0.2201075553894043,
                    "y": -0.3460562825202942,
                    "z": -0.09630639851093292,
                    "w": 0.9069302678108215
                }
            }
        },
        {
            "header": {
                "seq": 0,
                "stamp": {
                    "secs": 1687318018,
                    "nsecs": 355492524
                },
                "frame_id": "polhemus_base_0"
            },
            "child_frame_id": "polhemus_station_4",
            "transform": {
                "translation": {
                    "x": 0.13808581233024597,
                    "y": 0.06146778166294098,
                    "z": 0.04557061940431595
                },
                "rotation": {
                    "x": 0.41830021142959595,
                    "y": 0.24525079131126404,
                    "z": 0.21961082518100739,
                    "w": -0.846550703048706
                }
            }
        },
        {
            "header": {
                "seq": 0,
                "stamp": {
                    "secs": 1687318018,
                    "nsecs": 355492524
                },
                "frame_id": "polhemus_base_0"
            },
            "child_frame_id": "polhemus_station_5",
            "transform": {
                "translation": {
                    "x": 0.18832974135875702,
                    "y": 0.05212501809000969,
                    "z": 0.009351729415357113
                },
                "rotation": {
                    "x": 0.28171640634536743,
                    "y": -0.30598458647727966,
                    "z": 0.08550238609313965,
                    "w": -0.905372142791748
                }
            }
        }
    ]
}