{
    "transforms": [
        {
            "header": {
                "seq": 0,
                "stamp": {
                    "secs": 1687318013,
                    "nsecs": 713184906
                },
                "frame_id": "ra_base"
            },
            "child_frame_id": "ra_tool0_controller",
            "transform": {
                "translation": {
                    "x": -0.6728240969575966,
                    "y": -0.7294101418884513,
                    "z": 0.6299260121099561
                },
                "rotation": {
                    "x": -0.49073115886536833,
                    "y": -0.502180756672493,
                    "z": 0.5050158674245067,
                    "w": 0.5019525784334296
                }
            }
        }
    ]
}