{
    "transforms": [
        {
            "header": {
                "seq": 0,
                "stamp": {
                    "secs": 1687318025,
                    "nsecs": 230484424
                },
                "frame_id": "polhemus_base_0"
            },
            "child_frame_id": "polhemus_station_0",
            "transform": {
                "translation": {
                    "x": 0.04526965692639351,
                    "y": -0.0700543075799942,
                    "z": 0.14160101115703583
                },
                "rotation": {
                    "x": -0.24554750323295593,
                    "y": -0.5864743590354919,
                    "z": -0.14803233742713928,
                    "w": 0.7575225830078125
                }
            }
        },
        {
            "header": {
                "seq": 0,
                "stamp": {
                    "secs": 1687318025,
                    "nsecs": 230484424
                },
                "frame_id": "polhemus_base_0"
            },
            "child_frame_id": "polhemus_station_1",
            "transform": {
                "translation": {
                    "x": 0.13559041917324066,
                    "y": -0.023990971967577934,
                    "z": 0.05083697289228439
                },
                "rotation": {
                    "x": 0.08838871121406555,
                    "y": -0.285694420337677,
                    "z": 0.10320743173360825,
                    "w": 0.9486380815505981
                }
            }
        },
        {
            "header": {
                "seq": 0,
                "stamp": {
                    "secs": 1687318025,
                    "nsecs": 230484424
                },
                "frame_id": "polhemus_base_0"
            },
            "child_frame_id": "polhemus_station_2",
            "transform": {
                "translation": {
                    "x": 0.14406369626522064,
                    "y": -0.01324769202619791,
                    "z": 0.06148661673069
                },
                "rotation": {
                    "x": 0.03024086356163025,
                    "y": -0.41283461451530457,
                    "z": -0.13846567273139954,
                    "w": 0.8997112512588501
                }
            }
        },
        {
            "header": {
                "seq": 0,
                "stamp": {
                    "secs": 1687318025,
                    "nsecs": 230484424
                },
                "frame_id": "polhemus_base_0"
            },
            "child_frame_id": "polhemus_station_3",
            "transform": {
                "translation": {
                    "x": 0.12340769916772842,
                    "y": 0.04450790211558342,
                    "z": 0.04037542641162872
                },
                "rotation": {
                    "x": -0.22210688889026642,
                    "y": -0.3451606035232544,
                    "z": -0.0970766544342041,
                    "w": 0.9067019820213318
                }
            }
        },
        {
            "header": {
                "seq": 0,
                "stamp": {
                    "secs": 1687318025,
                    "nsecs": 230484424
                },
                "frame_id": "polhemus_base_0"
            },
            "child_frame_id": "polhemus_station_4",
            "transform": {
                "translation": {
                    "x": 0.13827402889728546,
                    "y": 0.061500947922468185,
                    "z": 0.045371606945991516
                },
                "rotation": {
                    "x": 0.42274636030197144,
                    "y": 0.24567811191082,
                    "z": 0.22025635838508606,
                    "w": -0.8440466523170471
                }
            }
        },
        {
            "header": {
                "seq": 0,
                "stamp": {
                    "secs": 1687318025,
                    "nsecs": 230484424
                },
                "frame_id": "polhemus_base_0"
            },
            "child_frame_id": "polhemus_station_5",
            "transform": {
                "translation": {
                    "x": 0.18834473192691803,
                    "y": 0.05180230736732483,
                    "z": 0.009326526895165443
                },
                "rotation": {
                    "x": 0.2832534611225128,
                    "y": -0.3057617247104645,
                    "z": 0.08753429353237152,
                    "w": -0.9047734141349792
                }
            }
        }
    ]
}